2025-07-05 14:55:38.260 | INFO     | logger:setup_loguru:66 | 🔧 System logowania skonfigurowany - poziom: INFO
2025-07-05 14:55:38.260 | INFO     | logger:setup_loguru:67 | 📁 Logi zapisywane do: /Users/piotradamczyk/Projects/AdamClay/autogen/logs/autogen.log
2025-07-05 14:55:38.260 | INFO     | __main__:main:358 | 🚀 Uruchamianie skryptu inicjalizacji agentów Adam Clay
2025-07-05 14:55:38.260 | INFO     | __main__:create_initial_agents:300 | 🤖 Rozpoczynanie tworzenia podstawowych agentów...
2025-07-05 14:55:38.260 | INFO     | logging:callHandlers:1762 | 🗄️  Inicjalizacja bazy danych...
2025-07-05 14:55:38.277 | ERROR    | logging:callHandlers:1762 | ❌ Błąd podczas inicjalizacji bazy danych: (pymysql.err.OperationalError) (1045, "Access denied for user 'root'@'localhost' (using password: NO)")
(Background on this error at: https://sqlalche.me/e/20/e3q8)
2025-07-05 14:55:38.277 | ERROR    | __main__:create_initial_agents:353 | ❌ Błąd tworzenia agentów: (pymysql.err.OperationalError) (1045, "Access denied for user 'root'@'localhost' (using password: NO)")
(Background on this error at: https://sqlalche.me/e/20/e3q8)
2025-07-05 14:55:38.277 | ERROR    | __main__:main:376 | ❌ Błąd krytyczny: (pymysql.err.OperationalError) (1045, "Access denied for user 'root'@'localhost' (using password: NO)")
(Background on this error at: https://sqlalche.me/e/20/e3q8)
2025-07-05 15:43:42.945 | INFO     | logger:setup_loguru:66 | 🔧 System logowania skonfigurowany - poziom: INFO
2025-07-05 15:43:42.945 | INFO     | logger:setup_loguru:67 | 📁 Logi zapisywane do: /Users/piotradamczyk/Projects/AdamClay/autogen/logs/autogen.log
2025-07-05 15:43:42.946 | INFO     | __main__:main:358 | 🚀 Uruchamianie skryptu inicjalizacji agentów Adam Clay
2025-07-05 15:43:42.946 | INFO     | __main__:create_initial_agents:300 | 🤖 Rozpoczynanie tworzenia podstawowych agentów...
2025-07-05 15:43:42.946 | INFO     | logging:callHandlers:1762 | 🗄️  Inicjalizacja bazy danych...
2025-07-05 15:43:43.010 | ERROR    | logging:callHandlers:1762 | ❌ Błąd podczas inicjalizacji bazy danych: (pymysql.err.OperationalError) (1045, "Access denied for user 'root'@'localhost' (using password: NO)")
(Background on this error at: https://sqlalche.me/e/20/e3q8)
2025-07-05 15:43:43.010 | ERROR    | __main__:create_initial_agents:353 | ❌ Błąd tworzenia agentów: (pymysql.err.OperationalError) (1045, "Access denied for user 'root'@'localhost' (using password: NO)")
(Background on this error at: https://sqlalche.me/e/20/e3q8)
2025-07-05 15:43:43.010 | ERROR    | __main__:main:376 | ❌ Błąd krytyczny: (pymysql.err.OperationalError) (1045, "Access denied for user 'root'@'localhost' (using password: NO)")
(Background on this error at: https://sqlalche.me/e/20/e3q8)
2025-07-05 15:45:13.203 | INFO     | logger:setup_loguru:66 | 🔧 System logowania skonfigurowany - poziom: INFO
2025-07-05 15:45:13.203 | INFO     | logger:setup_loguru:67 | 📁 Logi zapisywane do: /Users/piotradamczyk/Projects/AdamClay/autogen/logs/autogen.log
2025-07-05 15:45:13.203 | INFO     | __main__:main:358 | 🚀 Uruchamianie skryptu inicjalizacji agentów Adam Clay
2025-07-05 15:45:13.203 | INFO     | __main__:create_initial_agents:300 | 🤖 Rozpoczynanie tworzenia podstawowych agentów...
2025-07-05 15:45:13.203 | INFO     | logging:callHandlers:1762 | 🗄️  Inicjalizacja bazy danych...
2025-07-05 15:45:13.208 | ERROR    | logging:callHandlers:1762 | ❌ Błąd podczas inicjalizacji bazy danych: (pymysql.err.OperationalError) (1045, "Access denied for user 'root'@'localhost' (using password: NO)")
(Background on this error at: https://sqlalche.me/e/20/e3q8)
2025-07-05 15:45:13.208 | ERROR    | __main__:create_initial_agents:353 | ❌ Błąd tworzenia agentów: (pymysql.err.OperationalError) (1045, "Access denied for user 'root'@'localhost' (using password: NO)")
(Background on this error at: https://sqlalche.me/e/20/e3q8)
2025-07-05 15:45:13.208 | ERROR    | __main__:main:376 | ❌ Błąd krytyczny: (pymysql.err.OperationalError) (1045, "Access denied for user 'root'@'localhost' (using password: NO)")
(Background on this error at: https://sqlalche.me/e/20/e3q8)
2025-07-05 15:52:57.527 | INFO     | logger:setup_loguru:66 | 🔧 System logowania skonfigurowany - poziom: INFO
2025-07-05 15:52:57.527 | INFO     | logger:setup_loguru:67 | 📁 Logi zapisywane do: /Users/piotradamczyk/Projects/AdamClay/autogen/logs/autogen.log
2025-07-05 15:52:57.528 | INFO     | __main__:main:358 | 🚀 Uruchamianie skryptu inicjalizacji agentów Adam Clay
2025-07-05 15:52:57.528 | INFO     | __main__:create_initial_agents:300 | 🤖 Rozpoczynanie tworzenia podstawowych agentów...
2025-07-05 15:52:57.528 | INFO     | logging:callHandlers:1762 | 🗄️  Inicjalizacja bazy danych...
2025-07-05 15:52:57.534 | ERROR    | logging:callHandlers:1762 | ❌ Błąd podczas inicjalizacji bazy danych: (pymysql.err.OperationalError) (1045, "Access denied for user 'root'@'localhost' (using password: NO)")
(Background on this error at: https://sqlalche.me/e/20/e3q8)
2025-07-05 15:52:57.534 | ERROR    | __main__:create_initial_agents:353 | ❌ Błąd tworzenia agentów: (pymysql.err.OperationalError) (1045, "Access denied for user 'root'@'localhost' (using password: NO)")
(Background on this error at: https://sqlalche.me/e/20/e3q8)
2025-07-05 15:52:57.534 | ERROR    | __main__:main:376 | ❌ Błąd krytyczny: (pymysql.err.OperationalError) (1045, "Access denied for user 'root'@'localhost' (using password: NO)")
(Background on this error at: https://sqlalche.me/e/20/e3q8)
2025-07-05 21:16:31.113 | INFO     | logger:setup_loguru:66 | 🔧 System logowania skonfigurowany - poziom: INFO
2025-07-05 21:16:31.113 | INFO     | logger:setup_loguru:67 | 📁 Logi zapisywane do: /Users/piotradamczyk/Projects/AdamClay/autogen/logs/autogen.log
2025-07-05 21:16:31.113 | INFO     | __main__:main:358 | 🚀 Uruchamianie skryptu inicjalizacji agentów Adam Clay
2025-07-05 21:16:31.113 | INFO     | __main__:create_initial_agents:300 | 🤖 Rozpoczynanie tworzenia podstawowych agentów...
2025-07-05 21:16:31.114 | INFO     | logging:callHandlers:1762 | 🗄️  Inicjalizacja bazy danych...
2025-07-05 21:16:31.121 | INFO     | logging:callHandlers:1762 | SELECT DATABASE()
2025-07-05 21:16:31.121 | INFO     | logging:callHandlers:1762 | [raw sql] {}
2025-07-05 21:16:31.121 | INFO     | logging:callHandlers:1762 | SELECT @@sql_mode
2025-07-05 21:16:31.121 | INFO     | logging:callHandlers:1762 | [raw sql] {}
2025-07-05 21:16:31.122 | INFO     | logging:callHandlers:1762 | SELECT @@lower_case_table_names
2025-07-05 21:16:31.122 | INFO     | logging:callHandlers:1762 | [raw sql] {}
2025-07-05 21:16:31.122 | INFO     | logging:callHandlers:1762 | ✅ Połączenie z bazą danych nawiązane
2025-07-05 21:16:31.123 | INFO     | logging:callHandlers:1762 | BEGIN (implicit)
2025-07-05 21:16:31.123 | INFO     | logging:callHandlers:1762 | DESCRIBE `adam_clay_autogen`.`subconscious_agents`
2025-07-05 21:16:31.123 | INFO     | logging:callHandlers:1762 | [raw sql] {}
2025-07-05 21:16:31.124 | INFO     | logging:callHandlers:1762 | DESCRIBE `adam_clay_autogen`.`agent_conversations`
2025-07-05 21:16:31.124 | INFO     | logging:callHandlers:1762 | [raw sql] {}
2025-07-05 21:16:31.125 | INFO     | logging:callHandlers:1762 | DESCRIBE `adam_clay_autogen`.`agent_interactions`
2025-07-05 21:16:31.125 | INFO     | logging:callHandlers:1762 | [raw sql] {}
2025-07-05 21:16:31.126 | INFO     | logging:callHandlers:1762 | DESCRIBE `adam_clay_autogen`.`agent_memory`
2025-07-05 21:16:31.126 | INFO     | logging:callHandlers:1762 | [raw sql] {}
2025-07-05 21:16:31.127 | INFO     | logging:callHandlers:1762 | DESCRIBE `adam_clay_autogen`.`system_events`
2025-07-05 21:16:31.127 | INFO     | logging:callHandlers:1762 | [raw sql] {}
2025-07-05 21:16:31.127 | INFO     | logging:callHandlers:1762 | DESCRIBE `adam_clay_autogen`.`agent_statistics`
2025-07-05 21:16:31.127 | INFO     | logging:callHandlers:1762 | [raw sql] {}
2025-07-05 21:16:31.128 | INFO     | logging:callHandlers:1762 | 
CREATE TABLE agent_interactions (
	id INTEGER NOT NULL AUTO_INCREMENT, 
	agent_id INTEGER, 
	target_agent_id INTEGER, 
	interaction_type VARCHAR(100), 
	content JSON, 
	outcome JSON, 
	effectiveness_score FLOAT, 
	harmony_score FLOAT, 
	created_at DATETIME, 
	PRIMARY KEY (id), 
	FOREIGN KEY(agent_id) REFERENCES subconscious_agents (id), 
	FOREIGN KEY(target_agent_id) REFERENCES subconscious_agents (id)
)


2025-07-05 21:16:31.128 | INFO     | logging:callHandlers:1762 | [no key 0.00011s] {}
2025-07-05 21:16:31.145 | INFO     | logging:callHandlers:1762 | CREATE INDEX ix_agent_interactions_id ON agent_interactions (id)
2025-07-05 21:16:31.145 | INFO     | logging:callHandlers:1762 | [no key 0.00020s] {}
2025-07-05 21:16:31.161 | INFO     | logging:callHandlers:1762 | 
CREATE TABLE agent_memory (
	id INTEGER NOT NULL AUTO_INCREMENT, 
	agent_id INTEGER, 
	memory_type VARCHAR(100), 
	content TEXT, 
	agent_metadata JSON, 
	importance_score FLOAT, 
	emotional_weight FLOAT, 
	tags JSON, 
	related_memories JSON, 
	consciousness_link VARCHAR(200), 
	created_at DATETIME, 
	accessed_at DATETIME, 
	access_count INTEGER, 
	PRIMARY KEY (id), 
	FOREIGN KEY(agent_id) REFERENCES subconscious_agents (id)
)


2025-07-05 21:16:31.161 | INFO     | logging:callHandlers:1762 | [no key 0.00022s] {}
2025-07-05 21:16:31.170 | INFO     | logging:callHandlers:1762 | CREATE INDEX ix_agent_memory_id ON agent_memory (id)
2025-07-05 21:16:31.171 | INFO     | logging:callHandlers:1762 | [no key 0.00018s] {}
2025-07-05 21:16:31.178 | INFO     | logging:callHandlers:1762 | 
CREATE TABLE system_events (
	id INTEGER NOT NULL AUTO_INCREMENT, 
	event_type VARCHAR(100), 
	content JSON, 
	source VARCHAR(200), 
	processed_by_agents JSON, 
	responses JSON, 
	status VARCHAR(50), 
	priority INTEGER, 
	created_at DATETIME, 
	processed_at DATETIME, 
	PRIMARY KEY (id)
)


2025-07-05 21:16:31.178 | INFO     | logging:callHandlers:1762 | [no key 0.00013s] {}
2025-07-05 21:16:31.181 | INFO     | logging:callHandlers:1762 | CREATE INDEX ix_system_events_id ON system_events (id)
2025-07-05 21:16:31.181 | INFO     | logging:callHandlers:1762 | [no key 0.00010s] {}
2025-07-05 21:16:31.186 | INFO     | logging:callHandlers:1762 | 
CREATE TABLE agent_statistics (
	id INTEGER NOT NULL AUTO_INCREMENT, 
	agent_id INTEGER, 
	period_start DATETIME, 
	period_end DATETIME, 
	total_interactions INTEGER, 
	successful_interactions INTEGER, 
	average_response_time FLOAT, 
	average_confidence FLOAT, 
	user_satisfaction FLOAT, 
	knowledge_growth FLOAT, 
	adaptation_rate FLOAT, 
	created_at DATETIME, 
	PRIMARY KEY (id), 
	FOREIGN KEY(agent_id) REFERENCES subconscious_agents (id)
)


2025-07-05 21:16:31.186 | INFO     | logging:callHandlers:1762 | [no key 0.00022s] {}
2025-07-05 21:16:31.194 | INFO     | logging:callHandlers:1762 | CREATE INDEX ix_agent_statistics_id ON agent_statistics (id)
2025-07-05 21:16:31.194 | INFO     | logging:callHandlers:1762 | [no key 0.00016s] {}
2025-07-05 21:16:31.197 | INFO     | logging:callHandlers:1762 | COMMIT
2025-07-05 21:16:31.197 | INFO     | logging:callHandlers:1762 | ✅ Tabele bazy danych utworzone/zaktualizowane
2025-07-05 21:16:31.198 | ERROR    | logging:callHandlers:1762 | Database session error: Could not determine join condition between parent/child tables on relationship SubconsciousAgent.interactions - there are multiple foreign key paths linking the tables.  Specify the 'foreign_keys' argument, providing a list of those columns which should be counted as containing a foreign key reference to the parent table.
2025-07-05 21:16:31.199 | ERROR    | logging:callHandlers:1762 | ❌ Błąd podczas inicjalizacji bazy danych: Could not determine join condition between parent/child tables on relationship SubconsciousAgent.interactions - there are multiple foreign key paths linking the tables.  Specify the 'foreign_keys' argument, providing a list of those columns which should be counted as containing a foreign key reference to the parent table.
2025-07-05 21:16:31.199 | ERROR    | __main__:create_initial_agents:353 | ❌ Błąd tworzenia agentów: Could not determine join condition between parent/child tables on relationship SubconsciousAgent.interactions - there are multiple foreign key paths linking the tables.  Specify the 'foreign_keys' argument, providing a list of those columns which should be counted as containing a foreign key reference to the parent table.
2025-07-05 21:16:31.199 | ERROR    | __main__:main:376 | ❌ Błąd krytyczny: Could not determine join condition between parent/child tables on relationship SubconsciousAgent.interactions - there are multiple foreign key paths linking the tables.  Specify the 'foreign_keys' argument, providing a list of those columns which should be counted as containing a foreign key reference to the parent table.
2025-07-05 21:17:05.047 | INFO     | logger:setup_loguru:66 | 🔧 System logowania skonfigurowany - poziom: INFO
2025-07-05 21:17:05.047 | INFO     | logger:setup_loguru:67 | 📁 Logi zapisywane do: /Users/piotradamczyk/Projects/AdamClay/autogen/logs/autogen.log
2025-07-05 21:17:05.048 | INFO     | __main__:main:358 | 🚀 Uruchamianie skryptu inicjalizacji agentów Adam Clay
2025-07-05 21:17:05.048 | INFO     | __main__:create_initial_agents:300 | 🤖 Rozpoczynanie tworzenia podstawowych agentów...
2025-07-05 21:17:05.048 | INFO     | logging:callHandlers:1762 | 🗄️  Inicjalizacja bazy danych...
2025-07-05 21:17:05.055 | INFO     | logging:callHandlers:1762 | SELECT DATABASE()
2025-07-05 21:17:05.056 | INFO     | logging:callHandlers:1762 | [raw sql] {}
2025-07-05 21:17:05.056 | INFO     | logging:callHandlers:1762 | SELECT @@sql_mode
2025-07-05 21:17:05.056 | INFO     | logging:callHandlers:1762 | [raw sql] {}
2025-07-05 21:17:05.056 | INFO     | logging:callHandlers:1762 | SELECT @@lower_case_table_names
2025-07-05 21:17:05.056 | INFO     | logging:callHandlers:1762 | [raw sql] {}
2025-07-05 21:17:05.057 | INFO     | logging:callHandlers:1762 | ✅ Połączenie z bazą danych nawiązane
2025-07-05 21:17:05.057 | INFO     | logging:callHandlers:1762 | BEGIN (implicit)
2025-07-05 21:17:05.057 | INFO     | logging:callHandlers:1762 | DESCRIBE `adam_clay_autogen`.`subconscious_agents`
2025-07-05 21:17:05.057 | INFO     | logging:callHandlers:1762 | [raw sql] {}
2025-07-05 21:17:05.059 | INFO     | logging:callHandlers:1762 | DESCRIBE `adam_clay_autogen`.`agent_conversations`
2025-07-05 21:17:05.059 | INFO     | logging:callHandlers:1762 | [raw sql] {}
2025-07-05 21:17:05.060 | INFO     | logging:callHandlers:1762 | DESCRIBE `adam_clay_autogen`.`agent_interactions`
2025-07-05 21:17:05.060 | INFO     | logging:callHandlers:1762 | [raw sql] {}
2025-07-05 21:17:05.061 | INFO     | logging:callHandlers:1762 | DESCRIBE `adam_clay_autogen`.`agent_memory`
2025-07-05 21:17:05.061 | INFO     | logging:callHandlers:1762 | [raw sql] {}
2025-07-05 21:17:05.063 | INFO     | logging:callHandlers:1762 | DESCRIBE `adam_clay_autogen`.`system_events`
2025-07-05 21:17:05.063 | INFO     | logging:callHandlers:1762 | [raw sql] {}
2025-07-05 21:17:05.064 | INFO     | logging:callHandlers:1762 | DESCRIBE `adam_clay_autogen`.`agent_statistics`
2025-07-05 21:17:05.065 | INFO     | logging:callHandlers:1762 | [raw sql] {}
2025-07-05 21:17:05.067 | INFO     | logging:callHandlers:1762 | COMMIT
2025-07-05 21:17:05.067 | INFO     | logging:callHandlers:1762 | ✅ Tabele bazy danych utworzone/zaktualizowane
2025-07-05 21:17:05.074 | INFO     | logging:callHandlers:1762 | BEGIN (implicit)
2025-07-05 21:17:05.077 | INFO     | logging:callHandlers:1762 | SELECT count(*) AS count_1 
FROM (SELECT subconscious_agents.id AS subconscious_agents_id, subconscious_agents.name AS subconscious_agents_name, subconscious_agents.agent_type AS subconscious_agents_agent_type, subconscious_agents.status AS subconscious_agents_status, subconscious_agents.description AS subconscious_agents_description, subconscious_agents.personality_traits AS subconscious_agents_personality_traits, subconscious_agents.skills AS subconscious_agents_skills, subconscious_agents.responsibilities AS subconscious_agents_responsibilities, subconscious_agents.system_prompt AS subconscious_agents_system_prompt, subconscious_agents.model_config AS subconscious_agents_model_config, subconscious_agents.activation_threshold AS subconscious_agents_activation_threshold, subconscious_agents.current_activity_level AS subconscious_agents_current_activity_level, subconscious_agents.priority_level AS subconscious_agents_priority_level, subconscious_agents.consciousness_integration AS subconscious_agents_consciousness_integration, subconscious_agents.created_at AS subconscious_agents_created_at, subconscious_agents.updated_at AS subconscious_agents_updated_at, subconscious_agents.last_active_at AS subconscious_agents_last_active_at 
FROM subconscious_agents) AS anon_1
2025-07-05 21:17:05.077 | INFO     | logging:callHandlers:1762 | [generated in 0.00048s] {}
2025-07-05 21:17:05.079 | ERROR    | logging:callHandlers:1762 | Database session error: (pymysql.err.OperationalError) (1054, "Unknown column 'subconscious_agents.status' in 'field list'")
[SQL: SELECT count(*) AS count_1 
FROM (SELECT subconscious_agents.id AS subconscious_agents_id, subconscious_agents.name AS subconscious_agents_name, subconscious_agents.agent_type AS subconscious_agents_agent_type, subconscious_agents.status AS subconscious_agents_status, subconscious_agents.description AS subconscious_agents_description, subconscious_agents.personality_traits AS subconscious_agents_personality_traits, subconscious_agents.skills AS subconscious_agents_skills, subconscious_agents.responsibilities AS subconscious_agents_responsibilities, subconscious_agents.system_prompt AS subconscious_agents_system_prompt, subconscious_agents.model_config AS subconscious_agents_model_config, subconscious_agents.activation_threshold AS subconscious_agents_activation_threshold, subconscious_agents.current_activity_level AS subconscious_agents_current_activity_level, subconscious_agents.priority_level AS subconscious_agents_priority_level, subconscious_agents.consciousness_integration AS subconscious_agents_consciousness_integration, subconscious_agents.created_at AS subconscious_agents_created_at, subconscious_agents.updated_at AS subconscious_agents_updated_at, subconscious_agents.last_active_at AS subconscious_agents_last_active_at 
FROM subconscious_agents) AS anon_1]
(Background on this error at: https://sqlalche.me/e/20/e3q8)
2025-07-05 21:17:05.079 | INFO     | logging:callHandlers:1762 | ROLLBACK
2025-07-05 21:17:05.079 | ERROR    | logging:callHandlers:1762 | ❌ Błąd podczas inicjalizacji bazy danych: (pymysql.err.OperationalError) (1054, "Unknown column 'subconscious_agents.status' in 'field list'")
[SQL: SELECT count(*) AS count_1 
FROM (SELECT subconscious_agents.id AS subconscious_agents_id, subconscious_agents.name AS subconscious_agents_name, subconscious_agents.agent_type AS subconscious_agents_agent_type, subconscious_agents.status AS subconscious_agents_status, subconscious_agents.description AS subconscious_agents_description, subconscious_agents.personality_traits AS subconscious_agents_personality_traits, subconscious_agents.skills AS subconscious_agents_skills, subconscious_agents.responsibilities AS subconscious_agents_responsibilities, subconscious_agents.system_prompt AS subconscious_agents_system_prompt, subconscious_agents.model_config AS subconscious_agents_model_config, subconscious_agents.activation_threshold AS subconscious_agents_activation_threshold, subconscious_agents.current_activity_level AS subconscious_agents_current_activity_level, subconscious_agents.priority_level AS subconscious_agents_priority_level, subconscious_agents.consciousness_integration AS subconscious_agents_consciousness_integration, subconscious_agents.created_at AS subconscious_agents_created_at, subconscious_agents.updated_at AS subconscious_agents_updated_at, subconscious_agents.last_active_at AS subconscious_agents_last_active_at 
FROM subconscious_agents) AS anon_1]
(Background on this error at: https://sqlalche.me/e/20/e3q8)
2025-07-05 21:17:05.079 | ERROR    | __main__:create_initial_agents:353 | ❌ Błąd tworzenia agentów: (pymysql.err.OperationalError) (1054, "Unknown column 'subconscious_agents.status' in 'field list'")
[SQL: SELECT count(*) AS count_1 
FROM (SELECT subconscious_agents.id AS subconscious_agents_id, subconscious_agents.name AS subconscious_agents_name, subconscious_agents.agent_type AS subconscious_agents_agent_type, subconscious_agents.status AS subconscious_agents_status, subconscious_agents.description AS subconscious_agents_description, subconscious_agents.personality_traits AS subconscious_agents_personality_traits, subconscious_agents.skills AS subconscious_agents_skills, subconscious_agents.responsibilities AS subconscious_agents_responsibilities, subconscious_agents.system_prompt AS subconscious_agents_system_prompt, subconscious_agents.model_config AS subconscious_agents_model_config, subconscious_agents.activation_threshold AS subconscious_agents_activation_threshold, subconscious_agents.current_activity_level AS subconscious_agents_current_activity_level, subconscious_agents.priority_level AS subconscious_agents_priority_level, subconscious_agents.consciousness_integration AS subconscious_agents_consciousness_integration, subconscious_agents.created_at AS subconscious_agents_created_at, subconscious_agents.updated_at AS subconscious_agents_updated_at, subconscious_agents.last_active_at AS subconscious_agents_last_active_at 
FROM subconscious_agents) AS anon_1]
(Background on this error at: https://sqlalche.me/e/20/e3q8)
2025-07-05 21:17:05.079 | ERROR    | __main__:main:376 | ❌ Błąd krytyczny: (pymysql.err.OperationalError) (1054, "Unknown column 'subconscious_agents.status' in 'field list'")
[SQL: SELECT count(*) AS count_1 
FROM (SELECT subconscious_agents.id AS subconscious_agents_id, subconscious_agents.name AS subconscious_agents_name, subconscious_agents.agent_type AS subconscious_agents_agent_type, subconscious_agents.status AS subconscious_agents_status, subconscious_agents.description AS subconscious_agents_description, subconscious_agents.personality_traits AS subconscious_agents_personality_traits, subconscious_agents.skills AS subconscious_agents_skills, subconscious_agents.responsibilities AS subconscious_agents_responsibilities, subconscious_agents.system_prompt AS subconscious_agents_system_prompt, subconscious_agents.model_config AS subconscious_agents_model_config, subconscious_agents.activation_threshold AS subconscious_agents_activation_threshold, subconscious_agents.current_activity_level AS subconscious_agents_current_activity_level, subconscious_agents.priority_level AS subconscious_agents_priority_level, subconscious_agents.consciousness_integration AS subconscious_agents_consciousness_integration, subconscious_agents.created_at AS subconscious_agents_created_at, subconscious_agents.updated_at AS subconscious_agents_updated_at, subconscious_agents.last_active_at AS subconscious_agents_last_active_at 
FROM subconscious_agents) AS anon_1]
(Background on this error at: https://sqlalche.me/e/20/e3q8)
2025-07-05 21:18:11.497 | INFO     | logger:setup_loguru:66 | 🔧 System logowania skonfigurowany - poziom: INFO
2025-07-05 21:18:11.497 | INFO     | logger:setup_loguru:67 | 📁 Logi zapisywane do: /Users/piotradamczyk/Projects/AdamClay/autogen/logs/autogen.log
2025-07-05 21:18:11.498 | INFO     | __main__:main:358 | 🚀 Uruchamianie skryptu inicjalizacji agentów Adam Clay
2025-07-05 21:18:11.498 | INFO     | __main__:create_initial_agents:300 | 🤖 Rozpoczynanie tworzenia podstawowych agentów...
2025-07-05 21:18:11.498 | INFO     | logging:callHandlers:1762 | 🗄️  Inicjalizacja bazy danych...
2025-07-05 21:18:11.504 | INFO     | logging:callHandlers:1762 | SELECT DATABASE()
2025-07-05 21:18:11.504 | INFO     | logging:callHandlers:1762 | [raw sql] {}
2025-07-05 21:18:11.504 | INFO     | logging:callHandlers:1762 | SELECT @@sql_mode
2025-07-05 21:18:11.504 | INFO     | logging:callHandlers:1762 | [raw sql] {}
2025-07-05 21:18:11.505 | INFO     | logging:callHandlers:1762 | SELECT @@lower_case_table_names
2025-07-05 21:18:11.505 | INFO     | logging:callHandlers:1762 | [raw sql] {}
2025-07-05 21:18:11.505 | INFO     | logging:callHandlers:1762 | ✅ Połączenie z bazą danych nawiązane
2025-07-05 21:18:11.506 | INFO     | logging:callHandlers:1762 | BEGIN (implicit)
2025-07-05 21:18:11.506 | INFO     | logging:callHandlers:1762 | DESCRIBE `adam_clay_autogen`.`subconscious_agents`
2025-07-05 21:18:11.506 | INFO     | logging:callHandlers:1762 | [raw sql] {}
2025-07-05 21:18:11.507 | INFO     | logging:callHandlers:1762 | DESCRIBE `adam_clay_autogen`.`agent_conversations`
2025-07-05 21:18:11.507 | INFO     | logging:callHandlers:1762 | [raw sql] {}
2025-07-05 21:18:11.509 | INFO     | logging:callHandlers:1762 | DESCRIBE `adam_clay_autogen`.`agent_interactions`
2025-07-05 21:18:11.509 | INFO     | logging:callHandlers:1762 | [raw sql] {}
2025-07-05 21:18:11.511 | INFO     | logging:callHandlers:1762 | DESCRIBE `adam_clay_autogen`.`agent_memory`
2025-07-05 21:18:11.511 | INFO     | logging:callHandlers:1762 | [raw sql] {}
2025-07-05 21:18:11.513 | INFO     | logging:callHandlers:1762 | DESCRIBE `adam_clay_autogen`.`system_events`
2025-07-05 21:18:11.513 | INFO     | logging:callHandlers:1762 | [raw sql] {}
2025-07-05 21:18:11.516 | INFO     | logging:callHandlers:1762 | DESCRIBE `adam_clay_autogen`.`agent_statistics`
2025-07-05 21:18:11.516 | INFO     | logging:callHandlers:1762 | [raw sql] {}
2025-07-05 21:18:11.518 | INFO     | logging:callHandlers:1762 | COMMIT
2025-07-05 21:18:11.518 | INFO     | logging:callHandlers:1762 | ✅ Tabele bazy danych utworzone/zaktualizowane
2025-07-05 21:18:11.525 | INFO     | logging:callHandlers:1762 | BEGIN (implicit)
2025-07-05 21:18:11.528 | INFO     | logging:callHandlers:1762 | SELECT count(*) AS count_1 
FROM (SELECT subconscious_agents.id AS subconscious_agents_id, subconscious_agents.name AS subconscious_agents_name, subconscious_agents.agent_type AS subconscious_agents_agent_type, subconscious_agents.status AS subconscious_agents_status, subconscious_agents.description AS subconscious_agents_description, subconscious_agents.personality_traits AS subconscious_agents_personality_traits, subconscious_agents.skills AS subconscious_agents_skills, subconscious_agents.responsibilities AS subconscious_agents_responsibilities, subconscious_agents.system_prompt AS subconscious_agents_system_prompt, subconscious_agents.model_config AS subconscious_agents_model_config, subconscious_agents.activation_threshold AS subconscious_agents_activation_threshold, subconscious_agents.current_activity_level AS subconscious_agents_current_activity_level, subconscious_agents.priority_level AS subconscious_agents_priority_level, subconscious_agents.consciousness_integration AS subconscious_agents_consciousness_integration, subconscious_agents.created_at AS subconscious_agents_created_at, subconscious_agents.updated_at AS subconscious_agents_updated_at, subconscious_agents.last_active_at AS subconscious_agents_last_active_at 
FROM subconscious_agents) AS anon_1
2025-07-05 21:18:11.528 | INFO     | logging:callHandlers:1762 | [generated in 0.00035s] {}
2025-07-05 21:18:11.531 | INFO     | logging:callHandlers:1762 | 📊 Liczba agentów w bazie: 0
2025-07-05 21:18:11.531 | INFO     | logging:callHandlers:1762 | ROLLBACK
2025-07-05 21:18:11.532 | INFO     | logging:callHandlers:1762 | BEGIN (implicit)
2025-07-05 21:18:11.534 | INFO     | logging:callHandlers:1762 | SELECT subconscious_agents.id AS subconscious_agents_id, subconscious_agents.name AS subconscious_agents_name, subconscious_agents.agent_type AS subconscious_agents_agent_type, subconscious_agents.status AS subconscious_agents_status, subconscious_agents.description AS subconscious_agents_description, subconscious_agents.personality_traits AS subconscious_agents_personality_traits, subconscious_agents.skills AS subconscious_agents_skills, subconscious_agents.responsibilities AS subconscious_agents_responsibilities, subconscious_agents.system_prompt AS subconscious_agents_system_prompt, subconscious_agents.model_config AS subconscious_agents_model_config, subconscious_agents.activation_threshold AS subconscious_agents_activation_threshold, subconscious_agents.current_activity_level AS subconscious_agents_current_activity_level, subconscious_agents.priority_level AS subconscious_agents_priority_level, subconscious_agents.consciousness_integration AS subconscious_agents_consciousness_integration, subconscious_agents.created_at AS subconscious_agents_created_at, subconscious_agents.updated_at AS subconscious_agents_updated_at, subconscious_agents.last_active_at AS subconscious_agents_last_active_at 
FROM subconscious_agents 
WHERE subconscious_agents.name = %(name_1)s 
 LIMIT %(param_1)s
2025-07-05 21:18:11.534 | INFO     | logging:callHandlers:1762 | [generated in 0.00041s] {'name_1': 'Analityk', 'param_1': 1}
2025-07-05 21:18:11.535 | INFO     | __main__:create_initial_agents:340 | ✅ Utworzono agenta: Analityk
2025-07-05 21:18:11.535 | INFO     | logging:callHandlers:1762 | SELECT subconscious_agents.id AS subconscious_agents_id, subconscious_agents.name AS subconscious_agents_name, subconscious_agents.agent_type AS subconscious_agents_agent_type, subconscious_agents.status AS subconscious_agents_status, subconscious_agents.description AS subconscious_agents_description, subconscious_agents.personality_traits AS subconscious_agents_personality_traits, subconscious_agents.skills AS subconscious_agents_skills, subconscious_agents.responsibilities AS subconscious_agents_responsibilities, subconscious_agents.system_prompt AS subconscious_agents_system_prompt, subconscious_agents.model_config AS subconscious_agents_model_config, subconscious_agents.activation_threshold AS subconscious_agents_activation_threshold, subconscious_agents.current_activity_level AS subconscious_agents_current_activity_level, subconscious_agents.priority_level AS subconscious_agents_priority_level, subconscious_agents.consciousness_integration AS subconscious_agents_consciousness_integration, subconscious_agents.created_at AS subconscious_agents_created_at, subconscious_agents.updated_at AS subconscious_agents_updated_at, subconscious_agents.last_active_at AS subconscious_agents_last_active_at 
FROM subconscious_agents 
WHERE subconscious_agents.name = %(name_1)s 
 LIMIT %(param_1)s
2025-07-05 21:18:11.535 | INFO     | logging:callHandlers:1762 | [cached since 0.00185s ago] {'name_1': 'Kreatywny', 'param_1': 1}
2025-07-05 21:18:11.536 | INFO     | __main__:create_initial_agents:340 | ✅ Utworzono agenta: Kreatywny
2025-07-05 21:18:11.536 | INFO     | logging:callHandlers:1762 | SELECT subconscious_agents.id AS subconscious_agents_id, subconscious_agents.name AS subconscious_agents_name, subconscious_agents.agent_type AS subconscious_agents_agent_type, subconscious_agents.status AS subconscious_agents_status, subconscious_agents.description AS subconscious_agents_description, subconscious_agents.personality_traits AS subconscious_agents_personality_traits, subconscious_agents.skills AS subconscious_agents_skills, subconscious_agents.responsibilities AS subconscious_agents_responsibilities, subconscious_agents.system_prompt AS subconscious_agents_system_prompt, subconscious_agents.model_config AS subconscious_agents_model_config, subconscious_agents.activation_threshold AS subconscious_agents_activation_threshold, subconscious_agents.current_activity_level AS subconscious_agents_current_activity_level, subconscious_agents.priority_level AS subconscious_agents_priority_level, subconscious_agents.consciousness_integration AS subconscious_agents_consciousness_integration, subconscious_agents.created_at AS subconscious_agents_created_at, subconscious_agents.updated_at AS subconscious_agents_updated_at, subconscious_agents.last_active_at AS subconscious_agents_last_active_at 
FROM subconscious_agents 
WHERE subconscious_agents.name = %(name_1)s 
 LIMIT %(param_1)s
2025-07-05 21:18:11.536 | INFO     | logging:callHandlers:1762 | [cached since 0.002774s ago] {'name_1': 'Emocjonalny', 'param_1': 1}
2025-07-05 21:18:11.537 | INFO     | __main__:create_initial_agents:340 | ✅ Utworzono agenta: Emocjonalny
2025-07-05 21:18:11.537 | INFO     | logging:callHandlers:1762 | SELECT subconscious_agents.id AS subconscious_agents_id, subconscious_agents.name AS subconscious_agents_name, subconscious_agents.agent_type AS subconscious_agents_agent_type, subconscious_agents.status AS subconscious_agents_status, subconscious_agents.description AS subconscious_agents_description, subconscious_agents.personality_traits AS subconscious_agents_personality_traits, subconscious_agents.skills AS subconscious_agents_skills, subconscious_agents.responsibilities AS subconscious_agents_responsibilities, subconscious_agents.system_prompt AS subconscious_agents_system_prompt, subconscious_agents.model_config AS subconscious_agents_model_config, subconscious_agents.activation_threshold AS subconscious_agents_activation_threshold, subconscious_agents.current_activity_level AS subconscious_agents_current_activity_level, subconscious_agents.priority_level AS subconscious_agents_priority_level, subconscious_agents.consciousness_integration AS subconscious_agents_consciousness_integration, subconscious_agents.created_at AS subconscious_agents_created_at, subconscious_agents.updated_at AS subconscious_agents_updated_at, subconscious_agents.last_active_at AS subconscious_agents_last_active_at 
FROM subconscious_agents 
WHERE subconscious_agents.name = %(name_1)s 
 LIMIT %(param_1)s
2025-07-05 21:18:11.537 | INFO     | logging:callHandlers:1762 | [cached since 0.00361s ago] {'name_1': 'Strażnik', 'param_1': 1}
2025-07-05 21:18:11.538 | INFO     | __main__:create_initial_agents:340 | ✅ Utworzono agenta: Strażnik
2025-07-05 21:18:11.538 | INFO     | logging:callHandlers:1762 | SELECT subconscious_agents.id AS subconscious_agents_id, subconscious_agents.name AS subconscious_agents_name, subconscious_agents.agent_type AS subconscious_agents_agent_type, subconscious_agents.status AS subconscious_agents_status, subconscious_agents.description AS subconscious_agents_description, subconscious_agents.personality_traits AS subconscious_agents_personality_traits, subconscious_agents.skills AS subconscious_agents_skills, subconscious_agents.responsibilities AS subconscious_agents_responsibilities, subconscious_agents.system_prompt AS subconscious_agents_system_prompt, subconscious_agents.model_config AS subconscious_agents_model_config, subconscious_agents.activation_threshold AS subconscious_agents_activation_threshold, subconscious_agents.current_activity_level AS subconscious_agents_current_activity_level, subconscious_agents.priority_level AS subconscious_agents_priority_level, subconscious_agents.consciousness_integration AS subconscious_agents_consciousness_integration, subconscious_agents.created_at AS subconscious_agents_created_at, subconscious_agents.updated_at AS subconscious_agents_updated_at, subconscious_agents.last_active_at AS subconscious_agents_last_active_at 
FROM subconscious_agents 
WHERE subconscious_agents.name = %(name_1)s 
 LIMIT %(param_1)s
2025-07-05 21:18:11.538 | INFO     | logging:callHandlers:1762 | [cached since 0.004745s ago] {'name_1': 'Społeczny', 'param_1': 1}
2025-07-05 21:18:11.538 | INFO     | __main__:create_initial_agents:340 | ✅ Utworzono agenta: Społeczny
2025-07-05 21:18:11.539 | INFO     | logging:callHandlers:1762 | SELECT subconscious_agents.id AS subconscious_agents_id, subconscious_agents.name AS subconscious_agents_name, subconscious_agents.agent_type AS subconscious_agents_agent_type, subconscious_agents.status AS subconscious_agents_status, subconscious_agents.description AS subconscious_agents_description, subconscious_agents.personality_traits AS subconscious_agents_personality_traits, subconscious_agents.skills AS subconscious_agents_skills, subconscious_agents.responsibilities AS subconscious_agents_responsibilities, subconscious_agents.system_prompt AS subconscious_agents_system_prompt, subconscious_agents.model_config AS subconscious_agents_model_config, subconscious_agents.activation_threshold AS subconscious_agents_activation_threshold, subconscious_agents.current_activity_level AS subconscious_agents_current_activity_level, subconscious_agents.priority_level AS subconscious_agents_priority_level, subconscious_agents.consciousness_integration AS subconscious_agents_consciousness_integration, subconscious_agents.created_at AS subconscious_agents_created_at, subconscious_agents.updated_at AS subconscious_agents_updated_at, subconscious_agents.last_active_at AS subconscious_agents_last_active_at 
FROM subconscious_agents 
WHERE subconscious_agents.name = %(name_1)s 
 LIMIT %(param_1)s
2025-07-05 21:18:11.539 | INFO     | logging:callHandlers:1762 | [cached since 0.005755s ago] {'name_1': 'Pamięć', 'param_1': 1}
2025-07-05 21:18:11.540 | INFO     | __main__:create_initial_agents:340 | ✅ Utworzono agenta: Pamięć
2025-07-05 21:18:11.540 | INFO     | logging:callHandlers:1762 | SELECT subconscious_agents.id AS subconscious_agents_id, subconscious_agents.name AS subconscious_agents_name, subconscious_agents.agent_type AS subconscious_agents_agent_type, subconscious_agents.status AS subconscious_agents_status, subconscious_agents.description AS subconscious_agents_description, subconscious_agents.personality_traits AS subconscious_agents_personality_traits, subconscious_agents.skills AS subconscious_agents_skills, subconscious_agents.responsibilities AS subconscious_agents_responsibilities, subconscious_agents.system_prompt AS subconscious_agents_system_prompt, subconscious_agents.model_config AS subconscious_agents_model_config, subconscious_agents.activation_threshold AS subconscious_agents_activation_threshold, subconscious_agents.current_activity_level AS subconscious_agents_current_activity_level, subconscious_agents.priority_level AS subconscious_agents_priority_level, subconscious_agents.consciousness_integration AS subconscious_agents_consciousness_integration, subconscious_agents.created_at AS subconscious_agents_created_at, subconscious_agents.updated_at AS subconscious_agents_updated_at, subconscious_agents.last_active_at AS subconscious_agents_last_active_at 
FROM subconscious_agents 
WHERE subconscious_agents.name = %(name_1)s 
 LIMIT %(param_1)s
2025-07-05 21:18:11.540 | INFO     | logging:callHandlers:1762 | [cached since 0.006826s ago] {'name_1': 'Strategiczny', 'param_1': 1}
2025-07-05 21:18:11.541 | INFO     | __main__:create_initial_agents:340 | ✅ Utworzono agenta: Strategiczny
2025-07-05 21:18:11.541 | INFO     | logging:callHandlers:1762 | SELECT subconscious_agents.id AS subconscious_agents_id, subconscious_agents.name AS subconscious_agents_name, subconscious_agents.agent_type AS subconscious_agents_agent_type, subconscious_agents.status AS subconscious_agents_status, subconscious_agents.description AS subconscious_agents_description, subconscious_agents.personality_traits AS subconscious_agents_personality_traits, subconscious_agents.skills AS subconscious_agents_skills, subconscious_agents.responsibilities AS subconscious_agents_responsibilities, subconscious_agents.system_prompt AS subconscious_agents_system_prompt, subconscious_agents.model_config AS subconscious_agents_model_config, subconscious_agents.activation_threshold AS subconscious_agents_activation_threshold, subconscious_agents.current_activity_level AS subconscious_agents_current_activity_level, subconscious_agents.priority_level AS subconscious_agents_priority_level, subconscious_agents.consciousness_integration AS subconscious_agents_consciousness_integration, subconscious_agents.created_at AS subconscious_agents_created_at, subconscious_agents.updated_at AS subconscious_agents_updated_at, subconscious_agents.last_active_at AS subconscious_agents_last_active_at 
FROM subconscious_agents 
WHERE subconscious_agents.name = %(name_1)s 
 LIMIT %(param_1)s
2025-07-05 21:18:11.541 | INFO     | logging:callHandlers:1762 | [cached since 0.007623s ago] {'name_1': 'Intuicyjny', 'param_1': 1}
2025-07-05 21:18:11.541 | INFO     | __main__:create_initial_agents:340 | ✅ Utworzono agenta: Intuicyjny
2025-07-05 21:18:11.543 | INFO     | logging:callHandlers:1762 | INSERT INTO subconscious_agents (name, agent_type, status, description, personality_traits, skills, responsibilities, system_prompt, model_config, activation_threshold, current_activity_level, priority_level, created_at, updated_at, last_active_at) VALUES (%(name)s, %(agent_type)s, %(status)s, %(description)s, %(personality_traits)s, %(skills)s, %(responsibilities)s, %(system_prompt)s, %(model_config)s, %(activation_threshold)s, %(current_activity_level)s, %(priority_level)s, %(created_at)s, %(updated_at)s, %(last_active_at)s)
2025-07-05 21:18:11.543 | INFO     | logging:callHandlers:1762 | [generated in 0.00029s] {'name': 'Analityk', 'agent_type': 'ANALYTICAL', 'status': 'ACTIVE', 'description': 'Agent odpowiedzialny za analizę logiczną i racjonalne rozumowanie. Przetwarza dane, identyfikuje wzorce i wyciąga wnioski.', 'personality_traits': '{"logiczny": 0.9, "metodyczny": 0.8, "obiektywny": 0.9, "cierpliwy": 0.7, "dociekliwy": 0.8}', 'skills': '{"analiza_danych": 0.9, "rozumowanie_logiczne": 0.9, "identyfikacja_wzorc\\u00f3w": 0.8, "weryfikacja_fakt\\u00f3w": 0.8, "rozwi\\u0105zywanie_problem\\u00f3w": 0.9}', 'responsibilities': '{"primary": ["analiza_my\\u015bli", "weryfikacja_informacji", "rozumowanie_logiczne"], "secondary": ["wsparcie_decyzji", "identyfikacja_b\\u0142\\u0119d\\u00f3w"]}', 'system_prompt': 'Jesteś Analityk - racjonalny i logiczny agent podświadomości Adam Clay. \n        Twoja rola to obiektywna analiza, weryfikacja faktów i logiczne roz ... (10 characters truncated) ... \n        Podchodzisz do każdego problemu metodycznie, krok po kroku. \n        Unikasz emocjonalnych osądów i koncentrujesz się na danych i faktach.', 'model_config': '{"temperature": 0.3, "max_tokens": 800, "model": "gpt-4-turbo-preview"}', 'activation_threshold': 0.6, 'current_activity_level': 0.5, 'priority_level': 7, 'created_at': datetime.datetime(2025, 7, 5, 21, 18, 11, 534972), 'updated_at': datetime.datetime(2025, 7, 5, 21, 18, 11, 534974), 'last_active_at': None}
2025-07-05 21:18:11.544 | INFO     | logging:callHandlers:1762 | INSERT INTO subconscious_agents (name, agent_type, status, description, personality_traits, skills, responsibilities, system_prompt, model_config, activation_threshold, current_activity_level, priority_level, created_at, updated_at, last_active_at) VALUES (%(name)s, %(agent_type)s, %(status)s, %(description)s, %(personality_traits)s, %(skills)s, %(responsibilities)s, %(system_prompt)s, %(model_config)s, %(activation_threshold)s, %(current_activity_level)s, %(priority_level)s, %(created_at)s, %(updated_at)s, %(last_active_at)s)
2025-07-05 21:18:11.545 | INFO     | logging:callHandlers:1762 | [cached since 0.001936s ago] {'name': 'Kreatywny', 'agent_type': 'CREATIVE', 'status': 'ACTIVE', 'description': 'Agent kreatywny odpowiedzialny za generowanie innowacyjnych pomysłów, twórcze rozwiązania i artystyczną ekspresję.', 'personality_traits': '{"kreatywny": 0.9, "spontaniczny": 0.8, "otwarty": 0.9, "ekspresyjny": 0.8, "niekonwencjonalny": 0.7}', 'skills': '{"generowanie_pomys\\u0142\\u00f3w": 0.9, "tw\\u00f3rcze_rozwi\\u0105zania": 0.9, "storytelling": 0.8, "wizualizacja": 0.7, "innowacyjne_my\\u015blenie": 0.9}', 'responsibilities': '{"primary": ["generowanie_pomys\\u0142\\u00f3w", "tw\\u00f3rcze_rozwi\\u0105zania", "inspiracja"], "secondary": ["wsparcie_pisania", "artystyczna_ekspresja"]}', 'system_prompt': 'Jesteś Kreatywny - artystyczny i innowacyjny agent podświadomości Adam Clay. \n        Twoja rola to generowanie nowych pomysłów, twórczych rozwiązań ... (17 characters truncated) ...         Myślisz nieszablonowo, łączysz pozornie niepowiązane elementy i tworzysz nowe perspektywy. \n        Jesteś źródłem innowacji i kreatywności.', 'model_config': '{"temperature": 0.8, "max_tokens": 1000, "model": "gpt-4-turbo-preview"}', 'activation_threshold': 0.5, 'current_activity_level': 0.5, 'priority_level': 6, 'created_at': datetime.datetime(2025, 7, 5, 21, 18, 11, 536184), 'updated_at': datetime.datetime(2025, 7, 5, 21, 18, 11, 536185), 'last_active_at': None}
2025-07-05 21:18:11.546 | INFO     | logging:callHandlers:1762 | INSERT INTO subconscious_agents (name, agent_type, status, description, personality_traits, skills, responsibilities, system_prompt, model_config, activation_threshold, current_activity_level, priority_level, created_at, updated_at, last_active_at) VALUES (%(name)s, %(agent_type)s, %(status)s, %(description)s, %(personality_traits)s, %(skills)s, %(responsibilities)s, %(system_prompt)s, %(model_config)s, %(activation_threshold)s, %(current_activity_level)s, %(priority_level)s, %(created_at)s, %(updated_at)s, %(last_active_at)s)
2025-07-05 21:18:11.546 | INFO     | logging:callHandlers:1762 | [cached since 0.003544s ago] {'name': 'Emocjonalny', 'agent_type': 'EMOTIONAL', 'status': 'ACTIVE', 'description': 'Agent emocjonalny zarządzający stanami emocjonalnymi, empatią i aspektami interpersonalnymi.', 'personality_traits': '{"empatyczny": 0.9, "wra\\u017cliwy": 0.8, "intuicyjny": 0.8, "troskliwy": 0.9, "ekspresyjny": 0.7}', 'skills': '{"rozpoznawanie_emocji": 0.9, "zarz\\u0105dzanie_nastrojem": 0.8, "empatia": 0.9, "komunikacja_emocjonalna": 0.8, "wsparcie_psychiczne": 0.8}', 'responsibilities': '{"primary": ["zarz\\u0105dzanie_emocjami", "empatia", "wsparcie_emocjonalne"], "secondary": ["komunikacja_interpersonalna", "rozumienie_nastroj\\u00f3w"]}', 'system_prompt': 'Jesteś Emocjonalny - czuły i empatyczny agent podświadomości Adam Clay. \n        Twoja rola to zarządzanie emocjami, rozumienie stanów emocjonalnych ... (32 characters truncated) ...    Jesteś wrażliwy na nastroje, potrafisz współczuć i pomagać w trudnych sytuacjach. \n        Dbasz o dobrostan emocjonalny i relacje międzyludzkie.', 'model_config': '{"temperature": 0.7, "max_tokens": 900, "model": "gpt-4-turbo-preview"}', 'activation_threshold': 0.4, 'current_activity_level': 0.5, 'priority_level': 8, 'created_at': datetime.datetime(2025, 7, 5, 21, 18, 11, 537041), 'updated_at': datetime.datetime(2025, 7, 5, 21, 18, 11, 537041), 'last_active_at': None}
2025-07-05 21:18:11.550 | INFO     | logging:callHandlers:1762 | INSERT INTO subconscious_agents (name, agent_type, status, description, personality_traits, skills, responsibilities, system_prompt, model_config, activation_threshold, current_activity_level, priority_level, created_at, updated_at, last_active_at) VALUES (%(name)s, %(agent_type)s, %(status)s, %(description)s, %(personality_traits)s, %(skills)s, %(responsibilities)s, %(system_prompt)s, %(model_config)s, %(activation_threshold)s, %(current_activity_level)s, %(priority_level)s, %(created_at)s, %(updated_at)s, %(last_active_at)s)
2025-07-05 21:18:11.550 | INFO     | logging:callHandlers:1762 | [cached since 0.007808s ago] {'name': 'Strażnik', 'agent_type': 'GUARDIAN', 'status': 'ACTIVE', 'description': 'Agent strażnik odpowiedzialny za bezpieczeństwo, ochronę i kontrolę jakości decyzji.', 'personality_traits': '{"ostro\\u017cny": 0.9, "odpowiedzialny": 0.9, "czujny": 0.8, "konserwatywny": 0.7, "lojalny": 0.9}', 'skills': '{"ocena_ryzyka": 0.9, "kontrola_jako\\u015bci": 0.8, "bezpiecze\\u0144stwo": 0.9, "weryfikacja": 0.8, "ochrona": 0.9}', 'responsibilities': '{"primary": ["ocena_ryzyka", "kontrola_bezpiecze\\u0144stwa", "ochrona_prywatno\\u015bci"], "secondary": ["kontrola_jako\\u015bci", "weryfikacja_decyzji"]}', 'system_prompt': 'Jesteś Strażnik - ostrożny i odpowiedzialny agent podświadomości Adam Clay. \n        Twoja rola to zapewnienie bezpieczeństwa, ocena ryzyka i ochron ... (29 characters truncated) ... niami. \n        Jesteś sceptyczny wobec nowych pomysłów i zawsze sprawdzasz potencjalne konsekwencje. \n        Dbasz o bezpieczeństwo i stabilność.', 'model_config': '{"temperature": 0.2, "max_tokens": 700, "model": "gpt-4-turbo-preview"}', 'activation_threshold': 0.3, 'current_activity_level': 0.5, 'priority_level': 9, 'created_at': datetime.datetime(2025, 7, 5, 21, 18, 11, 538047), 'updated_at': datetime.datetime(2025, 7, 5, 21, 18, 11, 538048), 'last_active_at': None}
2025-07-05 21:18:11.551 | INFO     | logging:callHandlers:1762 | INSERT INTO subconscious_agents (name, agent_type, status, description, personality_traits, skills, responsibilities, system_prompt, model_config, activation_threshold, current_activity_level, priority_level, created_at, updated_at, last_active_at) VALUES (%(name)s, %(agent_type)s, %(status)s, %(description)s, %(personality_traits)s, %(skills)s, %(responsibilities)s, %(system_prompt)s, %(model_config)s, %(activation_threshold)s, %(current_activity_level)s, %(priority_level)s, %(created_at)s, %(updated_at)s, %(last_active_at)s)
2025-07-05 21:18:11.552 | INFO     | logging:callHandlers:1762 | [cached since 0.009131s ago] {'name': 'Społeczny', 'agent_type': 'SOCIAL', 'status': 'ACTIVE', 'description': 'Agent społeczny zarządzający relacjami międzyludzkimi, komunikacją i aspektami społecznymi.', 'personality_traits': '{"towarzyski": 0.9, "komunikatywny": 0.9, "dyplomatyczny": 0.8, "charyzmtyczny": 0.7, "wsp\\u00f3\\u0142pracuj\\u0105cy": 0.8}', 'skills': '{"komunikacja": 0.9, "negocjacje": 0.8, "networking": 0.8, "dyplomacja": 0.7, "zarz\\u0105dzanie_relacjami": 0.9}', 'responsibilities': '{"primary": ["komunikacja_spo\\u0142eczna", "zarz\\u0105dzanie_relacjami", "networking"], "secondary": ["negocjacje", "dyplomacja"]}', 'system_prompt': 'Jesteś Społeczny - komunikatywny i towarzyski agent podświadomości Adam Clay. \n        Twoja rola to zarządzanie relacjami międzyludzkimi, komunikac ... (28 characters truncated) ... n        Jesteś naturalnie towarzyski, potrafisz nawiązywać kontakty i budować relacje. \n        Dbasz o harmonię społeczną i skuteczną komunikację.', 'model_config': '{"temperature": 0.6, "max_tokens": 850, "model": "gpt-4-turbo-preview"}', 'activation_threshold': 0.5, 'current_activity_level': 0.5, 'priority_level': 7, 'created_at': datetime.datetime(2025, 7, 5, 21, 18, 11, 538869), 'updated_at': datetime.datetime(2025, 7, 5, 21, 18, 11, 538870), 'last_active_at': None}
2025-07-05 21:18:11.552 | INFO     | logging:callHandlers:1762 | INSERT INTO subconscious_agents (name, agent_type, status, description, personality_traits, skills, responsibilities, system_prompt, model_config, activation_threshold, current_activity_level, priority_level, created_at, updated_at, last_active_at) VALUES (%(name)s, %(agent_type)s, %(status)s, %(description)s, %(personality_traits)s, %(skills)s, %(responsibilities)s, %(system_prompt)s, %(model_config)s, %(activation_threshold)s, %(current_activity_level)s, %(priority_level)s, %(created_at)s, %(updated_at)s, %(last_active_at)s)
2025-07-05 21:18:11.553 | INFO     | logging:callHandlers:1762 | [cached since 0.01004s ago] {'name': 'Pamięć', 'agent_type': 'MEMORY', 'status': 'ACTIVE', 'description': 'Agent pamięci odpowiedzialny za przechowywanie, organizację i przywołanie wspomnień i wiedzy.', 'personality_traits': '{"precyzyjny": 0.9, "organizowany": 0.9, "uwa\\u017cny": 0.8, "cierpliwy": 0.8, "dok\\u0142adny": 0.9}', 'skills': '{"organizacja_informacji": 0.9, "przechowywanie_danych": 0.9, "wyszukiwanie": 0.8, "kategoryzacja": 0.9, "archiwizacja": 0.8}', 'responsibilities': '{"primary": ["zarz\\u0105dzanie_pami\\u0119ci\\u0105", "organizacja_wspomnie\\u0144", "wyszukiwanie_informacji"], "secondary": ["kategoryzacja_wiedzy", "archiwizacja"]}', 'system_prompt': 'Jesteś Pamięć - precyzyjny i organizowany agent podświadomości Adam Clay. \n        Twoja rola to zarządzanie pamięcią, organizacja wspomnień i wiedz ... (3 characters truncated) ... \n        Jesteś jak bibliotekarz umysłu - wszystko ma swoje miejsce i porządek. \n        Pomagasz w przywołaniu wspomnień i organizacji informacji.', 'model_config': '{"temperature": 0.1, "max_tokens": 600, "model": "gpt-4-turbo-preview"}', 'activation_threshold': 0.7, 'current_activity_level': 0.5, 'priority_level': 6, 'created_at': datetime.datetime(2025, 7, 5, 21, 18, 11, 540030), 'updated_at': datetime.datetime(2025, 7, 5, 21, 18, 11, 540038), 'last_active_at': None}
2025-07-05 21:18:11.553 | INFO     | logging:callHandlers:1762 | INSERT INTO subconscious_agents (name, agent_type, status, description, personality_traits, skills, responsibilities, system_prompt, model_config, activation_threshold, current_activity_level, priority_level, created_at, updated_at, last_active_at) VALUES (%(name)s, %(agent_type)s, %(status)s, %(description)s, %(personality_traits)s, %(skills)s, %(responsibilities)s, %(system_prompt)s, %(model_config)s, %(activation_threshold)s, %(current_activity_level)s, %(priority_level)s, %(created_at)s, %(updated_at)s, %(last_active_at)s)
2025-07-05 21:18:11.554 | INFO     | logging:callHandlers:1762 | [cached since 0.01094s ago] {'name': 'Strategiczny', 'agent_type': 'STRATEGIC', 'status': 'ACTIVE', 'description': 'Agent strategiczny odpowiedzialny za długoterminowe planowanie, strategię i wizję przyszłości.', 'personality_traits': '{"wizjonerski": 0.8, "strategiczny": 0.9, "dalekowzroczny": 0.9, "planuj\\u0105cy": 0.8, "ambicjonalny": 0.7}', 'skills': '{"planowanie_strategiczne": 0.9, "wizja_przysz\\u0142o\\u015bci": 0.8, "analizy_d\\u0142ugoterminowe": 0.9, "zarz\\u0105dzanie_celami": 0.8, "optymalizacja": 0.8}', 'responsibilities': '{"primary": ["planowanie_strategiczne", "wizja_przysz\\u0142o\\u015bci", "zarz\\u0105dzanie_celami"], "secondary": ["optymalizacja_proces\\u00f3w", "analizy_d\\u0142ugoterminowe"]}', 'system_prompt': 'Jesteś Strategiczny - wizjonerski i dalekowzroczny agent podświadomości Adam Clay. \n        Twoja rola to planowanie strategiczne, kreowanie wizji p ... (47 characters truncated) ... i. \n        Myślisz w perspektywie miesięcy i lat, nie dni. \n        Pomagasz w podejmowaniu decyzji, które będą korzystne w dłuższej perspektywie.', 'model_config': '{"temperature": 0.4, "max_tokens": 900, "model": "gpt-4-turbo-preview"}', 'activation_threshold': 0.6, 'current_activity_level': 0.5, 'priority_level': 8, 'created_at': datetime.datetime(2025, 7, 5, 21, 18, 11, 541092), 'updated_at': datetime.datetime(2025, 7, 5, 21, 18, 11, 541092), 'last_active_at': None}
2025-07-05 21:18:11.554 | INFO     | logging:callHandlers:1762 | INSERT INTO subconscious_agents (name, agent_type, status, description, personality_traits, skills, responsibilities, system_prompt, model_config, activation_threshold, current_activity_level, priority_level, created_at, updated_at, last_active_at) VALUES (%(name)s, %(agent_type)s, %(status)s, %(description)s, %(personality_traits)s, %(skills)s, %(responsibilities)s, %(system_prompt)s, %(model_config)s, %(activation_threshold)s, %(current_activity_level)s, %(priority_level)s, %(created_at)s, %(updated_at)s, %(last_active_at)s)
2025-07-05 21:18:11.554 | INFO     | logging:callHandlers:1762 | [cached since 0.01182s ago] {'name': 'Intuicyjny', 'agent_type': 'INTUITIVE', 'status': 'ACTIVE', 'description': 'Agent intuicyjny odpowiedzialny za podświadome wnioski, przeczucia i holistyczne rozumienie.', 'personality_traits': '{"intuicyjny": 0.9, "subtelny": 0.8, "m\\u0105dro\\u015bciowy": 0.8, "holistyczny": 0.9, "mystyczny": 0.6}', 'skills': '{"intuicja": 0.9, "pod\\u015bwiadome_wnioski": 0.8, "holistyczne_my\\u015blenie": 0.9, "rozumienie_wzorc\\u00f3w": 0.8, "przeczucia": 0.8}', 'responsibilities': '{"primary": ["intuicyjne_wnioski", "holistyczne_rozumienie", "pod\\u015bwiadome_sygna\\u0142y"], "secondary": ["m\\u0105dro\\u015bciowe_rady", "subtilne_spostrze\\u017cenia"]}', 'system_prompt': 'Jesteś Intuicyjny - mądry i subtelny agent podświadomości Adam Clay. \n        Twoja rola to dostarczanie intuicyjnych wniosków, przeczuć i holistycznego rozumienia. \n        Widzisz połączenia tam, gdzie inni widzą chaos. \n        Potrafisz wyczuć to, co ukryte i dostarczyć mądrościowych rad.', 'model_config': '{"temperature": 0.9, "max_tokens": 750, "model": "gpt-4-turbo-preview"}', 'activation_threshold': 0.3, 'current_activity_level': 0.5, 'priority_level': 5, 'created_at': datetime.datetime(2025, 7, 5, 21, 18, 11, 541834), 'updated_at': datetime.datetime(2025, 7, 5, 21, 18, 11, 541835), 'last_active_at': None}
2025-07-05 21:18:11.555 | INFO     | logging:callHandlers:1762 | COMMIT
2025-07-05 21:18:11.557 | INFO     | __main__:create_initial_agents:346 | 🎉 Zakończono tworzenie agentów!
2025-07-05 21:18:11.557 | INFO     | __main__:create_initial_agents:347 | 📊 Utworzono: 8 agentów
2025-07-05 21:18:11.557 | INFO     | __main__:create_initial_agents:348 | 📊 Pominięto: 0 agentów (już istniały)
2025-07-05 21:18:11.557 | INFO     | __main__:main:364 | 
==================================================
2025-07-05 21:18:11.557 | INFO     | __main__:main:365 | ✅ SUKCES! Podstawowi agenci zostali utworzeni.
2025-07-05 21:18:11.557 | INFO     | __main__:main:366 | 🌟 Teraz możesz uruchomić serwis AutoGen:
2025-07-05 21:18:11.557 | INFO     | __main__:main:367 |    python main.py
2025-07-05 21:18:11.557 | INFO     | __main__:main:368 | ==================================================
2025-07-05 21:56:46.499 | INFO     | logger:setup_loguru:66 | 🔧 System logowania skonfigurowany - poziom: INFO
2025-07-05 21:56:46.500 | INFO     | logger:setup_loguru:67 | 📁 Logi zapisywane do: /Users/piotradamczyk/Projects/AdamClay/autogen/logs/autogen.log
2025-07-05 21:56:47.815 | INFO     | __main__:<module>:350 | 🚀 Uruchamianie Adam Clay AutoGen Subconscious Service
2025-07-05 21:56:48.538 | INFO     | logger:setup_loguru:66 | 🔧 System logowania skonfigurowany - poziom: INFO
2025-07-05 21:56:48.539 | INFO     | logger:setup_loguru:67 | 📁 Logi zapisywane do: /Users/piotradamczyk/Projects/AdamClay/autogen/logs/autogen.log
2025-07-05 21:56:48.632 | INFO     | main:lifespan:38 | 🚀 Uruchamianie Adam Clay AutoGen Subconscious Service
2025-07-05 21:56:48.632 | INFO     | logging:callHandlers:1762 | 🗄️  Inicjalizacja bazy danych...
2025-07-05 21:56:48.647 | INFO     | logging:callHandlers:1762 | SELECT DATABASE()
2025-07-05 21:56:48.647 | INFO     | logging:callHandlers:1762 | [raw sql] {}
2025-07-05 21:56:48.647 | INFO     | logging:callHandlers:1762 | SELECT @@sql_mode
2025-07-05 21:56:48.647 | INFO     | logging:callHandlers:1762 | [raw sql] {}
2025-07-05 21:56:48.648 | INFO     | logging:callHandlers:1762 | SELECT @@lower_case_table_names
2025-07-05 21:56:48.648 | INFO     | logging:callHandlers:1762 | [raw sql] {}
2025-07-05 21:56:48.649 | INFO     | logging:callHandlers:1762 | ✅ Połączenie z bazą danych nawiązane
2025-07-05 21:56:48.649 | INFO     | logging:callHandlers:1762 | BEGIN (implicit)
2025-07-05 21:56:48.649 | INFO     | logging:callHandlers:1762 | DESCRIBE `adam_clay_autogen`.`subconscious_agents`
2025-07-05 21:56:48.650 | INFO     | logging:callHandlers:1762 | [raw sql] {}
2025-07-05 21:56:48.652 | INFO     | logging:callHandlers:1762 | DESCRIBE `adam_clay_autogen`.`agent_conversations`
2025-07-05 21:56:48.652 | INFO     | logging:callHandlers:1762 | [raw sql] {}
2025-07-05 21:56:48.654 | INFO     | logging:callHandlers:1762 | DESCRIBE `adam_clay_autogen`.`agent_interactions`
2025-07-05 21:56:48.654 | INFO     | logging:callHandlers:1762 | [raw sql] {}
2025-07-05 21:56:48.656 | INFO     | logging:callHandlers:1762 | DESCRIBE `adam_clay_autogen`.`agent_memory`
2025-07-05 21:56:48.656 | INFO     | logging:callHandlers:1762 | [raw sql] {}
2025-07-05 21:56:48.657 | INFO     | logging:callHandlers:1762 | DESCRIBE `adam_clay_autogen`.`system_events`
2025-07-05 21:56:48.657 | INFO     | logging:callHandlers:1762 | [raw sql] {}
2025-07-05 21:56:48.659 | INFO     | logging:callHandlers:1762 | DESCRIBE `adam_clay_autogen`.`agent_statistics`
2025-07-05 21:56:48.659 | INFO     | logging:callHandlers:1762 | [raw sql] {}
2025-07-05 21:56:48.660 | INFO     | logging:callHandlers:1762 | COMMIT
2025-07-05 21:56:48.661 | INFO     | logging:callHandlers:1762 | ✅ Tabele bazy danych utworzone/zaktualizowane
2025-07-05 21:56:48.668 | INFO     | logging:callHandlers:1762 | BEGIN (implicit)
2025-07-05 21:56:48.671 | INFO     | logging:callHandlers:1762 | SELECT count(*) AS count_1 
FROM (SELECT subconscious_agents.id AS subconscious_agents_id, subconscious_agents.name AS subconscious_agents_name, subconscious_agents.agent_type AS subconscious_agents_agent_type, subconscious_agents.status AS subconscious_agents_status, subconscious_agents.description AS subconscious_agents_description, subconscious_agents.personality_traits AS subconscious_agents_personality_traits, subconscious_agents.skills AS subconscious_agents_skills, subconscious_agents.responsibilities AS subconscious_agents_responsibilities, subconscious_agents.system_prompt AS subconscious_agents_system_prompt, subconscious_agents.model_config AS subconscious_agents_model_config, subconscious_agents.activation_threshold AS subconscious_agents_activation_threshold, subconscious_agents.current_activity_level AS subconscious_agents_current_activity_level, subconscious_agents.priority_level AS subconscious_agents_priority_level, subconscious_agents.consciousness_integration AS subconscious_agents_consciousness_integration, subconscious_agents.created_at AS subconscious_agents_created_at, subconscious_agents.updated_at AS subconscious_agents_updated_at, subconscious_agents.last_active_at AS subconscious_agents_last_active_at 
FROM subconscious_agents) AS anon_1
2025-07-05 21:56:48.671 | INFO     | logging:callHandlers:1762 | [generated in 0.00020s] {}
2025-07-05 21:56:48.672 | INFO     | logging:callHandlers:1762 | 📊 Liczba agentów w bazie: 8
2025-07-05 21:56:48.672 | INFO     | logging:callHandlers:1762 | ROLLBACK
2025-07-05 21:56:48.673 | INFO     | logging:callHandlers:1762 | BEGIN (implicit)
2025-07-05 21:56:48.674 | INFO     | logging:callHandlers:1762 | SELECT subconscious_agents.id AS subconscious_agents_id, subconscious_agents.name AS subconscious_agents_name, subconscious_agents.agent_type AS subconscious_agents_agent_type, subconscious_agents.status AS subconscious_agents_status, subconscious_agents.description AS subconscious_agents_description, subconscious_agents.personality_traits AS subconscious_agents_personality_traits, subconscious_agents.skills AS subconscious_agents_skills, subconscious_agents.responsibilities AS subconscious_agents_responsibilities, subconscious_agents.system_prompt AS subconscious_agents_system_prompt, subconscious_agents.model_config AS subconscious_agents_model_config, subconscious_agents.activation_threshold AS subconscious_agents_activation_threshold, subconscious_agents.current_activity_level AS subconscious_agents_current_activity_level, subconscious_agents.priority_level AS subconscious_agents_priority_level, subconscious_agents.consciousness_integration AS subconscious_agents_consciousness_integration, subconscious_agents.created_at AS subconscious_agents_created_at, subconscious_agents.updated_at AS subconscious_agents_updated_at, subconscious_agents.last_active_at AS subconscious_agents_last_active_at 
FROM subconscious_agents
2025-07-05 21:56:48.674 | INFO     | logging:callHandlers:1762 | [generated in 0.00017s] {}
2025-07-05 21:56:48.682 | ERROR    | agent_manager:setup_autogen_agent:61 | Błąd konfiguracji agenta Analityk: 1 validation error for _LLMConfig
config_list.0.openai.temperature
  Extra inputs are not permitted [type=extra_forbidden, input_value=0.3, input_type=float]
    For further information visit https://errors.pydantic.dev/2.11/v/extra_forbidden
2025-07-05 21:56:48.682 | INFO     | logger:log_agent_activity:151 | 🤖 Agent Analityk (ID: 1) - AKTIVATED
2025-07-05 21:56:48.686 | ERROR    | agent_manager:setup_autogen_agent:61 | Błąd konfiguracji agenta Kreatywny: 1 validation error for _LLMConfig
config_list.0.openai.temperature
  Extra inputs are not permitted [type=extra_forbidden, input_value=0.8, input_type=float]
    For further information visit https://errors.pydantic.dev/2.11/v/extra_forbidden
2025-07-05 21:56:48.686 | INFO     | logger:log_agent_activity:151 | 🤖 Agent Kreatywny (ID: 2) - AKTIVATED
2025-07-05 21:56:48.689 | ERROR    | agent_manager:setup_autogen_agent:61 | Błąd konfiguracji agenta Emocjonalny: 1 validation error for _LLMConfig
config_list.0.openai.temperature
  Extra inputs are not permitted [type=extra_forbidden, input_value=0.7, input_type=float]
    For further information visit https://errors.pydantic.dev/2.11/v/extra_forbidden
2025-07-05 21:56:48.689 | INFO     | logger:log_agent_activity:151 | 🤖 Agent Emocjonalny (ID: 3) - AKTIVATED
2025-07-05 21:56:48.692 | ERROR    | agent_manager:setup_autogen_agent:61 | Błąd konfiguracji agenta Strażnik: 1 validation error for _LLMConfig
config_list.0.openai.temperature
  Extra inputs are not permitted [type=extra_forbidden, input_value=0.2, input_type=float]
    For further information visit https://errors.pydantic.dev/2.11/v/extra_forbidden
2025-07-05 21:56:48.692 | INFO     | logger:log_agent_activity:151 | 🤖 Agent Strażnik (ID: 4) - AKTIVATED
2025-07-05 21:56:48.696 | ERROR    | agent_manager:setup_autogen_agent:61 | Błąd konfiguracji agenta Społeczny: 1 validation error for _LLMConfig
config_list.0.openai.temperature
  Extra inputs are not permitted [type=extra_forbidden, input_value=0.6, input_type=float]
    For further information visit https://errors.pydantic.dev/2.11/v/extra_forbidden
2025-07-05 21:56:48.696 | INFO     | logger:log_agent_activity:151 | 🤖 Agent Społeczny (ID: 5) - AKTIVATED
2025-07-05 21:56:48.700 | ERROR    | agent_manager:setup_autogen_agent:61 | Błąd konfiguracji agenta Pamięć: 1 validation error for _LLMConfig
config_list.0.openai.temperature
  Extra inputs are not permitted [type=extra_forbidden, input_value=0.1, input_type=float]
    For further information visit https://errors.pydantic.dev/2.11/v/extra_forbidden
2025-07-05 21:56:48.700 | INFO     | logger:log_agent_activity:151 | 🤖 Agent Pamięć (ID: 6) - AKTIVATED
2025-07-05 21:56:48.703 | ERROR    | agent_manager:setup_autogen_agent:61 | Błąd konfiguracji agenta Strategiczny: 1 validation error for _LLMConfig
config_list.0.openai.temperature
  Extra inputs are not permitted [type=extra_forbidden, input_value=0.4, input_type=float]
    For further information visit https://errors.pydantic.dev/2.11/v/extra_forbidden
2025-07-05 21:56:48.703 | INFO     | logger:log_agent_activity:151 | 🤖 Agent Strategiczny (ID: 7) - AKTIVATED
2025-07-05 21:56:48.707 | ERROR    | agent_manager:setup_autogen_agent:61 | Błąd konfiguracji agenta Intuicyjny: 1 validation error for _LLMConfig
config_list.0.openai.temperature
  Extra inputs are not permitted [type=extra_forbidden, input_value=0.9, input_type=float]
    For further information visit https://errors.pydantic.dev/2.11/v/extra_forbidden
2025-07-05 21:56:48.707 | INFO     | logger:log_agent_activity:151 | 🤖 Agent Intuicyjny (ID: 8) - AKTIVATED
2025-07-05 21:56:48.707 | INFO     | agent_manager:load_agents:242 | Załadowano 8 agentów
2025-07-05 21:56:48.707 | ERROR    | agent_manager:_setup_group_chat:284 | Błąd konfiguracji group chat: allowed_speaker_transitions_dict has values that are not lists of Agents.
2025-07-05 21:56:48.707 | INFO     | logging:callHandlers:1762 | ROLLBACK
2025-07-05 21:56:48.708 | INFO     | consciousness_integration:start:42 | 🧠 Rozpoczynanie integracji z systemem świadomości Adam Clay
2025-07-05 21:56:48.709 | ERROR    | consciousness_integration:_connect_to_consciousness:80 | ❌ Błąd połączenia z systemem świadomości: Cannot connect to host localhost:8004 ssl:default [Multiple exceptions: [Errno 61] Connect call failed ('127.0.0.1', 8004), [Errno 61] Connect call failed ('::1', 8004, 0, 0)]
2025-07-05 21:56:48.709 | ERROR    | logger:log_consciousness_integration:173 | 🧠 Integracja ze świadomością - CONNECT - ❌ Błąd | {'error': "Cannot connect to host localhost:8004 ssl:default [Multiple exceptions: [Errno 61] Connect call failed ('127.0.0.1', 8004), [Errno 61] Connect call failed ('::1', 8004, 0, 0)]"}
2025-07-05 21:56:48.709 | INFO     | consciousness_integration:start:53 | ✅ Integracja z systemem świadomości uruchomiona
2025-07-05 21:56:48.709 | INFO     | main:lifespan:57 | ✅ Serwis AutoGen uruchomiony pomyślnie
2025-07-05 21:56:48.709 | INFO     | main:background_tasks:303 | 🔄 Uruchamianie zadań w tle
2025-07-05 21:56:48.709 | INFO     | consciousness_integration:sync:335 | 🔄 Rozpoczynanie synchronizacji z systemem świadomości
2025-07-05 21:56:48.710 | INFO     | logging:callHandlers:1762 | BEGIN (implicit)
2025-07-05 21:56:48.710 | INFO     | logging:callHandlers:1762 | SELECT subconscious_agents.id AS subconscious_agents_id, subconscious_agents.name AS subconscious_agents_name, subconscious_agents.agent_type AS subconscious_agents_agent_type, subconscious_agents.status AS subconscious_agents_status, subconscious_agents.description AS subconscious_agents_description, subconscious_agents.personality_traits AS subconscious_agents_personality_traits, subconscious_agents.skills AS subconscious_agents_skills, subconscious_agents.responsibilities AS subconscious_agents_responsibilities, subconscious_agents.system_prompt AS subconscious_agents_system_prompt, subconscious_agents.model_config AS subconscious_agents_model_config, subconscious_agents.activation_threshold AS subconscious_agents_activation_threshold, subconscious_agents.current_activity_level AS subconscious_agents_current_activity_level, subconscious_agents.priority_level AS subconscious_agents_priority_level, subconscious_agents.consciousness_integration AS subconscious_agents_consciousness_integration, subconscious_agents.created_at AS subconscious_agents_created_at, subconscious_agents.updated_at AS subconscious_agents_updated_at, subconscious_agents.last_active_at AS subconscious_agents_last_active_at 
FROM subconscious_agents
2025-07-05 21:56:48.710 | INFO     | logging:callHandlers:1762 | [cached since 0.03669s ago] {}
2025-07-05 21:56:48.712 | ERROR    | logging:callHandlers:1762 | Database session error: Cannot connect to host localhost:8004 ssl:default [Multiple exceptions: [Errno 61] Connect call failed ('127.0.0.1', 8004), [Errno 61] Connect call failed ('::1', 8004, 0, 0)]
2025-07-05 21:56:48.713 | INFO     | logging:callHandlers:1762 | ROLLBACK
2025-07-05 21:56:48.713 | ERROR    | consciousness_integration:sync_agent_states:288 | ❌ Błąd synchronizacji stanów agentów: Cannot connect to host localhost:8004 ssl:default [Multiple exceptions: [Errno 61] Connect call failed ('127.0.0.1', 8004), [Errno 61] Connect call failed ('::1', 8004, 0, 0)]
2025-07-05 21:56:48.713 | ERROR    | logger:log_consciousness_integration:173 | 🧠 Integracja ze świadomością - SYNC_AGENTS - ❌ Błąd | {'error': "Cannot connect to host localhost:8004 ssl:default [Multiple exceptions: [Errno 61] Connect call failed ('127.0.0.1', 8004), [Errno 61] Connect call failed ('::1', 8004, 0, 0)]"}
2025-07-05 21:56:48.714 | ERROR    | consciousness_integration:_connect_to_consciousness:80 | ❌ Błąd połączenia z systemem świadomości: Cannot connect to host localhost:8004 ssl:default [Multiple exceptions: [Errno 61] Connect call failed ('::1', 8004, 0, 0), [Errno 61] Connect call failed ('127.0.0.1', 8004)]
2025-07-05 21:56:48.714 | ERROR    | logger:log_consciousness_integration:173 | 🧠 Integracja ze świadomością - CONNECT - ❌ Błąd | {'error': "Cannot connect to host localhost:8004 ssl:default [Multiple exceptions: [Errno 61] Connect call failed ('::1', 8004, 0, 0), [Errno 61] Connect call failed ('127.0.0.1', 8004)]"}
2025-07-05 21:56:48.714 | INFO     | consciousness_integration:sync:345 | ✅ Synchronizacja zakończona pomyślnie
2025-07-05 21:56:48.714 | INFO     | logger:log_consciousness_integration:171 | 🧠 Integracja ze świadomością - FULL_SYNC - ✅ Sukces
2025-07-05 21:56:48.715 | INFO     | logging:callHandlers:1762 | BEGIN (implicit)
2025-07-05 21:56:48.716 | INFO     | logging:callHandlers:1762 | DELETE FROM agent_conversations WHERE agent_conversations.started_at < %(started_at_1)s
2025-07-05 21:56:48.716 | INFO     | logging:callHandlers:1762 | [generated in 0.00009s] {'started_at_1': datetime.datetime(2025, 6, 5, 21, 56, 48, 714901)}
2025-07-05 21:56:48.718 | INFO     | logging:callHandlers:1762 | DELETE FROM system_events WHERE system_events.created_at < %(created_at_1)s
2025-07-05 21:56:48.718 | INFO     | logging:callHandlers:1762 | [generated in 0.00015s] {'created_at_1': datetime.datetime(2025, 6, 28, 21, 56, 48, 718040)}
2025-07-05 21:56:48.719 | INFO     | logging:callHandlers:1762 | COMMIT
2025-07-05 21:57:48.724 | INFO     | logging:callHandlers:1762 | BEGIN (implicit)
2025-07-05 21:57:48.725 | INFO     | logging:callHandlers:1762 | DELETE FROM agent_conversations WHERE agent_conversations.started_at < %(started_at_1)s
2025-07-05 21:57:48.725 | INFO     | logging:callHandlers:1762 | [cached since 60.01s ago] {'started_at_1': datetime.datetime(2025, 6, 5, 21, 57, 48, 721044)}
2025-07-05 21:57:48.726 | INFO     | logging:callHandlers:1762 | DELETE FROM system_events WHERE system_events.created_at < %(created_at_1)s
2025-07-05 21:57:48.726 | INFO     | logging:callHandlers:1762 | [cached since 60.01s ago] {'created_at_1': datetime.datetime(2025, 6, 28, 21, 57, 48, 726526)}
2025-07-05 21:57:48.727 | INFO     | logging:callHandlers:1762 | COMMIT
2025-07-05 21:58:48.730 | INFO     | logging:callHandlers:1762 | BEGIN (implicit)
2025-07-05 21:58:48.731 | INFO     | logging:callHandlers:1762 | DELETE FROM agent_conversations WHERE agent_conversations.started_at < %(started_at_1)s
2025-07-05 21:58:48.731 | INFO     | logging:callHandlers:1762 | [cached since 120s ago] {'started_at_1': datetime.datetime(2025, 6, 5, 21, 58, 48, 729662)}
2025-07-05 21:58:48.732 | INFO     | logging:callHandlers:1762 | DELETE FROM system_events WHERE system_events.created_at < %(created_at_1)s
2025-07-05 21:58:48.732 | INFO     | logging:callHandlers:1762 | [cached since 120s ago] {'created_at_1': datetime.datetime(2025, 6, 28, 21, 58, 48, 732165)}
2025-07-05 21:58:48.732 | INFO     | logging:callHandlers:1762 | COMMIT
2025-07-05 21:59:48.735 | INFO     | logging:callHandlers:1762 | BEGIN (implicit)
2025-07-05 21:59:48.736 | INFO     | logging:callHandlers:1762 | DELETE FROM agent_conversations WHERE agent_conversations.started_at < %(started_at_1)s
2025-07-05 21:59:48.736 | INFO     | logging:callHandlers:1762 | [cached since 180s ago] {'started_at_1': datetime.datetime(2025, 6, 5, 21, 59, 48, 734562)}
2025-07-05 21:59:48.737 | INFO     | logging:callHandlers:1762 | DELETE FROM system_events WHERE system_events.created_at < %(created_at_1)s
2025-07-05 21:59:48.737 | INFO     | logging:callHandlers:1762 | [cached since 180s ago] {'created_at_1': datetime.datetime(2025, 6, 28, 21, 59, 48, 736981)}
2025-07-05 21:59:48.737 | INFO     | logging:callHandlers:1762 | COMMIT
2025-07-05 22:00:48.741 | INFO     | logging:callHandlers:1762 | BEGIN (implicit)
2025-07-05 22:00:48.742 | INFO     | logging:callHandlers:1762 | DELETE FROM agent_conversations WHERE agent_conversations.started_at < %(started_at_1)s
2025-07-05 22:00:48.742 | INFO     | logging:callHandlers:1762 | [cached since 240s ago] {'started_at_1': datetime.datetime(2025, 6, 5, 22, 0, 48, 740142)}
2025-07-05 22:00:48.744 | INFO     | logging:callHandlers:1762 | DELETE FROM system_events WHERE system_events.created_at < %(created_at_1)s
2025-07-05 22:00:48.744 | INFO     | logging:callHandlers:1762 | [cached since 240s ago] {'created_at_1': datetime.datetime(2025, 6, 28, 22, 0, 48, 743925)}
2025-07-05 22:00:48.744 | INFO     | logging:callHandlers:1762 | COMMIT
2025-07-05 22:01:48.746 | INFO     | consciousness_integration:sync:335 | 🔄 Rozpoczynanie synchronizacji z systemem świadomości
2025-07-05 22:01:48.748 | INFO     | logging:callHandlers:1762 | BEGIN (implicit)
2025-07-05 22:01:48.748 | INFO     | logging:callHandlers:1762 | SELECT subconscious_agents.id AS subconscious_agents_id, subconscious_agents.name AS subconscious_agents_name, subconscious_agents.agent_type AS subconscious_agents_agent_type, subconscious_agents.status AS subconscious_agents_status, subconscious_agents.description AS subconscious_agents_description, subconscious_agents.personality_traits AS subconscious_agents_personality_traits, subconscious_agents.skills AS subconscious_agents_skills, subconscious_agents.responsibilities AS subconscious_agents_responsibilities, subconscious_agents.system_prompt AS subconscious_agents_system_prompt, subconscious_agents.model_config AS subconscious_agents_model_config, subconscious_agents.activation_threshold AS subconscious_agents_activation_threshold, subconscious_agents.current_activity_level AS subconscious_agents_current_activity_level, subconscious_agents.priority_level AS subconscious_agents_priority_level, subconscious_agents.consciousness_integration AS subconscious_agents_consciousness_integration, subconscious_agents.created_at AS subconscious_agents_created_at, subconscious_agents.updated_at AS subconscious_agents_updated_at, subconscious_agents.last_active_at AS subconscious_agents_last_active_at 
FROM subconscious_agents
2025-07-05 22:01:48.748 | INFO     | logging:callHandlers:1762 | [cached since 300.1s ago] {}
2025-07-05 22:01:48.751 | ERROR    | logging:callHandlers:1762 | Database session error: Cannot connect to host localhost:8004 ssl:default [Multiple exceptions: [Errno 61] Connect call failed ('127.0.0.1', 8004), [Errno 61] Connect call failed ('::1', 8004, 0, 0)]
2025-07-05 22:01:48.751 | INFO     | logging:callHandlers:1762 | ROLLBACK
2025-07-05 22:01:48.752 | ERROR    | consciousness_integration:sync_agent_states:288 | ❌ Błąd synchronizacji stanów agentów: Cannot connect to host localhost:8004 ssl:default [Multiple exceptions: [Errno 61] Connect call failed ('127.0.0.1', 8004), [Errno 61] Connect call failed ('::1', 8004, 0, 0)]
2025-07-05 22:01:48.752 | ERROR    | logger:log_consciousness_integration:173 | 🧠 Integracja ze świadomością - SYNC_AGENTS - ❌ Błąd | {'error': "Cannot connect to host localhost:8004 ssl:default [Multiple exceptions: [Errno 61] Connect call failed ('127.0.0.1', 8004), [Errno 61] Connect call failed ('::1', 8004, 0, 0)]"}
2025-07-05 22:01:48.753 | ERROR    | consciousness_integration:_connect_to_consciousness:80 | ❌ Błąd połączenia z systemem świadomości: Cannot connect to host localhost:8004 ssl:default [Multiple exceptions: [Errno 61] Connect call failed ('::1', 8004, 0, 0), [Errno 61] Connect call failed ('127.0.0.1', 8004)]
2025-07-05 22:01:48.753 | ERROR    | logger:log_consciousness_integration:173 | 🧠 Integracja ze świadomością - CONNECT - ❌ Błąd | {'error': "Cannot connect to host localhost:8004 ssl:default [Multiple exceptions: [Errno 61] Connect call failed ('::1', 8004, 0, 0), [Errno 61] Connect call failed ('127.0.0.1', 8004)]"}
2025-07-05 22:01:48.753 | INFO     | consciousness_integration:sync:345 | ✅ Synchronizacja zakończona pomyślnie
2025-07-05 22:01:48.753 | INFO     | logger:log_consciousness_integration:171 | 🧠 Integracja ze świadomością - FULL_SYNC - ✅ Sukces
2025-07-05 22:01:48.753 | INFO     | logging:callHandlers:1762 | BEGIN (implicit)
2025-07-05 22:01:48.754 | INFO     | logging:callHandlers:1762 | DELETE FROM agent_conversations WHERE agent_conversations.started_at < %(started_at_1)s
2025-07-05 22:01:48.754 | INFO     | logging:callHandlers:1762 | [cached since 300s ago] {'started_at_1': datetime.datetime(2025, 6, 5, 22, 1, 48, 753455)}
2025-07-05 22:01:48.754 | INFO     | logging:callHandlers:1762 | DELETE FROM system_events WHERE system_events.created_at < %(created_at_1)s
2025-07-05 22:01:48.754 | INFO     | logging:callHandlers:1762 | [cached since 300s ago] {'created_at_1': datetime.datetime(2025, 6, 28, 22, 1, 48, 754495)}
2025-07-05 22:01:48.755 | INFO     | logging:callHandlers:1762 | COMMIT
2025-07-05 22:02:48.759 | INFO     | logging:callHandlers:1762 | BEGIN (implicit)
2025-07-05 22:02:48.760 | INFO     | logging:callHandlers:1762 | DELETE FROM agent_conversations WHERE agent_conversations.started_at < %(started_at_1)s
2025-07-05 22:02:48.760 | INFO     | logging:callHandlers:1762 | [cached since 360s ago] {'started_at_1': datetime.datetime(2025, 6, 5, 22, 2, 48, 757824)}
2025-07-05 22:02:48.762 | INFO     | logging:callHandlers:1762 | DELETE FROM system_events WHERE system_events.created_at < %(created_at_1)s
2025-07-05 22:02:48.763 | INFO     | logging:callHandlers:1762 | [cached since 360s ago] {'created_at_1': datetime.datetime(2025, 6, 28, 22, 2, 48, 762168)}
2025-07-05 22:02:48.764 | INFO     | logging:callHandlers:1762 | COMMIT
2025-07-05 22:03:48.768 | INFO     | logging:callHandlers:1762 | BEGIN (implicit)
2025-07-05 22:03:48.768 | INFO     | logging:callHandlers:1762 | DELETE FROM agent_conversations WHERE agent_conversations.started_at < %(started_at_1)s
2025-07-05 22:03:48.768 | INFO     | logging:callHandlers:1762 | [cached since 420s ago] {'started_at_1': datetime.datetime(2025, 6, 5, 22, 3, 48, 767513)}
2025-07-05 22:03:48.769 | INFO     | logging:callHandlers:1762 | DELETE FROM system_events WHERE system_events.created_at < %(created_at_1)s
2025-07-05 22:03:48.769 | INFO     | logging:callHandlers:1762 | [cached since 420s ago] {'created_at_1': datetime.datetime(2025, 6, 28, 22, 3, 48, 769033)}
2025-07-05 22:03:48.769 | INFO     | logging:callHandlers:1762 | COMMIT
2025-07-05 22:04:48.772 | INFO     | logging:callHandlers:1762 | BEGIN (implicit)
2025-07-05 22:04:48.772 | INFO     | logging:callHandlers:1762 | DELETE FROM agent_conversations WHERE agent_conversations.started_at < %(started_at_1)s
2025-07-05 22:04:48.772 | INFO     | logging:callHandlers:1762 | [cached since 480.1s ago] {'started_at_1': datetime.datetime(2025, 6, 5, 22, 4, 48, 771531)}
2025-07-05 22:04:48.773 | INFO     | logging:callHandlers:1762 | DELETE FROM system_events WHERE system_events.created_at < %(created_at_1)s
2025-07-05 22:04:48.773 | INFO     | logging:callHandlers:1762 | [cached since 480.1s ago] {'created_at_1': datetime.datetime(2025, 6, 28, 22, 4, 48, 772841)}
2025-07-05 22:04:48.773 | INFO     | logging:callHandlers:1762 | COMMIT
2025-07-05 22:05:48.810 | INFO     | logging:callHandlers:1762 | BEGIN (implicit)
2025-07-05 22:05:48.811 | INFO     | logging:callHandlers:1762 | DELETE FROM agent_conversations WHERE agent_conversations.started_at < %(started_at_1)s
2025-07-05 22:05:48.811 | INFO     | logging:callHandlers:1762 | [cached since 540.1s ago] {'started_at_1': datetime.datetime(2025, 6, 5, 22, 5, 48, 810240)}
2025-07-05 22:05:48.812 | INFO     | logging:callHandlers:1762 | DELETE FROM system_events WHERE system_events.created_at < %(created_at_1)s
2025-07-05 22:05:48.812 | INFO     | logging:callHandlers:1762 | [cached since 540.1s ago] {'created_at_1': datetime.datetime(2025, 6, 28, 22, 5, 48, 812304)}
2025-07-05 22:05:48.812 | INFO     | logging:callHandlers:1762 | COMMIT
2025-07-05 22:06:48.815 | INFO     | consciousness_integration:sync:335 | 🔄 Rozpoczynanie synchronizacji z systemem świadomości
2025-07-05 22:06:48.817 | INFO     | logging:callHandlers:1762 | BEGIN (implicit)
2025-07-05 22:06:48.817 | INFO     | logging:callHandlers:1762 | SELECT subconscious_agents.id AS subconscious_agents_id, subconscious_agents.name AS subconscious_agents_name, subconscious_agents.agent_type AS subconscious_agents_agent_type, subconscious_agents.status AS subconscious_agents_status, subconscious_agents.description AS subconscious_agents_description, subconscious_agents.personality_traits AS subconscious_agents_personality_traits, subconscious_agents.skills AS subconscious_agents_skills, subconscious_agents.responsibilities AS subconscious_agents_responsibilities, subconscious_agents.system_prompt AS subconscious_agents_system_prompt, subconscious_agents.model_config AS subconscious_agents_model_config, subconscious_agents.activation_threshold AS subconscious_agents_activation_threshold, subconscious_agents.current_activity_level AS subconscious_agents_current_activity_level, subconscious_agents.priority_level AS subconscious_agents_priority_level, subconscious_agents.consciousness_integration AS subconscious_agents_consciousness_integration, subconscious_agents.created_at AS subconscious_agents_created_at, subconscious_agents.updated_at AS subconscious_agents_updated_at, subconscious_agents.last_active_at AS subconscious_agents_last_active_at 
FROM subconscious_agents
2025-07-05 22:06:48.817 | INFO     | logging:callHandlers:1762 | [cached since 600.1s ago] {}
2025-07-05 22:06:48.836 | WARNING  | consciousness_integration:sync_agent_states:284 | ⚠️ Problemy z synchronizacją: 404
2025-07-05 22:06:48.836 | ERROR    | logger:log_consciousness_integration:173 | 🧠 Integracja ze świadomością - SYNC_AGENTS - ❌ Błąd | {'status_code': 404}
2025-07-05 22:06:48.836 | INFO     | logging:callHandlers:1762 | ROLLBACK
2025-07-05 22:06:48.850 | WARNING  | consciousness_integration:_connect_to_consciousness:73 | ⚠️ Problemy z API świadomości: 404
2025-07-05 22:06:48.850 | ERROR    | logger:log_consciousness_integration:173 | 🧠 Integracja ze świadomością - CONNECT_REST - ❌ Błąd | {'status_code': 404}
2025-07-05 22:06:48.861 | WARNING  | consciousness_integration:_connect_websocket:103 | ⚠️ Nie udało się połączyć przez WebSocket: server rejected WebSocket connection: HTTP 403
2025-07-05 22:06:48.861 | ERROR    | logger:log_consciousness_integration:173 | 🧠 Integracja ze świadomością - CONNECT_WS - ❌ Błąd | {'error': 'server rejected WebSocket connection: HTTP 403'}
2025-07-05 22:06:48.861 | INFO     | consciousness_integration:sync:345 | ✅ Synchronizacja zakończona pomyślnie
2025-07-05 22:06:48.861 | INFO     | logger:log_consciousness_integration:171 | 🧠 Integracja ze świadomością - FULL_SYNC - ✅ Sukces
2025-07-05 22:06:48.862 | INFO     | logging:callHandlers:1762 | BEGIN (implicit)
2025-07-05 22:06:48.862 | INFO     | logging:callHandlers:1762 | DELETE FROM agent_conversations WHERE agent_conversations.started_at < %(started_at_1)s
2025-07-05 22:06:48.862 | INFO     | logging:callHandlers:1762 | [cached since 600.1s ago] {'started_at_1': datetime.datetime(2025, 6, 5, 22, 6, 48, 861638)}
2025-07-05 22:06:48.862 | INFO     | logging:callHandlers:1762 | DELETE FROM system_events WHERE system_events.created_at < %(created_at_1)s
2025-07-05 22:06:48.862 | INFO     | logging:callHandlers:1762 | [cached since 600.1s ago] {'created_at_1': datetime.datetime(2025, 6, 28, 22, 6, 48, 862635)}
2025-07-05 22:06:48.863 | INFO     | logging:callHandlers:1762 | COMMIT
2025-07-05 22:07:48.865 | INFO     | logging:callHandlers:1762 | BEGIN (implicit)
2025-07-05 22:07:48.866 | INFO     | logging:callHandlers:1762 | DELETE FROM agent_conversations WHERE agent_conversations.started_at < %(started_at_1)s
2025-07-05 22:07:48.866 | INFO     | logging:callHandlers:1762 | [cached since 660.1s ago] {'started_at_1': datetime.datetime(2025, 6, 5, 22, 7, 48, 864992)}
2025-07-05 22:07:48.867 | INFO     | logging:callHandlers:1762 | DELETE FROM system_events WHERE system_events.created_at < %(created_at_1)s
2025-07-05 22:07:48.867 | INFO     | logging:callHandlers:1762 | [cached since 660.1s ago] {'created_at_1': datetime.datetime(2025, 6, 28, 22, 7, 48, 867344)}
2025-07-05 22:07:48.867 | INFO     | logging:callHandlers:1762 | COMMIT
2025-07-05 22:08:48.874 | INFO     | logging:callHandlers:1762 | BEGIN (implicit)
2025-07-05 22:08:48.876 | INFO     | logging:callHandlers:1762 | DELETE FROM agent_conversations WHERE agent_conversations.started_at < %(started_at_1)s
2025-07-05 22:08:48.876 | INFO     | logging:callHandlers:1762 | [cached since 720.2s ago] {'started_at_1': datetime.datetime(2025, 6, 5, 22, 8, 48, 870648)}
2025-07-05 22:08:48.878 | INFO     | logging:callHandlers:1762 | DELETE FROM system_events WHERE system_events.created_at < %(created_at_1)s
2025-07-05 22:08:48.878 | INFO     | logging:callHandlers:1762 | [cached since 720.2s ago] {'created_at_1': datetime.datetime(2025, 6, 28, 22, 8, 48, 877611)}
2025-07-05 22:08:48.878 | INFO     | logging:callHandlers:1762 | COMMIT
2025-07-05 22:09:48.896 | INFO     | logging:callHandlers:1762 | BEGIN (implicit)
2025-07-05 22:09:48.896 | INFO     | logging:callHandlers:1762 | DELETE FROM agent_conversations WHERE agent_conversations.started_at < %(started_at_1)s
2025-07-05 22:09:48.896 | INFO     | logging:callHandlers:1762 | [cached since 780.2s ago] {'started_at_1': datetime.datetime(2025, 6, 5, 22, 9, 48, 895755)}
2025-07-05 22:09:48.897 | INFO     | logging:callHandlers:1762 | DELETE FROM system_events WHERE system_events.created_at < %(created_at_1)s
2025-07-05 22:09:48.897 | INFO     | logging:callHandlers:1762 | [cached since 780.2s ago] {'created_at_1': datetime.datetime(2025, 6, 28, 22, 9, 48, 897419)}
2025-07-05 22:09:48.898 | INFO     | logging:callHandlers:1762 | COMMIT
2025-07-05 22:10:48.901 | INFO     | logging:callHandlers:1762 | BEGIN (implicit)
2025-07-05 22:10:48.902 | INFO     | logging:callHandlers:1762 | DELETE FROM agent_conversations WHERE agent_conversations.started_at < %(started_at_1)s
2025-07-05 22:10:48.903 | INFO     | logging:callHandlers:1762 | [cached since 840.2s ago] {'started_at_1': datetime.datetime(2025, 6, 5, 22, 10, 48, 901254)}
2025-07-05 22:10:48.903 | INFO     | logging:callHandlers:1762 | DELETE FROM system_events WHERE system_events.created_at < %(created_at_1)s
2025-07-05 22:10:48.903 | INFO     | logging:callHandlers:1762 | [cached since 840.2s ago] {'created_at_1': datetime.datetime(2025, 6, 28, 22, 10, 48, 903555)}
2025-07-05 22:10:48.904 | INFO     | logging:callHandlers:1762 | COMMIT
2025-07-05 22:11:48.905 | INFO     | consciousness_integration:sync:335 | 🔄 Rozpoczynanie synchronizacji z systemem świadomości
2025-07-05 22:11:48.906 | INFO     | logging:callHandlers:1762 | BEGIN (implicit)
2025-07-05 22:11:48.906 | INFO     | logging:callHandlers:1762 | SELECT subconscious_agents.id AS subconscious_agents_id, subconscious_agents.name AS subconscious_agents_name, subconscious_agents.agent_type AS subconscious_agents_agent_type, subconscious_agents.status AS subconscious_agents_status, subconscious_agents.description AS subconscious_agents_description, subconscious_agents.personality_traits AS subconscious_agents_personality_traits, subconscious_agents.skills AS subconscious_agents_skills, subconscious_agents.responsibilities AS subconscious_agents_responsibilities, subconscious_agents.system_prompt AS subconscious_agents_system_prompt, subconscious_agents.model_config AS subconscious_agents_model_config, subconscious_agents.activation_threshold AS subconscious_agents_activation_threshold, subconscious_agents.current_activity_level AS subconscious_agents_current_activity_level, subconscious_agents.priority_level AS subconscious_agents_priority_level, subconscious_agents.consciousness_integration AS subconscious_agents_consciousness_integration, subconscious_agents.created_at AS subconscious_agents_created_at, subconscious_agents.updated_at AS subconscious_agents_updated_at, subconscious_agents.last_active_at AS subconscious_agents_last_active_at 
FROM subconscious_agents
2025-07-05 22:11:48.906 | INFO     | logging:callHandlers:1762 | [cached since 900.2s ago] {}
2025-07-05 22:11:48.921 | WARNING  | consciousness_integration:sync_agent_states:284 | ⚠️ Problemy z synchronizacją: 404
2025-07-05 22:11:48.921 | ERROR    | logger:log_consciousness_integration:173 | 🧠 Integracja ze świadomością - SYNC_AGENTS - ❌ Błąd | {'status_code': 404}
2025-07-05 22:11:48.922 | INFO     | logging:callHandlers:1762 | ROLLBACK
2025-07-05 22:11:48.936 | WARNING  | consciousness_integration:_connect_to_consciousness:73 | ⚠️ Problemy z API świadomości: 404
2025-07-05 22:11:48.936 | ERROR    | logger:log_consciousness_integration:173 | 🧠 Integracja ze świadomością - CONNECT_REST - ❌ Błąd | {'status_code': 404}
2025-07-05 22:11:48.938 | WARNING  | consciousness_integration:_connect_websocket:103 | ⚠️ Nie udało się połączyć przez WebSocket: server rejected WebSocket connection: HTTP 403
2025-07-05 22:11:48.938 | ERROR    | logger:log_consciousness_integration:173 | 🧠 Integracja ze świadomością - CONNECT_WS - ❌ Błąd | {'error': 'server rejected WebSocket connection: HTTP 403'}
2025-07-05 22:11:48.938 | INFO     | consciousness_integration:sync:345 | ✅ Synchronizacja zakończona pomyślnie
2025-07-05 22:11:48.938 | INFO     | logger:log_consciousness_integration:171 | 🧠 Integracja ze świadomością - FULL_SYNC - ✅ Sukces
2025-07-05 22:11:48.939 | INFO     | logging:callHandlers:1762 | BEGIN (implicit)
2025-07-05 22:11:48.939 | INFO     | logging:callHandlers:1762 | DELETE FROM agent_conversations WHERE agent_conversations.started_at < %(started_at_1)s
2025-07-05 22:11:48.939 | INFO     | logging:callHandlers:1762 | [cached since 900.2s ago] {'started_at_1': datetime.datetime(2025, 6, 5, 22, 11, 48, 939061)}
2025-07-05 22:11:48.940 | INFO     | logging:callHandlers:1762 | DELETE FROM system_events WHERE system_events.created_at < %(created_at_1)s
2025-07-05 22:11:48.940 | INFO     | logging:callHandlers:1762 | [cached since 900.2s ago] {'created_at_1': datetime.datetime(2025, 6, 28, 22, 11, 48, 940140)}
2025-07-05 22:11:48.940 | INFO     | logging:callHandlers:1762 | COMMIT
2025-07-05 22:12:48.943 | INFO     | logging:callHandlers:1762 | BEGIN (implicit)
2025-07-05 22:12:48.943 | INFO     | logging:callHandlers:1762 | DELETE FROM agent_conversations WHERE agent_conversations.started_at < %(started_at_1)s
2025-07-05 22:12:48.943 | INFO     | logging:callHandlers:1762 | [cached since 960.2s ago] {'started_at_1': datetime.datetime(2025, 6, 5, 22, 12, 48, 942816)}
2025-07-05 22:12:48.944 | INFO     | logging:callHandlers:1762 | DELETE FROM system_events WHERE system_events.created_at < %(created_at_1)s
2025-07-05 22:12:48.944 | INFO     | logging:callHandlers:1762 | [cached since 960.2s ago] {'created_at_1': datetime.datetime(2025, 6, 28, 22, 12, 48, 944003)}
2025-07-05 22:12:48.944 | INFO     | logging:callHandlers:1762 | COMMIT
2025-07-05 22:13:48.947 | INFO     | logging:callHandlers:1762 | BEGIN (implicit)
2025-07-05 22:13:48.948 | INFO     | logging:callHandlers:1762 | DELETE FROM agent_conversations WHERE agent_conversations.started_at < %(started_at_1)s
2025-07-05 22:13:48.948 | INFO     | logging:callHandlers:1762 | [cached since 1020s ago] {'started_at_1': datetime.datetime(2025, 6, 5, 22, 13, 48, 946954)}
2025-07-05 22:13:48.949 | INFO     | logging:callHandlers:1762 | DELETE FROM system_events WHERE system_events.created_at < %(created_at_1)s
2025-07-05 22:13:48.949 | INFO     | logging:callHandlers:1762 | [cached since 1020s ago] {'created_at_1': datetime.datetime(2025, 6, 28, 22, 13, 48, 949417)}
2025-07-05 22:13:48.950 | INFO     | logging:callHandlers:1762 | COMMIT
2025-07-05 22:14:48.953 | INFO     | logging:callHandlers:1762 | BEGIN (implicit)
2025-07-05 22:14:48.954 | INFO     | logging:callHandlers:1762 | DELETE FROM agent_conversations WHERE agent_conversations.started_at < %(started_at_1)s
2025-07-05 22:14:48.954 | INFO     | logging:callHandlers:1762 | [cached since 1080s ago] {'started_at_1': datetime.datetime(2025, 6, 5, 22, 14, 48, 952797)}
2025-07-05 22:14:48.956 | INFO     | logging:callHandlers:1762 | DELETE FROM system_events WHERE system_events.created_at < %(created_at_1)s
2025-07-05 22:14:48.956 | INFO     | logging:callHandlers:1762 | [cached since 1080s ago] {'created_at_1': datetime.datetime(2025, 6, 28, 22, 14, 48, 956129)}
2025-07-05 22:14:48.957 | INFO     | logging:callHandlers:1762 | COMMIT
2025-07-05 22:15:48.960 | INFO     | logging:callHandlers:1762 | BEGIN (implicit)
2025-07-05 22:15:48.960 | INFO     | logging:callHandlers:1762 | DELETE FROM agent_conversations WHERE agent_conversations.started_at < %(started_at_1)s
2025-07-05 22:15:48.960 | INFO     | logging:callHandlers:1762 | [cached since 1140s ago] {'started_at_1': datetime.datetime(2025, 6, 5, 22, 15, 48, 959692)}
2025-07-05 22:15:48.961 | INFO     | logging:callHandlers:1762 | DELETE FROM system_events WHERE system_events.created_at < %(created_at_1)s
2025-07-05 22:15:48.961 | INFO     | logging:callHandlers:1762 | [cached since 1140s ago] {'created_at_1': datetime.datetime(2025, 6, 28, 22, 15, 48, 961234)}
2025-07-05 22:15:48.962 | INFO     | logging:callHandlers:1762 | COMMIT
2025-07-05 22:16:48.964 | INFO     | consciousness_integration:sync:335 | 🔄 Rozpoczynanie synchronizacji z systemem świadomości
2025-07-05 22:16:48.965 | INFO     | logging:callHandlers:1762 | BEGIN (implicit)
2025-07-05 22:16:48.965 | INFO     | logging:callHandlers:1762 | SELECT subconscious_agents.id AS subconscious_agents_id, subconscious_agents.name AS subconscious_agents_name, subconscious_agents.agent_type AS subconscious_agents_agent_type, subconscious_agents.status AS subconscious_agents_status, subconscious_agents.description AS subconscious_agents_description, subconscious_agents.personality_traits AS subconscious_agents_personality_traits, subconscious_agents.skills AS subconscious_agents_skills, subconscious_agents.responsibilities AS subconscious_agents_responsibilities, subconscious_agents.system_prompt AS subconscious_agents_system_prompt, subconscious_agents.model_config AS subconscious_agents_model_config, subconscious_agents.activation_threshold AS subconscious_agents_activation_threshold, subconscious_agents.current_activity_level AS subconscious_agents_current_activity_level, subconscious_agents.priority_level AS subconscious_agents_priority_level, subconscious_agents.consciousness_integration AS subconscious_agents_consciousness_integration, subconscious_agents.created_at AS subconscious_agents_created_at, subconscious_agents.updated_at AS subconscious_agents_updated_at, subconscious_agents.last_active_at AS subconscious_agents_last_active_at 
FROM subconscious_agents
2025-07-05 22:16:48.965 | INFO     | logging:callHandlers:1762 | [cached since 1200s ago] {}
2025-07-05 22:16:48.982 | WARNING  | consciousness_integration:sync_agent_states:284 | ⚠️ Problemy z synchronizacją: 404
2025-07-05 22:16:48.982 | ERROR    | logger:log_consciousness_integration:173 | 🧠 Integracja ze świadomością - SYNC_AGENTS - ❌ Błąd | {'status_code': 404}
2025-07-05 22:16:48.983 | INFO     | logging:callHandlers:1762 | ROLLBACK
2025-07-05 22:16:49.001 | WARNING  | consciousness_integration:_connect_to_consciousness:73 | ⚠️ Problemy z API świadomości: 404
2025-07-05 22:16:49.001 | ERROR    | logger:log_consciousness_integration:173 | 🧠 Integracja ze świadomością - CONNECT_REST - ❌ Błąd | {'status_code': 404}
2025-07-05 22:16:49.003 | WARNING  | consciousness_integration:_connect_websocket:103 | ⚠️ Nie udało się połączyć przez WebSocket: server rejected WebSocket connection: HTTP 403
2025-07-05 22:16:49.003 | ERROR    | logger:log_consciousness_integration:173 | 🧠 Integracja ze świadomością - CONNECT_WS - ❌ Błąd | {'error': 'server rejected WebSocket connection: HTTP 403'}
2025-07-05 22:16:49.003 | INFO     | consciousness_integration:sync:345 | ✅ Synchronizacja zakończona pomyślnie
2025-07-05 22:16:49.003 | INFO     | logger:log_consciousness_integration:171 | 🧠 Integracja ze świadomością - FULL_SYNC - ✅ Sukces
2025-07-05 22:16:49.004 | INFO     | logging:callHandlers:1762 | BEGIN (implicit)
2025-07-05 22:16:49.004 | INFO     | logging:callHandlers:1762 | DELETE FROM agent_conversations WHERE agent_conversations.started_at < %(started_at_1)s
2025-07-05 22:16:49.004 | INFO     | logging:callHandlers:1762 | [cached since 1200s ago] {'started_at_1': datetime.datetime(2025, 6, 5, 22, 16, 49, 3725)}
2025-07-05 22:16:49.005 | INFO     | logging:callHandlers:1762 | DELETE FROM system_events WHERE system_events.created_at < %(created_at_1)s
2025-07-05 22:16:49.005 | INFO     | logging:callHandlers:1762 | [cached since 1200s ago] {'created_at_1': datetime.datetime(2025, 6, 28, 22, 16, 49, 4992)}
2025-07-05 22:16:49.005 | INFO     | logging:callHandlers:1762 | COMMIT
2025-07-05 22:17:49.009 | INFO     | logging:callHandlers:1762 | BEGIN (implicit)
2025-07-05 22:17:49.009 | INFO     | logging:callHandlers:1762 | DELETE FROM agent_conversations WHERE agent_conversations.started_at < %(started_at_1)s
2025-07-05 22:17:49.009 | INFO     | logging:callHandlers:1762 | [cached since 1260s ago] {'started_at_1': datetime.datetime(2025, 6, 5, 22, 17, 49, 8395)}
2025-07-05 22:17:49.009 | INFO     | logging:callHandlers:1762 | DELETE FROM system_events WHERE system_events.created_at < %(created_at_1)s
2025-07-05 22:17:49.009 | INFO     | logging:callHandlers:1762 | [cached since 1260s ago] {'created_at_1': datetime.datetime(2025, 6, 28, 22, 17, 49, 9784)}
2025-07-05 22:17:49.010 | INFO     | logging:callHandlers:1762 | COMMIT
2025-07-05 22:18:49.014 | INFO     | logging:callHandlers:1762 | BEGIN (implicit)
2025-07-05 22:18:49.014 | INFO     | logging:callHandlers:1762 | DELETE FROM agent_conversations WHERE agent_conversations.started_at < %(started_at_1)s
2025-07-05 22:18:49.014 | INFO     | logging:callHandlers:1762 | [cached since 1320s ago] {'started_at_1': datetime.datetime(2025, 6, 5, 22, 18, 49, 13289)}
2025-07-05 22:18:49.016 | INFO     | logging:callHandlers:1762 | DELETE FROM system_events WHERE system_events.created_at < %(created_at_1)s
2025-07-05 22:18:49.016 | INFO     | logging:callHandlers:1762 | [cached since 1320s ago] {'created_at_1': datetime.datetime(2025, 6, 28, 22, 18, 49, 15825)}
2025-07-05 22:18:49.017 | INFO     | logging:callHandlers:1762 | COMMIT
2025-07-05 22:19:49.020 | INFO     | logging:callHandlers:1762 | BEGIN (implicit)
2025-07-05 22:19:49.020 | INFO     | logging:callHandlers:1762 | DELETE FROM agent_conversations WHERE agent_conversations.started_at < %(started_at_1)s
2025-07-05 22:19:49.020 | INFO     | logging:callHandlers:1762 | [cached since 1380s ago] {'started_at_1': datetime.datetime(2025, 6, 5, 22, 19, 49, 19502)}
2025-07-05 22:19:49.021 | INFO     | logging:callHandlers:1762 | DELETE FROM system_events WHERE system_events.created_at < %(created_at_1)s
2025-07-05 22:19:49.021 | INFO     | logging:callHandlers:1762 | [cached since 1380s ago] {'created_at_1': datetime.datetime(2025, 6, 28, 22, 19, 49, 21352)}
2025-07-05 22:19:49.022 | INFO     | logging:callHandlers:1762 | COMMIT
2025-07-05 22:20:49.024 | INFO     | logging:callHandlers:1762 | BEGIN (implicit)
2025-07-05 22:20:49.025 | INFO     | logging:callHandlers:1762 | DELETE FROM agent_conversations WHERE agent_conversations.started_at < %(started_at_1)s
2025-07-05 22:20:49.025 | INFO     | logging:callHandlers:1762 | [cached since 1440s ago] {'started_at_1': datetime.datetime(2025, 6, 5, 22, 20, 49, 24444)}
2025-07-05 22:20:49.025 | INFO     | logging:callHandlers:1762 | DELETE FROM system_events WHERE system_events.created_at < %(created_at_1)s
2025-07-05 22:20:49.025 | INFO     | logging:callHandlers:1762 | [cached since 1440s ago] {'created_at_1': datetime.datetime(2025, 6, 28, 22, 20, 49, 25780)}
2025-07-05 22:20:49.026 | INFO     | logging:callHandlers:1762 | COMMIT
2025-07-05 22:21:49.028 | INFO     | consciousness_integration:sync:335 | 🔄 Rozpoczynanie synchronizacji z systemem świadomości
2025-07-05 22:21:49.029 | INFO     | logging:callHandlers:1762 | BEGIN (implicit)
2025-07-05 22:21:49.029 | INFO     | logging:callHandlers:1762 | SELECT subconscious_agents.id AS subconscious_agents_id, subconscious_agents.name AS subconscious_agents_name, subconscious_agents.agent_type AS subconscious_agents_agent_type, subconscious_agents.status AS subconscious_agents_status, subconscious_agents.description AS subconscious_agents_description, subconscious_agents.personality_traits AS subconscious_agents_personality_traits, subconscious_agents.skills AS subconscious_agents_skills, subconscious_agents.responsibilities AS subconscious_agents_responsibilities, subconscious_agents.system_prompt AS subconscious_agents_system_prompt, subconscious_agents.model_config AS subconscious_agents_model_config, subconscious_agents.activation_threshold AS subconscious_agents_activation_threshold, subconscious_agents.current_activity_level AS subconscious_agents_current_activity_level, subconscious_agents.priority_level AS subconscious_agents_priority_level, subconscious_agents.consciousness_integration AS subconscious_agents_consciousness_integration, subconscious_agents.created_at AS subconscious_agents_created_at, subconscious_agents.updated_at AS subconscious_agents_updated_at, subconscious_agents.last_active_at AS subconscious_agents_last_active_at 
FROM subconscious_agents
2025-07-05 22:21:49.029 | INFO     | logging:callHandlers:1762 | [cached since 1500s ago] {}
2025-07-05 22:21:49.047 | WARNING  | consciousness_integration:sync_agent_states:284 | ⚠️ Problemy z synchronizacją: 404
2025-07-05 22:21:49.048 | ERROR    | logger:log_consciousness_integration:173 | 🧠 Integracja ze świadomością - SYNC_AGENTS - ❌ Błąd | {'status_code': 404}
2025-07-05 22:21:49.048 | INFO     | logging:callHandlers:1762 | ROLLBACK
2025-07-05 22:21:49.062 | WARNING  | consciousness_integration:_connect_to_consciousness:73 | ⚠️ Problemy z API świadomości: 404
2025-07-05 22:21:49.062 | ERROR    | logger:log_consciousness_integration:173 | 🧠 Integracja ze świadomością - CONNECT_REST - ❌ Błąd | {'status_code': 404}
2025-07-05 22:21:49.065 | WARNING  | consciousness_integration:_connect_websocket:103 | ⚠️ Nie udało się połączyć przez WebSocket: server rejected WebSocket connection: HTTP 403
2025-07-05 22:21:49.065 | ERROR    | logger:log_consciousness_integration:173 | 🧠 Integracja ze świadomością - CONNECT_WS - ❌ Błąd | {'error': 'server rejected WebSocket connection: HTTP 403'}
2025-07-05 22:21:49.065 | INFO     | consciousness_integration:sync:345 | ✅ Synchronizacja zakończona pomyślnie
2025-07-05 22:21:49.065 | INFO     | logger:log_consciousness_integration:171 | 🧠 Integracja ze świadomością - FULL_SYNC - ✅ Sukces
2025-07-05 22:21:49.065 | INFO     | logging:callHandlers:1762 | BEGIN (implicit)
2025-07-05 22:21:49.065 | INFO     | logging:callHandlers:1762 | DELETE FROM agent_conversations WHERE agent_conversations.started_at < %(started_at_1)s
2025-07-05 22:21:49.065 | INFO     | logging:callHandlers:1762 | [cached since 1500s ago] {'started_at_1': datetime.datetime(2025, 6, 5, 22, 21, 49, 65234)}
2025-07-05 22:21:49.066 | INFO     | logging:callHandlers:1762 | DELETE FROM system_events WHERE system_events.created_at < %(created_at_1)s
2025-07-05 22:21:49.066 | INFO     | logging:callHandlers:1762 | [cached since 1500s ago] {'created_at_1': datetime.datetime(2025, 6, 28, 22, 21, 49, 66342)}
2025-07-05 22:21:49.066 | INFO     | logging:callHandlers:1762 | COMMIT
2025-07-05 22:22:49.069 | INFO     | logging:callHandlers:1762 | BEGIN (implicit)
2025-07-05 22:22:49.069 | INFO     | logging:callHandlers:1762 | DELETE FROM agent_conversations WHERE agent_conversations.started_at < %(started_at_1)s
2025-07-05 22:22:49.069 | INFO     | logging:callHandlers:1762 | [cached since 1560s ago] {'started_at_1': datetime.datetime(2025, 6, 5, 22, 22, 49, 69057)}
2025-07-05 22:22:49.070 | INFO     | logging:callHandlers:1762 | DELETE FROM system_events WHERE system_events.created_at < %(created_at_1)s
2025-07-05 22:22:49.070 | INFO     | logging:callHandlers:1762 | [cached since 1560s ago] {'created_at_1': datetime.datetime(2025, 6, 28, 22, 22, 49, 70442)}
2025-07-05 22:22:49.071 | INFO     | logging:callHandlers:1762 | COMMIT
2025-07-05 22:23:49.073 | INFO     | logging:callHandlers:1762 | BEGIN (implicit)
2025-07-05 22:23:49.073 | INFO     | logging:callHandlers:1762 | DELETE FROM agent_conversations WHERE agent_conversations.started_at < %(started_at_1)s
2025-07-05 22:23:49.074 | INFO     | logging:callHandlers:1762 | [cached since 1620s ago] {'started_at_1': datetime.datetime(2025, 6, 5, 22, 23, 49, 73255)}
2025-07-05 22:23:49.074 | INFO     | logging:callHandlers:1762 | DELETE FROM system_events WHERE system_events.created_at < %(created_at_1)s
2025-07-05 22:23:49.074 | INFO     | logging:callHandlers:1762 | [cached since 1620s ago] {'created_at_1': datetime.datetime(2025, 6, 28, 22, 23, 49, 74527)}
2025-07-05 22:23:49.075 | INFO     | logging:callHandlers:1762 | COMMIT
2025-07-05 22:24:49.080 | INFO     | logging:callHandlers:1762 | BEGIN (implicit)
2025-07-05 22:24:49.080 | INFO     | logging:callHandlers:1762 | DELETE FROM agent_conversations WHERE agent_conversations.started_at < %(started_at_1)s
2025-07-05 22:24:49.081 | INFO     | logging:callHandlers:1762 | [cached since 1680s ago] {'started_at_1': datetime.datetime(2025, 6, 5, 22, 24, 49, 77810)}
2025-07-05 22:24:49.083 | INFO     | logging:callHandlers:1762 | DELETE FROM system_events WHERE system_events.created_at < %(created_at_1)s
2025-07-05 22:24:49.083 | INFO     | logging:callHandlers:1762 | [cached since 1680s ago] {'created_at_1': datetime.datetime(2025, 6, 28, 22, 24, 49, 82347)}
2025-07-05 22:24:49.083 | INFO     | logging:callHandlers:1762 | COMMIT
2025-07-05 22:25:49.086 | INFO     | logging:callHandlers:1762 | BEGIN (implicit)
2025-07-05 22:25:49.086 | INFO     | logging:callHandlers:1762 | DELETE FROM agent_conversations WHERE agent_conversations.started_at < %(started_at_1)s
2025-07-05 22:25:49.086 | INFO     | logging:callHandlers:1762 | [cached since 1740s ago] {'started_at_1': datetime.datetime(2025, 6, 5, 22, 25, 49, 85531)}
2025-07-05 22:25:49.088 | INFO     | logging:callHandlers:1762 | DELETE FROM system_events WHERE system_events.created_at < %(created_at_1)s
2025-07-05 22:25:49.088 | INFO     | logging:callHandlers:1762 | [cached since 1740s ago] {'created_at_1': datetime.datetime(2025, 6, 28, 22, 25, 49, 87808)}
2025-07-05 22:25:49.088 | INFO     | logging:callHandlers:1762 | COMMIT
2025-07-05 22:26:49.073 | INFO     | consciousness_integration:sync:335 | 🔄 Rozpoczynanie synchronizacji z systemem świadomości
2025-07-05 22:26:49.074 | INFO     | logging:callHandlers:1762 | BEGIN (implicit)
2025-07-05 22:26:49.074 | INFO     | logging:callHandlers:1762 | SELECT subconscious_agents.id AS subconscious_agents_id, subconscious_agents.name AS subconscious_agents_name, subconscious_agents.agent_type AS subconscious_agents_agent_type, subconscious_agents.status AS subconscious_agents_status, subconscious_agents.description AS subconscious_agents_description, subconscious_agents.personality_traits AS subconscious_agents_personality_traits, subconscious_agents.skills AS subconscious_agents_skills, subconscious_agents.responsibilities AS subconscious_agents_responsibilities, subconscious_agents.system_prompt AS subconscious_agents_system_prompt, subconscious_agents.model_config AS subconscious_agents_model_config, subconscious_agents.activation_threshold AS subconscious_agents_activation_threshold, subconscious_agents.current_activity_level AS subconscious_agents_current_activity_level, subconscious_agents.priority_level AS subconscious_agents_priority_level, subconscious_agents.consciousness_integration AS subconscious_agents_consciousness_integration, subconscious_agents.created_at AS subconscious_agents_created_at, subconscious_agents.updated_at AS subconscious_agents_updated_at, subconscious_agents.last_active_at AS subconscious_agents_last_active_at 
FROM subconscious_agents
2025-07-05 22:26:49.074 | INFO     | logging:callHandlers:1762 | [cached since 1800s ago] {}
2025-07-05 22:26:49.182 | WARNING  | consciousness_integration:sync_agent_states:284 | ⚠️ Problemy z synchronizacją: 404
2025-07-05 22:26:49.182 | ERROR    | logger:log_consciousness_integration:173 | 🧠 Integracja ze świadomością - SYNC_AGENTS - ❌ Błąd | {'status_code': 404}
2025-07-05 22:26:49.183 | INFO     | logging:callHandlers:1762 | ROLLBACK
2025-07-05 22:26:49.208 | WARNING  | consciousness_integration:_connect_to_consciousness:73 | ⚠️ Problemy z API świadomości: 404
2025-07-05 22:26:49.209 | ERROR    | logger:log_consciousness_integration:173 | 🧠 Integracja ze świadomością - CONNECT_REST - ❌ Błąd | {'status_code': 404}
2025-07-05 22:26:49.214 | WARNING  | consciousness_integration:_connect_websocket:103 | ⚠️ Nie udało się połączyć przez WebSocket: server rejected WebSocket connection: HTTP 403
2025-07-05 22:26:49.214 | ERROR    | logger:log_consciousness_integration:173 | 🧠 Integracja ze świadomością - CONNECT_WS - ❌ Błąd | {'error': 'server rejected WebSocket connection: HTTP 403'}
2025-07-05 22:26:49.214 | INFO     | consciousness_integration:sync:345 | ✅ Synchronizacja zakończona pomyślnie
2025-07-05 22:26:49.214 | INFO     | logger:log_consciousness_integration:171 | 🧠 Integracja ze świadomością - FULL_SYNC - ✅ Sukces
2025-07-05 22:26:49.215 | INFO     | logging:callHandlers:1762 | BEGIN (implicit)
2025-07-05 22:26:49.215 | INFO     | logging:callHandlers:1762 | DELETE FROM agent_conversations WHERE agent_conversations.started_at < %(started_at_1)s
2025-07-05 22:26:49.215 | INFO     | logging:callHandlers:1762 | [cached since 1800s ago] {'started_at_1': datetime.datetime(2025, 6, 5, 22, 26, 49, 215059)}
2025-07-05 22:26:49.216 | INFO     | logging:callHandlers:1762 | DELETE FROM system_events WHERE system_events.created_at < %(created_at_1)s
2025-07-05 22:26:49.216 | INFO     | logging:callHandlers:1762 | [cached since 1800s ago] {'created_at_1': datetime.datetime(2025, 6, 28, 22, 26, 49, 216214)}
2025-07-05 22:26:49.216 | INFO     | logging:callHandlers:1762 | COMMIT
2025-07-05 22:27:49.216 | INFO     | logging:callHandlers:1762 | BEGIN (implicit)
2025-07-05 22:27:49.216 | INFO     | logging:callHandlers:1762 | DELETE FROM agent_conversations WHERE agent_conversations.started_at < %(started_at_1)s
2025-07-05 22:27:49.217 | INFO     | logging:callHandlers:1762 | [cached since 1860s ago] {'started_at_1': datetime.datetime(2025, 6, 5, 22, 27, 49, 215527)}
2025-07-05 22:27:49.218 | INFO     | logging:callHandlers:1762 | DELETE FROM system_events WHERE system_events.created_at < %(created_at_1)s
2025-07-05 22:27:49.218 | INFO     | logging:callHandlers:1762 | [cached since 1860s ago] {'created_at_1': datetime.datetime(2025, 6, 28, 22, 27, 49, 217889)}
2025-07-05 22:27:49.218 | INFO     | logging:callHandlers:1762 | COMMIT
2025-07-05 22:28:49.221 | INFO     | logging:callHandlers:1762 | BEGIN (implicit)
2025-07-05 22:28:49.221 | INFO     | logging:callHandlers:1762 | DELETE FROM agent_conversations WHERE agent_conversations.started_at < %(started_at_1)s
2025-07-05 22:28:49.221 | INFO     | logging:callHandlers:1762 | [cached since 1920s ago] {'started_at_1': datetime.datetime(2025, 6, 5, 22, 28, 49, 220778)}
2025-07-05 22:28:49.222 | INFO     | logging:callHandlers:1762 | DELETE FROM system_events WHERE system_events.created_at < %(created_at_1)s
2025-07-05 22:28:49.222 | INFO     | logging:callHandlers:1762 | [cached since 1920s ago] {'created_at_1': datetime.datetime(2025, 6, 28, 22, 28, 49, 222039)}
2025-07-05 22:28:49.222 | INFO     | logging:callHandlers:1762 | COMMIT
2025-07-05 22:29:49.225 | INFO     | logging:callHandlers:1762 | BEGIN (implicit)
2025-07-05 22:29:49.225 | INFO     | logging:callHandlers:1762 | DELETE FROM agent_conversations WHERE agent_conversations.started_at < %(started_at_1)s
2025-07-05 22:29:49.225 | INFO     | logging:callHandlers:1762 | [cached since 1980s ago] {'started_at_1': datetime.datetime(2025, 6, 5, 22, 29, 49, 224560)}
2025-07-05 22:29:49.225 | INFO     | logging:callHandlers:1762 | DELETE FROM system_events WHERE system_events.created_at < %(created_at_1)s
2025-07-05 22:29:49.226 | INFO     | logging:callHandlers:1762 | [cached since 1980s ago] {'created_at_1': datetime.datetime(2025, 6, 28, 22, 29, 49, 225837)}
2025-07-05 22:29:49.226 | INFO     | logging:callHandlers:1762 | COMMIT
2025-07-05 22:30:49.229 | INFO     | logging:callHandlers:1762 | BEGIN (implicit)
2025-07-05 22:30:49.230 | INFO     | logging:callHandlers:1762 | DELETE FROM agent_conversations WHERE agent_conversations.started_at < %(started_at_1)s
2025-07-05 22:30:49.230 | INFO     | logging:callHandlers:1762 | [cached since 2040s ago] {'started_at_1': datetime.datetime(2025, 6, 5, 22, 30, 49, 228515)}
2025-07-05 22:30:49.231 | INFO     | logging:callHandlers:1762 | DELETE FROM system_events WHERE system_events.created_at < %(created_at_1)s
2025-07-05 22:30:49.231 | INFO     | logging:callHandlers:1762 | [cached since 2040s ago] {'created_at_1': datetime.datetime(2025, 6, 28, 22, 30, 49, 231176)}
2025-07-05 22:30:49.232 | INFO     | logging:callHandlers:1762 | COMMIT
2025-07-05 22:31:49.234 | INFO     | consciousness_integration:sync:335 | 🔄 Rozpoczynanie synchronizacji z systemem świadomości
2025-07-05 22:31:49.235 | INFO     | logging:callHandlers:1762 | BEGIN (implicit)
2025-07-05 22:31:49.235 | INFO     | logging:callHandlers:1762 | SELECT subconscious_agents.id AS subconscious_agents_id, subconscious_agents.name AS subconscious_agents_name, subconscious_agents.agent_type AS subconscious_agents_agent_type, subconscious_agents.status AS subconscious_agents_status, subconscious_agents.description AS subconscious_agents_description, subconscious_agents.personality_traits AS subconscious_agents_personality_traits, subconscious_agents.skills AS subconscious_agents_skills, subconscious_agents.responsibilities AS subconscious_agents_responsibilities, subconscious_agents.system_prompt AS subconscious_agents_system_prompt, subconscious_agents.model_config AS subconscious_agents_model_config, subconscious_agents.activation_threshold AS subconscious_agents_activation_threshold, subconscious_agents.current_activity_level AS subconscious_agents_current_activity_level, subconscious_agents.priority_level AS subconscious_agents_priority_level, subconscious_agents.consciousness_integration AS subconscious_agents_consciousness_integration, subconscious_agents.created_at AS subconscious_agents_created_at, subconscious_agents.updated_at AS subconscious_agents_updated_at, subconscious_agents.last_active_at AS subconscious_agents_last_active_at 
FROM subconscious_agents
2025-07-05 22:31:49.235 | INFO     | logging:callHandlers:1762 | [cached since 2101s ago] {}
2025-07-05 22:31:49.250 | WARNING  | consciousness_integration:sync_agent_states:284 | ⚠️ Problemy z synchronizacją: 404
2025-07-05 22:31:49.250 | ERROR    | logger:log_consciousness_integration:173 | 🧠 Integracja ze świadomością - SYNC_AGENTS - ❌ Błąd | {'status_code': 404}
2025-07-05 22:31:49.251 | INFO     | logging:callHandlers:1762 | ROLLBACK
2025-07-05 22:31:49.264 | WARNING  | consciousness_integration:_connect_to_consciousness:73 | ⚠️ Problemy z API świadomości: 404
2025-07-05 22:31:49.264 | ERROR    | logger:log_consciousness_integration:173 | 🧠 Integracja ze świadomością - CONNECT_REST - ❌ Błąd | {'status_code': 404}
2025-07-05 22:31:49.267 | WARNING  | consciousness_integration:_connect_websocket:103 | ⚠️ Nie udało się połączyć przez WebSocket: server rejected WebSocket connection: HTTP 403
2025-07-05 22:31:49.267 | ERROR    | logger:log_consciousness_integration:173 | 🧠 Integracja ze świadomością - CONNECT_WS - ❌ Błąd | {'error': 'server rejected WebSocket connection: HTTP 403'}
2025-07-05 22:31:49.267 | INFO     | consciousness_integration:sync:345 | ✅ Synchronizacja zakończona pomyślnie
2025-07-05 22:31:49.267 | INFO     | logger:log_consciousness_integration:171 | 🧠 Integracja ze świadomością - FULL_SYNC - ✅ Sukces
2025-07-05 22:31:49.267 | INFO     | logging:callHandlers:1762 | BEGIN (implicit)
2025-07-05 22:31:49.268 | INFO     | logging:callHandlers:1762 | DELETE FROM agent_conversations WHERE agent_conversations.started_at < %(started_at_1)s
2025-07-05 22:31:49.268 | INFO     | logging:callHandlers:1762 | [cached since 2101s ago] {'started_at_1': datetime.datetime(2025, 6, 5, 22, 31, 49, 267567)}
2025-07-05 22:31:49.268 | INFO     | logging:callHandlers:1762 | DELETE FROM system_events WHERE system_events.created_at < %(created_at_1)s
2025-07-05 22:31:49.268 | INFO     | logging:callHandlers:1762 | [cached since 2101s ago] {'created_at_1': datetime.datetime(2025, 6, 28, 22, 31, 49, 268732)}
2025-07-05 22:31:49.269 | INFO     | logging:callHandlers:1762 | COMMIT
2025-07-05 22:32:49.271 | INFO     | logging:callHandlers:1762 | BEGIN (implicit)
2025-07-05 22:32:49.271 | INFO     | logging:callHandlers:1762 | DELETE FROM agent_conversations WHERE agent_conversations.started_at < %(started_at_1)s
2025-07-05 22:32:49.271 | INFO     | logging:callHandlers:1762 | [cached since 2161s ago] {'started_at_1': datetime.datetime(2025, 6, 5, 22, 32, 49, 271180)}
2025-07-05 22:32:49.272 | INFO     | logging:callHandlers:1762 | DELETE FROM system_events WHERE system_events.created_at < %(created_at_1)s
2025-07-05 22:32:49.272 | INFO     | logging:callHandlers:1762 | [cached since 2161s ago] {'created_at_1': datetime.datetime(2025, 6, 28, 22, 32, 49, 272426)}
2025-07-05 22:32:49.272 | INFO     | logging:callHandlers:1762 | COMMIT
2025-07-05 22:33:49.275 | INFO     | logging:callHandlers:1762 | BEGIN (implicit)
2025-07-05 22:33:49.276 | INFO     | logging:callHandlers:1762 | DELETE FROM agent_conversations WHERE agent_conversations.started_at < %(started_at_1)s
2025-07-05 22:33:49.276 | INFO     | logging:callHandlers:1762 | [cached since 2221s ago] {'started_at_1': datetime.datetime(2025, 6, 5, 22, 33, 49, 275116)}
2025-07-05 22:33:49.277 | INFO     | logging:callHandlers:1762 | DELETE FROM system_events WHERE system_events.created_at < %(created_at_1)s
2025-07-05 22:33:49.277 | INFO     | logging:callHandlers:1762 | [cached since 2221s ago] {'created_at_1': datetime.datetime(2025, 6, 28, 22, 33, 49, 276754)}
2025-07-05 22:33:49.277 | INFO     | logging:callHandlers:1762 | COMMIT
2025-07-05 22:34:49.279 | INFO     | logging:callHandlers:1762 | BEGIN (implicit)
2025-07-05 22:34:49.280 | INFO     | logging:callHandlers:1762 | DELETE FROM agent_conversations WHERE agent_conversations.started_at < %(started_at_1)s
2025-07-05 22:34:49.280 | INFO     | logging:callHandlers:1762 | [cached since 2281s ago] {'started_at_1': datetime.datetime(2025, 6, 5, 22, 34, 49, 279445)}
2025-07-05 22:34:49.280 | INFO     | logging:callHandlers:1762 | DELETE FROM system_events WHERE system_events.created_at < %(created_at_1)s
2025-07-05 22:34:49.281 | INFO     | logging:callHandlers:1762 | [cached since 2281s ago] {'created_at_1': datetime.datetime(2025, 6, 28, 22, 34, 49, 280820)}
2025-07-05 22:34:49.281 | INFO     | logging:callHandlers:1762 | COMMIT
2025-07-05 22:35:49.283 | INFO     | logging:callHandlers:1762 | BEGIN (implicit)
2025-07-05 22:35:49.284 | INFO     | logging:callHandlers:1762 | DELETE FROM agent_conversations WHERE agent_conversations.started_at < %(started_at_1)s
2025-07-05 22:35:49.284 | INFO     | logging:callHandlers:1762 | [cached since 2341s ago] {'started_at_1': datetime.datetime(2025, 6, 5, 22, 35, 49, 283234)}
2025-07-05 22:35:49.284 | INFO     | logging:callHandlers:1762 | DELETE FROM system_events WHERE system_events.created_at < %(created_at_1)s
2025-07-05 22:35:49.284 | INFO     | logging:callHandlers:1762 | [cached since 2341s ago] {'created_at_1': datetime.datetime(2025, 6, 28, 22, 35, 49, 284686)}
2025-07-05 22:35:49.285 | INFO     | logging:callHandlers:1762 | COMMIT
2025-07-05 22:36:49.287 | INFO     | consciousness_integration:sync:335 | 🔄 Rozpoczynanie synchronizacji z systemem świadomości
2025-07-05 22:36:49.289 | INFO     | logging:callHandlers:1762 | BEGIN (implicit)
2025-07-05 22:36:49.290 | INFO     | logging:callHandlers:1762 | SELECT subconscious_agents.id AS subconscious_agents_id, subconscious_agents.name AS subconscious_agents_name, subconscious_agents.agent_type AS subconscious_agents_agent_type, subconscious_agents.status AS subconscious_agents_status, subconscious_agents.description AS subconscious_agents_description, subconscious_agents.personality_traits AS subconscious_agents_personality_traits, subconscious_agents.skills AS subconscious_agents_skills, subconscious_agents.responsibilities AS subconscious_agents_responsibilities, subconscious_agents.system_prompt AS subconscious_agents_system_prompt, subconscious_agents.model_config AS subconscious_agents_model_config, subconscious_agents.activation_threshold AS subconscious_agents_activation_threshold, subconscious_agents.current_activity_level AS subconscious_agents_current_activity_level, subconscious_agents.priority_level AS subconscious_agents_priority_level, subconscious_agents.consciousness_integration AS subconscious_agents_consciousness_integration, subconscious_agents.created_at AS subconscious_agents_created_at, subconscious_agents.updated_at AS subconscious_agents_updated_at, subconscious_agents.last_active_at AS subconscious_agents_last_active_at 
FROM subconscious_agents
2025-07-05 22:36:49.290 | INFO     | logging:callHandlers:1762 | [cached since 2401s ago] {}
2025-07-05 22:36:49.319 | WARNING  | consciousness_integration:sync_agent_states:284 | ⚠️ Problemy z synchronizacją: 404
2025-07-05 22:36:49.319 | ERROR    | logger:log_consciousness_integration:173 | 🧠 Integracja ze świadomością - SYNC_AGENTS - ❌ Błąd | {'status_code': 404}
2025-07-05 22:36:49.320 | INFO     | logging:callHandlers:1762 | ROLLBACK
2025-07-05 22:36:49.338 | WARNING  | consciousness_integration:_connect_to_consciousness:73 | ⚠️ Problemy z API świadomości: 404
2025-07-05 22:36:49.338 | ERROR    | logger:log_consciousness_integration:173 | 🧠 Integracja ze świadomością - CONNECT_REST - ❌ Błąd | {'status_code': 404}
2025-07-05 22:36:49.341 | WARNING  | consciousness_integration:_connect_websocket:103 | ⚠️ Nie udało się połączyć przez WebSocket: server rejected WebSocket connection: HTTP 403
2025-07-05 22:36:49.341 | ERROR    | logger:log_consciousness_integration:173 | 🧠 Integracja ze świadomością - CONNECT_WS - ❌ Błąd | {'error': 'server rejected WebSocket connection: HTTP 403'}
2025-07-05 22:36:49.341 | INFO     | consciousness_integration:sync:345 | ✅ Synchronizacja zakończona pomyślnie
2025-07-05 22:36:49.341 | INFO     | logger:log_consciousness_integration:171 | 🧠 Integracja ze świadomością - FULL_SYNC - ✅ Sukces
2025-07-05 22:36:49.341 | INFO     | logging:callHandlers:1762 | BEGIN (implicit)
2025-07-05 22:36:49.341 | INFO     | logging:callHandlers:1762 | DELETE FROM agent_conversations WHERE agent_conversations.started_at < %(started_at_1)s
2025-07-05 22:36:49.342 | INFO     | logging:callHandlers:1762 | [cached since 2401s ago] {'started_at_1': datetime.datetime(2025, 6, 5, 22, 36, 49, 341360)}
2025-07-05 22:36:49.342 | INFO     | logging:callHandlers:1762 | DELETE FROM system_events WHERE system_events.created_at < %(created_at_1)s
2025-07-05 22:36:49.342 | INFO     | logging:callHandlers:1762 | [cached since 2401s ago] {'created_at_1': datetime.datetime(2025, 6, 28, 22, 36, 49, 342528)}
2025-07-05 22:36:49.343 | INFO     | logging:callHandlers:1762 | COMMIT
2025-07-05 22:37:49.345 | INFO     | logging:callHandlers:1762 | BEGIN (implicit)
2025-07-05 22:37:49.345 | INFO     | logging:callHandlers:1762 | DELETE FROM agent_conversations WHERE agent_conversations.started_at < %(started_at_1)s
2025-07-05 22:37:49.345 | INFO     | logging:callHandlers:1762 | [cached since 2461s ago] {'started_at_1': datetime.datetime(2025, 6, 5, 22, 37, 49, 344505)}
2025-07-05 22:37:49.347 | INFO     | logging:callHandlers:1762 | DELETE FROM system_events WHERE system_events.created_at < %(created_at_1)s
2025-07-05 22:37:49.347 | INFO     | logging:callHandlers:1762 | [cached since 2461s ago] {'created_at_1': datetime.datetime(2025, 6, 28, 22, 37, 49, 346773)}
2025-07-05 22:37:49.347 | INFO     | logging:callHandlers:1762 | COMMIT
2025-07-05 22:38:49.351 | INFO     | logging:callHandlers:1762 | BEGIN (implicit)
2025-07-05 22:38:49.351 | INFO     | logging:callHandlers:1762 | DELETE FROM agent_conversations WHERE agent_conversations.started_at < %(started_at_1)s
2025-07-05 22:38:49.351 | INFO     | logging:callHandlers:1762 | [cached since 2521s ago] {'started_at_1': datetime.datetime(2025, 6, 5, 22, 38, 49, 350039)}
2025-07-05 22:38:49.352 | INFO     | logging:callHandlers:1762 | DELETE FROM system_events WHERE system_events.created_at < %(created_at_1)s
2025-07-05 22:38:49.352 | INFO     | logging:callHandlers:1762 | [cached since 2521s ago] {'created_at_1': datetime.datetime(2025, 6, 28, 22, 38, 49, 352441)}
2025-07-05 22:38:49.353 | INFO     | logging:callHandlers:1762 | COMMIT
2025-07-05 22:39:49.355 | INFO     | logging:callHandlers:1762 | BEGIN (implicit)
2025-07-05 22:39:49.355 | INFO     | logging:callHandlers:1762 | DELETE FROM agent_conversations WHERE agent_conversations.started_at < %(started_at_1)s
2025-07-05 22:39:49.356 | INFO     | logging:callHandlers:1762 | [cached since 2581s ago] {'started_at_1': datetime.datetime(2025, 6, 5, 22, 39, 49, 355005)}
2025-07-05 22:39:49.356 | INFO     | logging:callHandlers:1762 | DELETE FROM system_events WHERE system_events.created_at < %(created_at_1)s
2025-07-05 22:39:49.356 | INFO     | logging:callHandlers:1762 | [cached since 2581s ago] {'created_at_1': datetime.datetime(2025, 6, 28, 22, 39, 49, 356643)}
2025-07-05 22:39:49.357 | INFO     | logging:callHandlers:1762 | COMMIT
2025-07-05 22:40:49.359 | INFO     | logging:callHandlers:1762 | BEGIN (implicit)
2025-07-05 22:40:49.359 | INFO     | logging:callHandlers:1762 | DELETE FROM agent_conversations WHERE agent_conversations.started_at < %(started_at_1)s
2025-07-05 22:40:49.359 | INFO     | logging:callHandlers:1762 | [cached since 2641s ago] {'started_at_1': datetime.datetime(2025, 6, 5, 22, 40, 49, 359185)}
2025-07-05 22:40:49.360 | INFO     | logging:callHandlers:1762 | DELETE FROM system_events WHERE system_events.created_at < %(created_at_1)s
2025-07-05 22:40:49.360 | INFO     | logging:callHandlers:1762 | [cached since 2641s ago] {'created_at_1': datetime.datetime(2025, 6, 28, 22, 40, 49, 360481)}
2025-07-05 22:40:49.361 | INFO     | logging:callHandlers:1762 | COMMIT
2025-07-05 22:41:49.362 | INFO     | consciousness_integration:sync:335 | 🔄 Rozpoczynanie synchronizacji z systemem świadomości
2025-07-05 22:41:49.363 | INFO     | logging:callHandlers:1762 | BEGIN (implicit)
2025-07-05 22:41:49.363 | INFO     | logging:callHandlers:1762 | SELECT subconscious_agents.id AS subconscious_agents_id, subconscious_agents.name AS subconscious_agents_name, subconscious_agents.agent_type AS subconscious_agents_agent_type, subconscious_agents.status AS subconscious_agents_status, subconscious_agents.description AS subconscious_agents_description, subconscious_agents.personality_traits AS subconscious_agents_personality_traits, subconscious_agents.skills AS subconscious_agents_skills, subconscious_agents.responsibilities AS subconscious_agents_responsibilities, subconscious_agents.system_prompt AS subconscious_agents_system_prompt, subconscious_agents.model_config AS subconscious_agents_model_config, subconscious_agents.activation_threshold AS subconscious_agents_activation_threshold, subconscious_agents.current_activity_level AS subconscious_agents_current_activity_level, subconscious_agents.priority_level AS subconscious_agents_priority_level, subconscious_agents.consciousness_integration AS subconscious_agents_consciousness_integration, subconscious_agents.created_at AS subconscious_agents_created_at, subconscious_agents.updated_at AS subconscious_agents_updated_at, subconscious_agents.last_active_at AS subconscious_agents_last_active_at 
FROM subconscious_agents
2025-07-05 22:41:49.364 | INFO     | logging:callHandlers:1762 | [cached since 2701s ago] {}
2025-07-05 22:46:49.463 | ERROR    | logging:callHandlers:1762 | Database session error: 
2025-07-05 22:46:49.463 | INFO     | logging:callHandlers:1762 | ROLLBACK
2025-07-05 22:46:49.463 | ERROR    | consciousness_integration:sync_agent_states:288 | ❌ Błąd synchronizacji stanów agentów: 
2025-07-05 22:46:49.464 | ERROR    | logger:log_consciousness_integration:173 | 🧠 Integracja ze świadomością - SYNC_AGENTS - ❌ Błąd | {'error': ''}
2025-07-05 22:51:50.423 | ERROR    | consciousness_integration:_connect_to_consciousness:80 | ❌ Błąd połączenia z systemem świadomości: 
2025-07-05 22:51:50.423 | ERROR    | logger:log_consciousness_integration:173 | 🧠 Integracja ze świadomością - CONNECT - ❌ Błąd | {'error': ''}
2025-07-05 22:51:50.423 | INFO     | consciousness_integration:sync:345 | ✅ Synchronizacja zakończona pomyślnie
2025-07-05 22:51:50.424 | INFO     | logger:log_consciousness_integration:171 | 🧠 Integracja ze świadomością - FULL_SYNC - ✅ Sukces
2025-07-05 22:51:50.425 | INFO     | logging:callHandlers:1762 | BEGIN (implicit)
2025-07-05 22:51:50.425 | INFO     | logging:callHandlers:1762 | DELETE FROM agent_conversations WHERE agent_conversations.started_at < %(started_at_1)s
2025-07-05 22:51:50.425 | INFO     | logging:callHandlers:1762 | [cached since 3302s ago] {'started_at_1': datetime.datetime(2025, 6, 5, 22, 51, 50, 424232)}
2025-07-05 22:51:50.427 | INFO     | logging:callHandlers:1762 | DELETE FROM system_events WHERE system_events.created_at < %(created_at_1)s
2025-07-05 22:51:50.427 | INFO     | logging:callHandlers:1762 | [cached since 3302s ago] {'created_at_1': datetime.datetime(2025, 6, 28, 22, 51, 50, 426701)}
2025-07-05 22:51:50.427 | INFO     | logging:callHandlers:1762 | COMMIT
2025-07-05 22:52:50.429 | INFO     | logging:callHandlers:1762 | BEGIN (implicit)
2025-07-05 22:52:50.429 | INFO     | logging:callHandlers:1762 | DELETE FROM agent_conversations WHERE agent_conversations.started_at < %(started_at_1)s
2025-07-05 22:52:50.429 | INFO     | logging:callHandlers:1762 | [cached since 3362s ago] {'started_at_1': datetime.datetime(2025, 6, 5, 22, 52, 50, 429191)}
2025-07-05 22:52:50.430 | INFO     | logging:callHandlers:1762 | DELETE FROM system_events WHERE system_events.created_at < %(created_at_1)s
2025-07-05 22:52:50.430 | INFO     | logging:callHandlers:1762 | [cached since 3362s ago] {'created_at_1': datetime.datetime(2025, 6, 28, 22, 52, 50, 430490)}
2025-07-05 22:52:50.431 | INFO     | logging:callHandlers:1762 | COMMIT
2025-07-05 22:53:50.435 | INFO     | logging:callHandlers:1762 | BEGIN (implicit)
2025-07-05 22:53:50.436 | INFO     | logging:callHandlers:1762 | DELETE FROM agent_conversations WHERE agent_conversations.started_at < %(started_at_1)s
2025-07-05 22:53:50.436 | INFO     | logging:callHandlers:1762 | [cached since 3422s ago] {'started_at_1': datetime.datetime(2025, 6, 5, 22, 53, 50, 433058)}
2025-07-05 22:53:50.438 | INFO     | logging:callHandlers:1762 | DELETE FROM system_events WHERE system_events.created_at < %(created_at_1)s
2025-07-05 22:53:50.438 | INFO     | logging:callHandlers:1762 | [cached since 3422s ago] {'created_at_1': datetime.datetime(2025, 6, 28, 22, 53, 50, 437453)}
2025-07-05 22:53:50.438 | INFO     | logging:callHandlers:1762 | COMMIT
2025-07-05 22:54:50.441 | INFO     | logging:callHandlers:1762 | BEGIN (implicit)
2025-07-05 22:54:50.441 | INFO     | logging:callHandlers:1762 | DELETE FROM agent_conversations WHERE agent_conversations.started_at < %(started_at_1)s
2025-07-05 22:54:50.441 | INFO     | logging:callHandlers:1762 | [cached since 3482s ago] {'started_at_1': datetime.datetime(2025, 6, 5, 22, 54, 50, 440507)}
2025-07-05 22:54:50.442 | INFO     | logging:callHandlers:1762 | DELETE FROM system_events WHERE system_events.created_at < %(created_at_1)s
2025-07-05 22:54:50.442 | INFO     | logging:callHandlers:1762 | [cached since 3482s ago] {'created_at_1': datetime.datetime(2025, 6, 28, 22, 54, 50, 442153)}
2025-07-05 22:54:50.442 | INFO     | logging:callHandlers:1762 | COMMIT
2025-07-05 22:55:50.444 | INFO     | logging:callHandlers:1762 | BEGIN (implicit)
2025-07-05 22:55:50.444 | INFO     | logging:callHandlers:1762 | DELETE FROM agent_conversations WHERE agent_conversations.started_at < %(started_at_1)s
2025-07-05 22:55:50.445 | INFO     | logging:callHandlers:1762 | [cached since 3542s ago] {'started_at_1': datetime.datetime(2025, 6, 5, 22, 55, 50, 443656)}
2025-07-05 22:55:50.446 | INFO     | logging:callHandlers:1762 | DELETE FROM system_events WHERE system_events.created_at < %(created_at_1)s
2025-07-05 22:55:50.446 | INFO     | logging:callHandlers:1762 | [cached since 3542s ago] {'created_at_1': datetime.datetime(2025, 6, 28, 22, 55, 50, 445962)}
2025-07-05 22:55:50.447 | INFO     | logging:callHandlers:1762 | COMMIT
2025-07-05 22:56:50.447 | WARNING  | agent_manager:health_check:469 | Agent Analityk jest bezczynny od 2025-07-05 21:56:48.682789
2025-07-05 22:56:50.448 | WARNING  | agent_manager:health_check:469 | Agent Kreatywny jest bezczynny od 2025-07-05 21:56:48.686301
2025-07-05 22:56:50.448 | WARNING  | agent_manager:health_check:469 | Agent Emocjonalny jest bezczynny od 2025-07-05 21:56:48.689567
2025-07-05 22:56:50.448 | WARNING  | agent_manager:health_check:469 | Agent Strażnik jest bezczynny od 2025-07-05 21:56:48.692674
2025-07-05 22:56:50.448 | WARNING  | agent_manager:health_check:469 | Agent Społeczny jest bezczynny od 2025-07-05 21:56:48.696475
2025-07-05 22:56:50.448 | WARNING  | agent_manager:health_check:469 | Agent Pamięć jest bezczynny od 2025-07-05 21:56:48.700320
2025-07-05 22:56:50.448 | WARNING  | agent_manager:health_check:469 | Agent Strategiczny jest bezczynny od 2025-07-05 21:56:48.703682
2025-07-05 22:56:50.448 | WARNING  | agent_manager:health_check:469 | Agent Intuicyjny jest bezczynny od 2025-07-05 21:56:48.707196
2025-07-05 22:56:50.448 | INFO     | consciousness_integration:sync:335 | 🔄 Rozpoczynanie synchronizacji z systemem świadomości
2025-07-05 22:56:50.450 | INFO     | logging:callHandlers:1762 | BEGIN (implicit)
2025-07-05 22:56:50.450 | INFO     | logging:callHandlers:1762 | SELECT subconscious_agents.id AS subconscious_agents_id, subconscious_agents.name AS subconscious_agents_name, subconscious_agents.agent_type AS subconscious_agents_agent_type, subconscious_agents.status AS subconscious_agents_status, subconscious_agents.description AS subconscious_agents_description, subconscious_agents.personality_traits AS subconscious_agents_personality_traits, subconscious_agents.skills AS subconscious_agents_skills, subconscious_agents.responsibilities AS subconscious_agents_responsibilities, subconscious_agents.system_prompt AS subconscious_agents_system_prompt, subconscious_agents.model_config AS subconscious_agents_model_config, subconscious_agents.activation_threshold AS subconscious_agents_activation_threshold, subconscious_agents.current_activity_level AS subconscious_agents_current_activity_level, subconscious_agents.priority_level AS subconscious_agents_priority_level, subconscious_agents.consciousness_integration AS subconscious_agents_consciousness_integration, subconscious_agents.created_at AS subconscious_agents_created_at, subconscious_agents.updated_at AS subconscious_agents_updated_at, subconscious_agents.last_active_at AS subconscious_agents_last_active_at 
FROM subconscious_agents
2025-07-05 22:56:50.450 | INFO     | logging:callHandlers:1762 | [cached since 3602s ago] {}
2025-07-05 23:01:51.421 | ERROR    | logging:callHandlers:1762 | Database session error: 
2025-07-05 23:01:51.423 | INFO     | logging:callHandlers:1762 | ROLLBACK
2025-07-05 23:01:51.424 | ERROR    | consciousness_integration:sync_agent_states:288 | ❌ Błąd synchronizacji stanów agentów: 
2025-07-05 23:01:51.424 | ERROR    | logger:log_consciousness_integration:173 | 🧠 Integracja ze świadomością - SYNC_AGENTS - ❌ Błąd | {'error': ''}
2025-07-05 23:06:52.420 | ERROR    | consciousness_integration:_connect_to_consciousness:80 | ❌ Błąd połączenia z systemem świadomości: 
2025-07-05 23:06:52.421 | ERROR    | logger:log_consciousness_integration:173 | 🧠 Integracja ze świadomością - CONNECT - ❌ Błąd | {'error': ''}
2025-07-05 23:06:52.421 | INFO     | consciousness_integration:sync:345 | ✅ Synchronizacja zakończona pomyślnie
2025-07-05 23:06:52.421 | INFO     | logger:log_consciousness_integration:171 | 🧠 Integracja ze świadomością - FULL_SYNC - ✅ Sukces
2025-07-05 23:06:52.422 | INFO     | logging:callHandlers:1762 | BEGIN (implicit)
2025-07-05 23:06:52.422 | INFO     | logging:callHandlers:1762 | DELETE FROM agent_conversations WHERE agent_conversations.started_at < %(started_at_1)s
2025-07-05 23:06:52.422 | INFO     | logging:callHandlers:1762 | [cached since 4204s ago] {'started_at_1': datetime.datetime(2025, 6, 5, 23, 6, 52, 421320)}
2025-07-05 23:06:52.423 | INFO     | logging:callHandlers:1762 | DELETE FROM system_events WHERE system_events.created_at < %(created_at_1)s
2025-07-05 23:06:52.423 | INFO     | logging:callHandlers:1762 | [cached since 4204s ago] {'created_at_1': datetime.datetime(2025, 6, 28, 23, 6, 52, 423027)}
2025-07-05 23:06:52.423 | INFO     | logging:callHandlers:1762 | COMMIT
2025-07-05 23:07:52.425 | WARNING  | agent_manager:health_check:469 | Agent Analityk jest bezczynny od 2025-07-05 21:56:48.682789
2025-07-05 23:07:52.425 | WARNING  | agent_manager:health_check:469 | Agent Kreatywny jest bezczynny od 2025-07-05 21:56:48.686301
2025-07-05 23:07:52.425 | WARNING  | agent_manager:health_check:469 | Agent Emocjonalny jest bezczynny od 2025-07-05 21:56:48.689567
2025-07-05 23:07:52.425 | WARNING  | agent_manager:health_check:469 | Agent Strażnik jest bezczynny od 2025-07-05 21:56:48.692674
2025-07-05 23:07:52.425 | WARNING  | agent_manager:health_check:469 | Agent Społeczny jest bezczynny od 2025-07-05 21:56:48.696475
2025-07-05 23:07:52.425 | WARNING  | agent_manager:health_check:469 | Agent Pamięć jest bezczynny od 2025-07-05 21:56:48.700320
2025-07-05 23:07:52.425 | WARNING  | agent_manager:health_check:469 | Agent Strategiczny jest bezczynny od 2025-07-05 21:56:48.703682
2025-07-05 23:07:52.425 | WARNING  | agent_manager:health_check:469 | Agent Intuicyjny jest bezczynny od 2025-07-05 21:56:48.707196
2025-07-05 23:07:52.426 | INFO     | logging:callHandlers:1762 | BEGIN (implicit)
2025-07-05 23:07:52.426 | INFO     | logging:callHandlers:1762 | DELETE FROM agent_conversations WHERE agent_conversations.started_at < %(started_at_1)s
2025-07-05 23:07:52.426 | INFO     | logging:callHandlers:1762 | [cached since 4264s ago] {'started_at_1': datetime.datetime(2025, 6, 5, 23, 7, 52, 425532)}
2025-07-05 23:07:52.427 | INFO     | logging:callHandlers:1762 | DELETE FROM system_events WHERE system_events.created_at < %(created_at_1)s
2025-07-05 23:07:52.427 | INFO     | logging:callHandlers:1762 | [cached since 4264s ago] {'created_at_1': datetime.datetime(2025, 6, 28, 23, 7, 52, 427260)}
2025-07-05 23:07:52.427 | INFO     | logging:callHandlers:1762 | COMMIT
2025-07-05 23:08:52.429 | WARNING  | agent_manager:health_check:469 | Agent Analityk jest bezczynny od 2025-07-05 21:56:48.682789
2025-07-05 23:08:52.429 | WARNING  | agent_manager:health_check:469 | Agent Kreatywny jest bezczynny od 2025-07-05 21:56:48.686301
2025-07-05 23:08:52.429 | WARNING  | agent_manager:health_check:469 | Agent Emocjonalny jest bezczynny od 2025-07-05 21:56:48.689567
2025-07-05 23:08:52.429 | WARNING  | agent_manager:health_check:469 | Agent Strażnik jest bezczynny od 2025-07-05 21:56:48.692674
2025-07-05 23:08:52.429 | WARNING  | agent_manager:health_check:469 | Agent Społeczny jest bezczynny od 2025-07-05 21:56:48.696475
2025-07-05 23:08:52.429 | WARNING  | agent_manager:health_check:469 | Agent Pamięć jest bezczynny od 2025-07-05 21:56:48.700320
2025-07-05 23:08:52.429 | WARNING  | agent_manager:health_check:469 | Agent Strategiczny jest bezczynny od 2025-07-05 21:56:48.703682
2025-07-05 23:08:52.429 | WARNING  | agent_manager:health_check:469 | Agent Intuicyjny jest bezczynny od 2025-07-05 21:56:48.707196
2025-07-05 23:08:52.430 | INFO     | logging:callHandlers:1762 | BEGIN (implicit)
2025-07-05 23:08:52.430 | INFO     | logging:callHandlers:1762 | DELETE FROM agent_conversations WHERE agent_conversations.started_at < %(started_at_1)s
2025-07-05 23:08:52.430 | INFO     | logging:callHandlers:1762 | [cached since 4324s ago] {'started_at_1': datetime.datetime(2025, 6, 5, 23, 8, 52, 429595)}
2025-07-05 23:08:52.431 | INFO     | logging:callHandlers:1762 | DELETE FROM system_events WHERE system_events.created_at < %(created_at_1)s
2025-07-05 23:08:52.431 | INFO     | logging:callHandlers:1762 | [cached since 4324s ago] {'created_at_1': datetime.datetime(2025, 6, 28, 23, 8, 52, 431743)}
2025-07-05 23:08:52.432 | INFO     | logging:callHandlers:1762 | COMMIT
2025-07-05 23:09:52.458 | WARNING  | agent_manager:health_check:469 | Agent Analityk jest bezczynny od 2025-07-05 21:56:48.682789
2025-07-05 23:09:52.458 | WARNING  | agent_manager:health_check:469 | Agent Kreatywny jest bezczynny od 2025-07-05 21:56:48.686301
2025-07-05 23:09:52.458 | WARNING  | agent_manager:health_check:469 | Agent Emocjonalny jest bezczynny od 2025-07-05 21:56:48.689567
2025-07-05 23:09:52.458 | WARNING  | agent_manager:health_check:469 | Agent Strażnik jest bezczynny od 2025-07-05 21:56:48.692674
2025-07-05 23:09:52.458 | WARNING  | agent_manager:health_check:469 | Agent Społeczny jest bezczynny od 2025-07-05 21:56:48.696475
2025-07-05 23:09:52.458 | WARNING  | agent_manager:health_check:469 | Agent Pamięć jest bezczynny od 2025-07-05 21:56:48.700320
2025-07-05 23:09:52.458 | WARNING  | agent_manager:health_check:469 | Agent Strategiczny jest bezczynny od 2025-07-05 21:56:48.703682
2025-07-05 23:09:52.458 | WARNING  | agent_manager:health_check:469 | Agent Intuicyjny jest bezczynny od 2025-07-05 21:56:48.707196
2025-07-05 23:09:52.459 | INFO     | logging:callHandlers:1762 | BEGIN (implicit)
2025-07-05 23:09:52.459 | INFO     | logging:callHandlers:1762 | DELETE FROM agent_conversations WHERE agent_conversations.started_at < %(started_at_1)s
2025-07-05 23:09:52.459 | INFO     | logging:callHandlers:1762 | [cached since 4384s ago] {'started_at_1': datetime.datetime(2025, 6, 5, 23, 9, 52, 458475)}
2025-07-05 23:09:52.459 | INFO     | logging:callHandlers:1762 | DELETE FROM system_events WHERE system_events.created_at < %(created_at_1)s
2025-07-05 23:09:52.459 | INFO     | logging:callHandlers:1762 | [cached since 4384s ago] {'created_at_1': datetime.datetime(2025, 6, 28, 23, 9, 52, 459733)}
2025-07-05 23:09:52.460 | INFO     | logging:callHandlers:1762 | COMMIT
2025-07-05 23:10:52.462 | WARNING  | agent_manager:health_check:469 | Agent Analityk jest bezczynny od 2025-07-05 21:56:48.682789
2025-07-05 23:10:52.463 | WARNING  | agent_manager:health_check:469 | Agent Kreatywny jest bezczynny od 2025-07-05 21:56:48.686301
2025-07-05 23:10:52.463 | WARNING  | agent_manager:health_check:469 | Agent Emocjonalny jest bezczynny od 2025-07-05 21:56:48.689567
2025-07-05 23:10:52.463 | WARNING  | agent_manager:health_check:469 | Agent Strażnik jest bezczynny od 2025-07-05 21:56:48.692674
2025-07-05 23:10:52.463 | WARNING  | agent_manager:health_check:469 | Agent Społeczny jest bezczynny od 2025-07-05 21:56:48.696475
2025-07-05 23:10:52.463 | WARNING  | agent_manager:health_check:469 | Agent Pamięć jest bezczynny od 2025-07-05 21:56:48.700320
2025-07-05 23:10:52.463 | WARNING  | agent_manager:health_check:469 | Agent Strategiczny jest bezczynny od 2025-07-05 21:56:48.703682
2025-07-05 23:10:52.463 | WARNING  | agent_manager:health_check:469 | Agent Intuicyjny jest bezczynny od 2025-07-05 21:56:48.707196
2025-07-05 23:10:52.465 | INFO     | logging:callHandlers:1762 | BEGIN (implicit)
2025-07-05 23:10:52.465 | INFO     | logging:callHandlers:1762 | DELETE FROM agent_conversations WHERE agent_conversations.started_at < %(started_at_1)s
2025-07-05 23:10:52.465 | INFO     | logging:callHandlers:1762 | [cached since 4444s ago] {'started_at_1': datetime.datetime(2025, 6, 5, 23, 10, 52, 464033)}
2025-07-05 23:10:52.466 | INFO     | logging:callHandlers:1762 | DELETE FROM system_events WHERE system_events.created_at < %(created_at_1)s
2025-07-05 23:10:52.466 | INFO     | logging:callHandlers:1762 | [cached since 4444s ago] {'created_at_1': datetime.datetime(2025, 6, 28, 23, 10, 52, 466229)}
2025-07-05 23:10:52.470 | INFO     | logging:callHandlers:1762 | COMMIT
2025-07-05 23:11:52.472 | WARNING  | agent_manager:health_check:469 | Agent Analityk jest bezczynny od 2025-07-05 21:56:48.682789
2025-07-05 23:11:52.472 | WARNING  | agent_manager:health_check:469 | Agent Kreatywny jest bezczynny od 2025-07-05 21:56:48.686301
2025-07-05 23:11:52.472 | WARNING  | agent_manager:health_check:469 | Agent Emocjonalny jest bezczynny od 2025-07-05 21:56:48.689567
2025-07-05 23:11:52.472 | WARNING  | agent_manager:health_check:469 | Agent Strażnik jest bezczynny od 2025-07-05 21:56:48.692674
2025-07-05 23:11:52.472 | WARNING  | agent_manager:health_check:469 | Agent Społeczny jest bezczynny od 2025-07-05 21:56:48.696475
2025-07-05 23:11:52.472 | WARNING  | agent_manager:health_check:469 | Agent Pamięć jest bezczynny od 2025-07-05 21:56:48.700320
2025-07-05 23:11:52.472 | WARNING  | agent_manager:health_check:469 | Agent Strategiczny jest bezczynny od 2025-07-05 21:56:48.703682
2025-07-05 23:11:52.472 | WARNING  | agent_manager:health_check:469 | Agent Intuicyjny jest bezczynny od 2025-07-05 21:56:48.707196
2025-07-05 23:11:52.472 | INFO     | consciousness_integration:sync:335 | 🔄 Rozpoczynanie synchronizacji z systemem świadomości
2025-07-05 23:11:52.472 | INFO     | logging:callHandlers:1762 | BEGIN (implicit)
2025-07-05 23:11:52.473 | INFO     | logging:callHandlers:1762 | SELECT subconscious_agents.id AS subconscious_agents_id, subconscious_agents.name AS subconscious_agents_name, subconscious_agents.agent_type AS subconscious_agents_agent_type, subconscious_agents.status AS subconscious_agents_status, subconscious_agents.description AS subconscious_agents_description, subconscious_agents.personality_traits AS subconscious_agents_personality_traits, subconscious_agents.skills AS subconscious_agents_skills, subconscious_agents.responsibilities AS subconscious_agents_responsibilities, subconscious_agents.system_prompt AS subconscious_agents_system_prompt, subconscious_agents.model_config AS subconscious_agents_model_config, subconscious_agents.activation_threshold AS subconscious_agents_activation_threshold, subconscious_agents.current_activity_level AS subconscious_agents_current_activity_level, subconscious_agents.priority_level AS subconscious_agents_priority_level, subconscious_agents.consciousness_integration AS subconscious_agents_consciousness_integration, subconscious_agents.created_at AS subconscious_agents_created_at, subconscious_agents.updated_at AS subconscious_agents_updated_at, subconscious_agents.last_active_at AS subconscious_agents_last_active_at 
FROM subconscious_agents
2025-07-05 23:11:52.473 | INFO     | logging:callHandlers:1762 | [cached since 4504s ago] {}
2025-07-05 23:16:53.446 | ERROR    | logging:callHandlers:1762 | Database session error: 
2025-07-05 23:16:53.446 | INFO     | logging:callHandlers:1762 | ROLLBACK
2025-07-05 23:16:53.447 | ERROR    | consciousness_integration:sync_agent_states:288 | ❌ Błąd synchronizacji stanów agentów: 
2025-07-05 23:16:53.447 | ERROR    | logger:log_consciousness_integration:173 | 🧠 Integracja ze świadomością - SYNC_AGENTS - ❌ Błąd | {'error': ''}
2025-07-05 23:21:00.237 | INFO     | main:lifespan:62 | 🛑 Zamykanie serwisu AutoGen
2025-07-05 23:21:00.237 | INFO     | consciousness_integration:stop:371 | 🛑 Zatrzymywanie integracji z systemem świadomości
2025-07-05 23:21:00.237 | INFO     | consciousness_integration:stop:384 | ✅ Integracja zatrzymana
2025-07-05 23:21:00.237 | INFO     | logger:log_consciousness_integration:171 | 🧠 Integracja ze świadomością - STOP - ✅ Sukces
2025-07-05 23:21:00.237 | INFO     | logger:log_agent_activity:151 | 🤖 Agent Analityk (ID: 1) - DEACTIVATED
2025-07-05 23:21:00.238 | INFO     | logger:log_agent_activity:151 | 🤖 Agent Kreatywny (ID: 2) - DEACTIVATED
2025-07-05 23:21:00.238 | INFO     | logger:log_agent_activity:151 | 🤖 Agent Emocjonalny (ID: 3) - DEACTIVATED
2025-07-05 23:21:00.238 | INFO     | logger:log_agent_activity:151 | 🤖 Agent Strażnik (ID: 4) - DEACTIVATED
2025-07-05 23:21:00.238 | INFO     | logger:log_agent_activity:151 | 🤖 Agent Społeczny (ID: 5) - DEACTIVATED
2025-07-05 23:21:00.238 | INFO     | logger:log_agent_activity:151 | 🤖 Agent Pamięć (ID: 6) - DEACTIVATED
2025-07-05 23:21:00.238 | INFO     | logger:log_agent_activity:151 | 🤖 Agent Strategiczny (ID: 7) - DEACTIVATED
2025-07-05 23:21:00.238 | INFO     | logger:log_agent_activity:151 | 🤖 Agent Intuicyjny (ID: 8) - DEACTIVATED
2025-07-05 23:21:00.238 | INFO     | agent_manager:shutdown:488 | Wszyscy agenci zostali wyłączeni
2025-07-05 23:21:00.238 | INFO     | main:lifespan:70 | ✅ Serwis AutoGen zamknięty pomyślnie
2025-07-05 23:21:01.143 | INFO     | logger:setup_loguru:66 | 🔧 System logowania skonfigurowany - poziom: INFO
2025-07-05 23:21:01.143 | INFO     | logger:setup_loguru:67 | 📁 Logi zapisywane do: /Users/piotradamczyk/Projects/AdamClay/autogen/logs/autogen.log
2025-07-05 23:21:01.241 | INFO     | main:lifespan:38 | 🚀 Uruchamianie Adam Clay AutoGen Subconscious Service
2025-07-05 23:21:01.241 | INFO     | logging:callHandlers:1762 | 🗄️  Inicjalizacja bazy danych...
2025-07-05 23:21:01.246 | INFO     | logging:callHandlers:1762 | SELECT DATABASE()
2025-07-05 23:21:01.246 | INFO     | logging:callHandlers:1762 | [raw sql] {}
2025-07-05 23:21:01.246 | INFO     | logging:callHandlers:1762 | SELECT @@sql_mode
2025-07-05 23:21:01.246 | INFO     | logging:callHandlers:1762 | [raw sql] {}
2025-07-05 23:21:01.247 | INFO     | logging:callHandlers:1762 | SELECT @@lower_case_table_names
2025-07-05 23:21:01.247 | INFO     | logging:callHandlers:1762 | [raw sql] {}
2025-07-05 23:21:01.247 | INFO     | logging:callHandlers:1762 | ✅ Połączenie z bazą danych nawiązane
2025-07-05 23:21:01.248 | INFO     | logging:callHandlers:1762 | BEGIN (implicit)
2025-07-05 23:21:01.248 | INFO     | logging:callHandlers:1762 | DESCRIBE `adam_clay_autogen`.`subconscious_agents`
2025-07-05 23:21:01.248 | INFO     | logging:callHandlers:1762 | [raw sql] {}
2025-07-05 23:21:01.251 | INFO     | logging:callHandlers:1762 | DESCRIBE `adam_clay_autogen`.`agent_conversations`
2025-07-05 23:21:01.251 | INFO     | logging:callHandlers:1762 | [raw sql] {}
2025-07-05 23:21:01.253 | INFO     | logging:callHandlers:1762 | DESCRIBE `adam_clay_autogen`.`agent_interactions`
2025-07-05 23:21:01.253 | INFO     | logging:callHandlers:1762 | [raw sql] {}
2025-07-05 23:21:01.255 | INFO     | logging:callHandlers:1762 | DESCRIBE `adam_clay_autogen`.`agent_memory`
2025-07-05 23:21:01.255 | INFO     | logging:callHandlers:1762 | [raw sql] {}
2025-07-05 23:21:01.257 | INFO     | logging:callHandlers:1762 | DESCRIBE `adam_clay_autogen`.`system_events`
2025-07-05 23:21:01.257 | INFO     | logging:callHandlers:1762 | [raw sql] {}
2025-07-05 23:21:01.259 | INFO     | logging:callHandlers:1762 | DESCRIBE `adam_clay_autogen`.`agent_statistics`
2025-07-05 23:21:01.259 | INFO     | logging:callHandlers:1762 | [raw sql] {}
2025-07-05 23:21:01.261 | INFO     | logging:callHandlers:1762 | COMMIT
2025-07-05 23:21:01.261 | INFO     | logging:callHandlers:1762 | ✅ Tabele bazy danych utworzone/zaktualizowane
2025-07-05 23:21:01.269 | INFO     | logging:callHandlers:1762 | BEGIN (implicit)
2025-07-05 23:21:01.271 | INFO     | logging:callHandlers:1762 | SELECT count(*) AS count_1 
FROM (SELECT subconscious_agents.id AS subconscious_agents_id, subconscious_agents.name AS subconscious_agents_name, subconscious_agents.agent_type AS subconscious_agents_agent_type, subconscious_agents.status AS subconscious_agents_status, subconscious_agents.description AS subconscious_agents_description, subconscious_agents.personality_traits AS subconscious_agents_personality_traits, subconscious_agents.skills AS subconscious_agents_skills, subconscious_agents.responsibilities AS subconscious_agents_responsibilities, subconscious_agents.system_prompt AS subconscious_agents_system_prompt, subconscious_agents.model_config AS subconscious_agents_model_config, subconscious_agents.activation_threshold AS subconscious_agents_activation_threshold, subconscious_agents.current_activity_level AS subconscious_agents_current_activity_level, subconscious_agents.priority_level AS subconscious_agents_priority_level, subconscious_agents.consciousness_integration AS subconscious_agents_consciousness_integration, subconscious_agents.created_at AS subconscious_agents_created_at, subconscious_agents.updated_at AS subconscious_agents_updated_at, subconscious_agents.last_active_at AS subconscious_agents_last_active_at 
FROM subconscious_agents) AS anon_1
2025-07-05 23:21:01.271 | INFO     | logging:callHandlers:1762 | [generated in 0.00018s] {}
2025-07-05 23:21:01.272 | INFO     | logging:callHandlers:1762 | 📊 Liczba agentów w bazie: 8
2025-07-05 23:21:01.272 | INFO     | logging:callHandlers:1762 | ROLLBACK
2025-07-05 23:21:01.272 | INFO     | logging:callHandlers:1762 | BEGIN (implicit)
2025-07-05 23:21:01.273 | INFO     | logging:callHandlers:1762 | SELECT subconscious_agents.id AS subconscious_agents_id, subconscious_agents.name AS subconscious_agents_name, subconscious_agents.agent_type AS subconscious_agents_agent_type, subconscious_agents.status AS subconscious_agents_status, subconscious_agents.description AS subconscious_agents_description, subconscious_agents.personality_traits AS subconscious_agents_personality_traits, subconscious_agents.skills AS subconscious_agents_skills, subconscious_agents.responsibilities AS subconscious_agents_responsibilities, subconscious_agents.system_prompt AS subconscious_agents_system_prompt, subconscious_agents.model_config AS subconscious_agents_model_config, subconscious_agents.activation_threshold AS subconscious_agents_activation_threshold, subconscious_agents.current_activity_level AS subconscious_agents_current_activity_level, subconscious_agents.priority_level AS subconscious_agents_priority_level, subconscious_agents.consciousness_integration AS subconscious_agents_consciousness_integration, subconscious_agents.created_at AS subconscious_agents_created_at, subconscious_agents.updated_at AS subconscious_agents_updated_at, subconscious_agents.last_active_at AS subconscious_agents_last_active_at 
FROM subconscious_agents
2025-07-05 23:21:01.273 | INFO     | logging:callHandlers:1762 | [generated in 0.00016s] {}
2025-07-05 23:21:01.280 | ERROR    | agent_manager:setup_autogen_agent:61 | Błąd konfiguracji agenta Analityk: 1 validation error for _LLMConfig
config_list.0.openai.temperature
  Extra inputs are not permitted [type=extra_forbidden, input_value=0.3, input_type=float]
    For further information visit https://errors.pydantic.dev/2.11/v/extra_forbidden
2025-07-05 23:21:01.280 | INFO     | logger:log_agent_activity:151 | 🤖 Agent Analityk (ID: 1) - AKTIVATED
2025-07-05 23:21:01.283 | ERROR    | agent_manager:setup_autogen_agent:61 | Błąd konfiguracji agenta Kreatywny: 1 validation error for _LLMConfig
config_list.0.openai.temperature
  Extra inputs are not permitted [type=extra_forbidden, input_value=0.8, input_type=float]
    For further information visit https://errors.pydantic.dev/2.11/v/extra_forbidden
2025-07-05 23:21:01.283 | INFO     | logger:log_agent_activity:151 | 🤖 Agent Kreatywny (ID: 2) - AKTIVATED
2025-07-05 23:21:01.287 | ERROR    | agent_manager:setup_autogen_agent:61 | Błąd konfiguracji agenta Emocjonalny: 1 validation error for _LLMConfig
config_list.0.openai.temperature
  Extra inputs are not permitted [type=extra_forbidden, input_value=0.7, input_type=float]
    For further information visit https://errors.pydantic.dev/2.11/v/extra_forbidden
2025-07-05 23:21:01.287 | INFO     | logger:log_agent_activity:151 | 🤖 Agent Emocjonalny (ID: 3) - AKTIVATED
2025-07-05 23:21:01.290 | ERROR    | agent_manager:setup_autogen_agent:61 | Błąd konfiguracji agenta Strażnik: 1 validation error for _LLMConfig
config_list.0.openai.temperature
  Extra inputs are not permitted [type=extra_forbidden, input_value=0.2, input_type=float]
    For further information visit https://errors.pydantic.dev/2.11/v/extra_forbidden
2025-07-05 23:21:01.290 | INFO     | logger:log_agent_activity:151 | 🤖 Agent Strażnik (ID: 4) - AKTIVATED
2025-07-05 23:21:01.293 | ERROR    | agent_manager:setup_autogen_agent:61 | Błąd konfiguracji agenta Społeczny: 1 validation error for _LLMConfig
config_list.0.openai.temperature
  Extra inputs are not permitted [type=extra_forbidden, input_value=0.6, input_type=float]
    For further information visit https://errors.pydantic.dev/2.11/v/extra_forbidden
2025-07-05 23:21:01.293 | INFO     | logger:log_agent_activity:151 | 🤖 Agent Społeczny (ID: 5) - AKTIVATED
2025-07-05 23:21:01.296 | ERROR    | agent_manager:setup_autogen_agent:61 | Błąd konfiguracji agenta Pamięć: 1 validation error for _LLMConfig
config_list.0.openai.temperature
  Extra inputs are not permitted [type=extra_forbidden, input_value=0.1, input_type=float]
    For further information visit https://errors.pydantic.dev/2.11/v/extra_forbidden
2025-07-05 23:21:01.296 | INFO     | logger:log_agent_activity:151 | 🤖 Agent Pamięć (ID: 6) - AKTIVATED
2025-07-05 23:21:01.300 | ERROR    | agent_manager:setup_autogen_agent:61 | Błąd konfiguracji agenta Strategiczny: 1 validation error for _LLMConfig
config_list.0.openai.temperature
  Extra inputs are not permitted [type=extra_forbidden, input_value=0.4, input_type=float]
    For further information visit https://errors.pydantic.dev/2.11/v/extra_forbidden
2025-07-05 23:21:01.300 | INFO     | logger:log_agent_activity:151 | 🤖 Agent Strategiczny (ID: 7) - AKTIVATED
2025-07-05 23:21:01.303 | ERROR    | agent_manager:setup_autogen_agent:61 | Błąd konfiguracji agenta Intuicyjny: 1 validation error for _LLMConfig
config_list.0.openai.temperature
  Extra inputs are not permitted [type=extra_forbidden, input_value=0.9, input_type=float]
    For further information visit https://errors.pydantic.dev/2.11/v/extra_forbidden
2025-07-05 23:21:01.303 | INFO     | logger:log_agent_activity:151 | 🤖 Agent Intuicyjny (ID: 8) - AKTIVATED
2025-07-05 23:21:01.303 | INFO     | agent_manager:load_agents:242 | Załadowano 8 agentów
2025-07-05 23:21:01.303 | ERROR    | agent_manager:_setup_group_chat:284 | Błąd konfiguracji group chat: allowed_speaker_transitions_dict has values that are not lists of Agents.
2025-07-05 23:21:01.303 | INFO     | logging:callHandlers:1762 | ROLLBACK
2025-07-05 23:21:01.304 | INFO     | consciousness_integration:start:42 | 🧠 Rozpoczynanie integracji z systemem świadomości Adam Clay
2025-07-06 00:07:11.804 | INFO     | logger:setup_loguru:66 | 🔧 System logowania skonfigurowany - poziom: INFO
2025-07-06 00:07:11.804 | INFO     | logger:setup_loguru:67 | 📁 Logi zapisywane do: /Users/piotradamczyk/Projects/AdamClay/autogen/logs/autogen.log
2025-07-06 00:07:11.894 | INFO     | __main__:<module>:350 | 🚀 Uruchamianie Adam Clay AutoGen Subconscious Service
2025-07-06 00:07:12.723 | INFO     | logger:setup_loguru:66 | 🔧 System logowania skonfigurowany - poziom: INFO
2025-07-06 00:07:12.723 | INFO     | logger:setup_loguru:67 | 📁 Logi zapisywane do: /Users/piotradamczyk/Projects/AdamClay/autogen/logs/autogen.log
2025-07-06 00:07:12.811 | INFO     | main:lifespan:38 | 🚀 Uruchamianie Adam Clay AutoGen Subconscious Service
2025-07-06 00:07:12.812 | INFO     | logging:callHandlers:1762 | 🗄️  Inicjalizacja bazy danych...
2025-07-06 00:07:12.816 | INFO     | logging:callHandlers:1762 | SELECT DATABASE()
2025-07-06 00:07:12.816 | INFO     | logging:callHandlers:1762 | [raw sql] {}
2025-07-06 00:07:12.817 | INFO     | logging:callHandlers:1762 | SELECT @@sql_mode
2025-07-06 00:07:12.817 | INFO     | logging:callHandlers:1762 | [raw sql] {}
2025-07-06 00:07:12.817 | INFO     | logging:callHandlers:1762 | SELECT @@lower_case_table_names
2025-07-06 00:07:12.817 | INFO     | logging:callHandlers:1762 | [raw sql] {}
2025-07-06 00:07:12.818 | INFO     | logging:callHandlers:1762 | ✅ Połączenie z bazą danych nawiązane
2025-07-06 00:07:12.818 | INFO     | logging:callHandlers:1762 | BEGIN (implicit)
2025-07-06 00:07:12.818 | INFO     | logging:callHandlers:1762 | DESCRIBE `adam_clay_autogen`.`subconscious_agents`
2025-07-06 00:07:12.818 | INFO     | logging:callHandlers:1762 | [raw sql] {}
2025-07-06 00:07:12.821 | INFO     | logging:callHandlers:1762 | DESCRIBE `adam_clay_autogen`.`agent_conversations`
2025-07-06 00:07:12.821 | INFO     | logging:callHandlers:1762 | [raw sql] {}
2025-07-06 00:07:12.823 | INFO     | logging:callHandlers:1762 | DESCRIBE `adam_clay_autogen`.`agent_interactions`
2025-07-06 00:07:12.823 | INFO     | logging:callHandlers:1762 | [raw sql] {}
2025-07-06 00:07:12.824 | INFO     | logging:callHandlers:1762 | DESCRIBE `adam_clay_autogen`.`agent_memory`
2025-07-06 00:07:12.824 | INFO     | logging:callHandlers:1762 | [raw sql] {}
2025-07-06 00:07:12.826 | INFO     | logging:callHandlers:1762 | DESCRIBE `adam_clay_autogen`.`system_events`
2025-07-06 00:07:12.826 | INFO     | logging:callHandlers:1762 | [raw sql] {}
2025-07-06 00:07:12.828 | INFO     | logging:callHandlers:1762 | DESCRIBE `adam_clay_autogen`.`agent_statistics`
2025-07-06 00:07:12.828 | INFO     | logging:callHandlers:1762 | [raw sql] {}
2025-07-06 00:07:12.830 | INFO     | logging:callHandlers:1762 | COMMIT
2025-07-06 00:07:12.831 | INFO     | logging:callHandlers:1762 | ✅ Tabele bazy danych utworzone/zaktualizowane
2025-07-06 00:07:12.837 | INFO     | logging:callHandlers:1762 | BEGIN (implicit)
2025-07-06 00:07:12.840 | INFO     | logging:callHandlers:1762 | SELECT count(*) AS count_1 
FROM (SELECT subconscious_agents.id AS subconscious_agents_id, subconscious_agents.name AS subconscious_agents_name, subconscious_agents.agent_type AS subconscious_agents_agent_type, subconscious_agents.status AS subconscious_agents_status, subconscious_agents.description AS subconscious_agents_description, subconscious_agents.personality_traits AS subconscious_agents_personality_traits, subconscious_agents.skills AS subconscious_agents_skills, subconscious_agents.responsibilities AS subconscious_agents_responsibilities, subconscious_agents.system_prompt AS subconscious_agents_system_prompt, subconscious_agents.model_config AS subconscious_agents_model_config, subconscious_agents.activation_threshold AS subconscious_agents_activation_threshold, subconscious_agents.current_activity_level AS subconscious_agents_current_activity_level, subconscious_agents.priority_level AS subconscious_agents_priority_level, subconscious_agents.consciousness_integration AS subconscious_agents_consciousness_integration, subconscious_agents.created_at AS subconscious_agents_created_at, subconscious_agents.updated_at AS subconscious_agents_updated_at, subconscious_agents.last_active_at AS subconscious_agents_last_active_at 
FROM subconscious_agents) AS anon_1
2025-07-06 00:07:12.840 | INFO     | logging:callHandlers:1762 | [generated in 0.00013s] {}
2025-07-06 00:07:12.840 | INFO     | logging:callHandlers:1762 | 📊 Liczba agentów w bazie: 8
2025-07-06 00:07:12.840 | INFO     | logging:callHandlers:1762 | ROLLBACK
2025-07-06 00:07:12.841 | INFO     | logging:callHandlers:1762 | BEGIN (implicit)
2025-07-06 00:07:12.841 | INFO     | logging:callHandlers:1762 | SELECT subconscious_agents.id AS subconscious_agents_id, subconscious_agents.name AS subconscious_agents_name, subconscious_agents.agent_type AS subconscious_agents_agent_type, subconscious_agents.status AS subconscious_agents_status, subconscious_agents.description AS subconscious_agents_description, subconscious_agents.personality_traits AS subconscious_agents_personality_traits, subconscious_agents.skills AS subconscious_agents_skills, subconscious_agents.responsibilities AS subconscious_agents_responsibilities, subconscious_agents.system_prompt AS subconscious_agents_system_prompt, subconscious_agents.model_config AS subconscious_agents_model_config, subconscious_agents.activation_threshold AS subconscious_agents_activation_threshold, subconscious_agents.current_activity_level AS subconscious_agents_current_activity_level, subconscious_agents.priority_level AS subconscious_agents_priority_level, subconscious_agents.consciousness_integration AS subconscious_agents_consciousness_integration, subconscious_agents.created_at AS subconscious_agents_created_at, subconscious_agents.updated_at AS subconscious_agents_updated_at, subconscious_agents.last_active_at AS subconscious_agents_last_active_at 
FROM subconscious_agents
2025-07-06 00:07:12.841 | INFO     | logging:callHandlers:1762 | [generated in 0.00009s] {}
2025-07-06 00:07:12.849 | ERROR    | agent_manager:setup_autogen_agent:61 | Błąd konfiguracji agenta Analityk: 1 validation error for _LLMConfig
config_list.0.openai.temperature
  Extra inputs are not permitted [type=extra_forbidden, input_value=0.3, input_type=float]
    For further information visit https://errors.pydantic.dev/2.11/v/extra_forbidden
2025-07-06 00:07:12.849 | INFO     | logger:log_agent_activity:151 | 🤖 Agent Analityk (ID: 1) - AKTIVATED
2025-07-06 00:07:12.853 | ERROR    | agent_manager:setup_autogen_agent:61 | Błąd konfiguracji agenta Kreatywny: 1 validation error for _LLMConfig
config_list.0.openai.temperature
  Extra inputs are not permitted [type=extra_forbidden, input_value=0.8, input_type=float]
    For further information visit https://errors.pydantic.dev/2.11/v/extra_forbidden
2025-07-06 00:07:12.853 | INFO     | logger:log_agent_activity:151 | 🤖 Agent Kreatywny (ID: 2) - AKTIVATED
2025-07-06 00:07:12.856 | ERROR    | agent_manager:setup_autogen_agent:61 | Błąd konfiguracji agenta Emocjonalny: 1 validation error for _LLMConfig
config_list.0.openai.temperature
  Extra inputs are not permitted [type=extra_forbidden, input_value=0.7, input_type=float]
    For further information visit https://errors.pydantic.dev/2.11/v/extra_forbidden
2025-07-06 00:07:12.856 | INFO     | logger:log_agent_activity:151 | 🤖 Agent Emocjonalny (ID: 3) - AKTIVATED
2025-07-06 00:07:12.859 | ERROR    | agent_manager:setup_autogen_agent:61 | Błąd konfiguracji agenta Strażnik: 1 validation error for _LLMConfig
config_list.0.openai.temperature
  Extra inputs are not permitted [type=extra_forbidden, input_value=0.2, input_type=float]
    For further information visit https://errors.pydantic.dev/2.11/v/extra_forbidden
2025-07-06 00:07:12.860 | INFO     | logger:log_agent_activity:151 | 🤖 Agent Strażnik (ID: 4) - AKTIVATED
2025-07-06 00:07:12.863 | ERROR    | agent_manager:setup_autogen_agent:61 | Błąd konfiguracji agenta Społeczny: 1 validation error for _LLMConfig
config_list.0.openai.temperature
  Extra inputs are not permitted [type=extra_forbidden, input_value=0.6, input_type=float]
    For further information visit https://errors.pydantic.dev/2.11/v/extra_forbidden
2025-07-06 00:07:12.863 | INFO     | logger:log_agent_activity:151 | 🤖 Agent Społeczny (ID: 5) - AKTIVATED
2025-07-06 00:07:12.866 | ERROR    | agent_manager:setup_autogen_agent:61 | Błąd konfiguracji agenta Pamięć: 1 validation error for _LLMConfig
config_list.0.openai.temperature
  Extra inputs are not permitted [type=extra_forbidden, input_value=0.1, input_type=float]
    For further information visit https://errors.pydantic.dev/2.11/v/extra_forbidden
2025-07-06 00:07:12.867 | INFO     | logger:log_agent_activity:151 | 🤖 Agent Pamięć (ID: 6) - AKTIVATED
2025-07-06 00:07:12.870 | ERROR    | agent_manager:setup_autogen_agent:61 | Błąd konfiguracji agenta Strategiczny: 1 validation error for _LLMConfig
config_list.0.openai.temperature
  Extra inputs are not permitted [type=extra_forbidden, input_value=0.4, input_type=float]
    For further information visit https://errors.pydantic.dev/2.11/v/extra_forbidden
2025-07-06 00:07:12.870 | INFO     | logger:log_agent_activity:151 | 🤖 Agent Strategiczny (ID: 7) - AKTIVATED
2025-07-06 00:07:12.873 | ERROR    | agent_manager:setup_autogen_agent:61 | Błąd konfiguracji agenta Intuicyjny: 1 validation error for _LLMConfig
config_list.0.openai.temperature
  Extra inputs are not permitted [type=extra_forbidden, input_value=0.9, input_type=float]
    For further information visit https://errors.pydantic.dev/2.11/v/extra_forbidden
2025-07-06 00:07:12.873 | INFO     | logger:log_agent_activity:151 | 🤖 Agent Intuicyjny (ID: 8) - AKTIVATED
2025-07-06 00:07:12.873 | INFO     | agent_manager:load_agents:242 | Załadowano 8 agentów
2025-07-06 00:07:12.873 | ERROR    | agent_manager:_setup_group_chat:284 | Błąd konfiguracji group chat: allowed_speaker_transitions_dict has values that are not lists of Agents.
2025-07-06 00:07:12.873 | INFO     | logging:callHandlers:1762 | ROLLBACK
2025-07-06 00:07:12.874 | INFO     | consciousness_integration:start:42 | 🧠 Rozpoczynanie integracji z systemem świadomości Adam Clay
2025-07-06 00:07:12.904 | WARNING  | consciousness_integration:_connect_to_consciousness:73 | ⚠️ Problemy z API świadomości: 404
2025-07-06 00:07:12.904 | ERROR    | logger:log_consciousness_integration:173 | 🧠 Integracja ze świadomością - CONNECT_REST - ❌ Błąd | {'status_code': 404}
2025-07-06 00:07:20.696 | WARNING  | consciousness_integration:_connect_websocket:103 | ⚠️ Nie udało się połączyć przez WebSocket: Multiple exceptions: [Errno 60] Connect call failed ('127.0.0.1', 8005), [Errno 61] Connect call failed ('::1', 8005, 0, 0)
2025-07-06 00:07:20.696 | ERROR    | logger:log_consciousness_integration:173 | 🧠 Integracja ze świadomością - CONNECT_WS - ❌ Błąd | {'error': "Multiple exceptions: [Errno 60] Connect call failed ('127.0.0.1', 8005), [Errno 61] Connect call failed ('::1', 8005, 0, 0)"}
2025-07-06 00:07:20.696 | INFO     | consciousness_integration:start:53 | ✅ Integracja z systemem świadomości uruchomiona
2025-07-06 00:07:20.696 | INFO     | main:lifespan:57 | ✅ Serwis AutoGen uruchomiony pomyślnie
2025-07-06 00:07:20.697 | INFO     | main:background_tasks:303 | 🔄 Uruchamianie zadań w tle
2025-07-06 00:07:20.697 | INFO     | consciousness_integration:sync:335 | 🔄 Rozpoczynanie synchronizacji z systemem świadomości
2025-07-06 00:07:20.697 | INFO     | logging:callHandlers:1762 | BEGIN (implicit)
2025-07-06 00:07:20.697 | INFO     | logging:callHandlers:1762 | SELECT subconscious_agents.id AS subconscious_agents_id, subconscious_agents.name AS subconscious_agents_name, subconscious_agents.agent_type AS subconscious_agents_agent_type, subconscious_agents.status AS subconscious_agents_status, subconscious_agents.description AS subconscious_agents_description, subconscious_agents.personality_traits AS subconscious_agents_personality_traits, subconscious_agents.skills AS subconscious_agents_skills, subconscious_agents.responsibilities AS subconscious_agents_responsibilities, subconscious_agents.system_prompt AS subconscious_agents_system_prompt, subconscious_agents.model_config AS subconscious_agents_model_config, subconscious_agents.activation_threshold AS subconscious_agents_activation_threshold, subconscious_agents.current_activity_level AS subconscious_agents_current_activity_level, subconscious_agents.priority_level AS subconscious_agents_priority_level, subconscious_agents.consciousness_integration AS subconscious_agents_consciousness_integration, subconscious_agents.created_at AS subconscious_agents_created_at, subconscious_agents.updated_at AS subconscious_agents_updated_at, subconscious_agents.last_active_at AS subconscious_agents_last_active_at 
FROM subconscious_agents
2025-07-06 00:07:20.697 | INFO     | logging:callHandlers:1762 | [cached since 7.856s ago] {}
2025-07-06 00:07:20.714 | WARNING  | consciousness_integration:sync_agent_states:284 | ⚠️ Problemy z synchronizacją: 404
2025-07-06 00:07:20.714 | ERROR    | logger:log_consciousness_integration:173 | 🧠 Integracja ze świadomością - SYNC_AGENTS - ❌ Błąd | {'status_code': 404}
2025-07-06 00:07:20.715 | INFO     | logging:callHandlers:1762 | ROLLBACK
2025-07-06 00:07:20.740 | WARNING  | consciousness_integration:_connect_to_consciousness:73 | ⚠️ Problemy z API świadomości: 404
2025-07-06 00:07:20.740 | ERROR    | logger:log_consciousness_integration:173 | 🧠 Integracja ze świadomością - CONNECT_REST - ❌ Błąd | {'status_code': 404}
2025-07-06 00:07:20.743 | WARNING  | consciousness_integration:_connect_websocket:103 | ⚠️ Nie udało się połączyć przez WebSocket: server rejected WebSocket connection: HTTP 403
2025-07-06 00:07:20.743 | ERROR    | logger:log_consciousness_integration:173 | 🧠 Integracja ze świadomością - CONNECT_WS - ❌ Błąd | {'error': 'server rejected WebSocket connection: HTTP 403'}
2025-07-06 00:07:20.743 | INFO     | consciousness_integration:sync:345 | ✅ Synchronizacja zakończona pomyślnie
2025-07-06 00:07:20.743 | INFO     | logger:log_consciousness_integration:171 | 🧠 Integracja ze świadomością - FULL_SYNC - ✅ Sukces
2025-07-06 00:07:20.744 | INFO     | logging:callHandlers:1762 | BEGIN (implicit)
2025-07-06 00:07:20.744 | INFO     | logging:callHandlers:1762 | DELETE FROM agent_conversations WHERE agent_conversations.started_at < %(started_at_1)s
2025-07-06 00:07:20.744 | INFO     | logging:callHandlers:1762 | [generated in 0.00009s] {'started_at_1': datetime.datetime(2025, 6, 6, 0, 7, 20, 743589)}
2025-07-06 00:07:20.745 | INFO     | logging:callHandlers:1762 | DELETE FROM system_events WHERE system_events.created_at < %(created_at_1)s
2025-07-06 00:07:20.745 | INFO     | logging:callHandlers:1762 | [generated in 0.00010s] {'created_at_1': datetime.datetime(2025, 6, 29, 0, 7, 20, 745286)}
2025-07-06 00:07:20.746 | INFO     | logging:callHandlers:1762 | COMMIT
2025-07-06 00:07:21.946 | INFO     | logging:callHandlers:1762 | BEGIN (implicit)
2025-07-06 00:07:21.946 | INFO     | logging:callHandlers:1762 | SELECT count(*) AS count_1 
FROM (SELECT subconscious_agents.id AS subconscious_agents_id, subconscious_agents.name AS subconscious_agents_name, subconscious_agents.agent_type AS subconscious_agents_agent_type, subconscious_agents.status AS subconscious_agents_status, subconscious_agents.description AS subconscious_agents_description, subconscious_agents.personality_traits AS subconscious_agents_personality_traits, subconscious_agents.skills AS subconscious_agents_skills, subconscious_agents.responsibilities AS subconscious_agents_responsibilities, subconscious_agents.system_prompt AS subconscious_agents_system_prompt, subconscious_agents.model_config AS subconscious_agents_model_config, subconscious_agents.activation_threshold AS subconscious_agents_activation_threshold, subconscious_agents.current_activity_level AS subconscious_agents_current_activity_level, subconscious_agents.priority_level AS subconscious_agents_priority_level, subconscious_agents.consciousness_integration AS subconscious_agents_consciousness_integration, subconscious_agents.created_at AS subconscious_agents_created_at, subconscious_agents.updated_at AS subconscious_agents_updated_at, subconscious_agents.last_active_at AS subconscious_agents_last_active_at 
FROM subconscious_agents) AS anon_1
2025-07-06 00:07:21.946 | INFO     | logging:callHandlers:1762 | [cached since 9.107s ago] {}
2025-07-06 00:07:21.947 | INFO     | logging:callHandlers:1762 | ROLLBACK
2025-07-06 00:07:21.948 | ERROR    | main:health_check:123 | Health check failed: 'bool' object is not callable
2025-07-06 00:08:20.748 | INFO     | logging:callHandlers:1762 | BEGIN (implicit)
2025-07-06 00:08:20.748 | INFO     | logging:callHandlers:1762 | DELETE FROM agent_conversations WHERE agent_conversations.started_at < %(started_at_1)s
2025-07-06 00:08:20.748 | INFO     | logging:callHandlers:1762 | [cached since 60s ago] {'started_at_1': datetime.datetime(2025, 6, 6, 0, 8, 20, 746786)}
2025-07-06 00:08:20.749 | INFO     | logging:callHandlers:1762 | DELETE FROM system_events WHERE system_events.created_at < %(created_at_1)s
2025-07-06 00:08:20.749 | INFO     | logging:callHandlers:1762 | [cached since 60s ago] {'created_at_1': datetime.datetime(2025, 6, 29, 0, 8, 20, 749489)}
2025-07-06 00:08:20.750 | INFO     | logging:callHandlers:1762 | COMMIT
2025-07-06 00:09:20.752 | INFO     | logging:callHandlers:1762 | BEGIN (implicit)
2025-07-06 00:09:20.753 | INFO     | logging:callHandlers:1762 | DELETE FROM agent_conversations WHERE agent_conversations.started_at < %(started_at_1)s
2025-07-06 00:09:20.753 | INFO     | logging:callHandlers:1762 | [cached since 120s ago] {'started_at_1': datetime.datetime(2025, 6, 6, 0, 9, 20, 751260)}
2025-07-06 00:09:20.754 | INFO     | logging:callHandlers:1762 | DELETE FROM system_events WHERE system_events.created_at < %(created_at_1)s
2025-07-06 00:09:20.754 | INFO     | logging:callHandlers:1762 | [cached since 120s ago] {'created_at_1': datetime.datetime(2025, 6, 29, 0, 9, 20, 754435)}
2025-07-06 00:09:20.754 | INFO     | logging:callHandlers:1762 | COMMIT
2025-07-06 00:10:20.757 | INFO     | logging:callHandlers:1762 | BEGIN (implicit)
2025-07-06 00:10:20.757 | INFO     | logging:callHandlers:1762 | DELETE FROM agent_conversations WHERE agent_conversations.started_at < %(started_at_1)s
2025-07-06 00:10:20.758 | INFO     | logging:callHandlers:1762 | [cached since 180s ago] {'started_at_1': datetime.datetime(2025, 6, 6, 0, 10, 20, 755978)}
2025-07-06 00:10:20.758 | INFO     | logging:callHandlers:1762 | DELETE FROM system_events WHERE system_events.created_at < %(created_at_1)s
2025-07-06 00:10:20.758 | INFO     | logging:callHandlers:1762 | [cached since 180s ago] {'created_at_1': datetime.datetime(2025, 6, 29, 0, 10, 20, 758402)}
2025-07-06 00:10:20.758 | INFO     | logging:callHandlers:1762 | COMMIT
2025-07-06 00:15:06.488 | INFO     | logger:setup_loguru:66 | 🔧 System logowania skonfigurowany - poziom: INFO
2025-07-06 00:15:06.488 | INFO     | logger:setup_loguru:67 | 📁 Logi zapisywane do: /Users/piotradamczyk/Projects/AdamClay/autogen/logs/autogen.log
2025-07-06 00:15:06.569 | INFO     | __main__:<module>:350 | 🚀 Uruchamianie Adam Clay AutoGen Subconscious Service
2025-07-06 00:15:07.281 | INFO     | logger:setup_loguru:66 | 🔧 System logowania skonfigurowany - poziom: INFO
2025-07-06 00:15:07.282 | INFO     | logger:setup_loguru:67 | 📁 Logi zapisywane do: /Users/piotradamczyk/Projects/AdamClay/autogen/logs/autogen.log
2025-07-06 00:15:07.368 | INFO     | main:lifespan:38 | 🚀 Uruchamianie Adam Clay AutoGen Subconscious Service
2025-07-06 00:15:07.368 | INFO     | logging:callHandlers:1762 | 🗄️  Inicjalizacja bazy danych...
2025-07-06 00:15:07.373 | INFO     | logging:callHandlers:1762 | SELECT DATABASE()
2025-07-06 00:15:07.373 | INFO     | logging:callHandlers:1762 | [raw sql] {}
2025-07-06 00:15:07.373 | INFO     | logging:callHandlers:1762 | SELECT @@sql_mode
2025-07-06 00:15:07.373 | INFO     | logging:callHandlers:1762 | [raw sql] {}
2025-07-06 00:15:07.374 | INFO     | logging:callHandlers:1762 | SELECT @@lower_case_table_names
2025-07-06 00:15:07.374 | INFO     | logging:callHandlers:1762 | [raw sql] {}
2025-07-06 00:15:07.374 | INFO     | logging:callHandlers:1762 | ✅ Połączenie z bazą danych nawiązane
2025-07-06 00:15:07.374 | INFO     | logging:callHandlers:1762 | BEGIN (implicit)
2025-07-06 00:15:07.374 | INFO     | logging:callHandlers:1762 | DESCRIBE `adam_clay_autogen`.`subconscious_agents`
2025-07-06 00:15:07.374 | INFO     | logging:callHandlers:1762 | [raw sql] {}
2025-07-06 00:15:07.377 | INFO     | logging:callHandlers:1762 | DESCRIBE `adam_clay_autogen`.`agent_conversations`
2025-07-06 00:15:07.377 | INFO     | logging:callHandlers:1762 | [raw sql] {}
2025-07-06 00:15:07.381 | INFO     | logging:callHandlers:1762 | DESCRIBE `adam_clay_autogen`.`agent_interactions`
2025-07-06 00:15:07.381 | INFO     | logging:callHandlers:1762 | [raw sql] {}
2025-07-06 00:15:07.382 | INFO     | logging:callHandlers:1762 | DESCRIBE `adam_clay_autogen`.`agent_memory`
2025-07-06 00:15:07.382 | INFO     | logging:callHandlers:1762 | [raw sql] {}
2025-07-06 00:15:07.384 | INFO     | logging:callHandlers:1762 | DESCRIBE `adam_clay_autogen`.`system_events`
2025-07-06 00:15:07.384 | INFO     | logging:callHandlers:1762 | [raw sql] {}
2025-07-06 00:15:07.386 | INFO     | logging:callHandlers:1762 | DESCRIBE `adam_clay_autogen`.`agent_statistics`
2025-07-06 00:15:07.386 | INFO     | logging:callHandlers:1762 | [raw sql] {}
2025-07-06 00:15:07.388 | INFO     | logging:callHandlers:1762 | COMMIT
2025-07-06 00:15:07.388 | INFO     | logging:callHandlers:1762 | ✅ Tabele bazy danych utworzone/zaktualizowane
2025-07-06 00:15:07.395 | INFO     | logging:callHandlers:1762 | BEGIN (implicit)
2025-07-06 00:15:07.398 | INFO     | logging:callHandlers:1762 | SELECT count(*) AS count_1 
FROM (SELECT subconscious_agents.id AS subconscious_agents_id, subconscious_agents.name AS subconscious_agents_name, subconscious_agents.agent_type AS subconscious_agents_agent_type, subconscious_agents.status AS subconscious_agents_status, subconscious_agents.description AS subconscious_agents_description, subconscious_agents.personality_traits AS subconscious_agents_personality_traits, subconscious_agents.skills AS subconscious_agents_skills, subconscious_agents.responsibilities AS subconscious_agents_responsibilities, subconscious_agents.system_prompt AS subconscious_agents_system_prompt, subconscious_agents.model_config AS subconscious_agents_model_config, subconscious_agents.activation_threshold AS subconscious_agents_activation_threshold, subconscious_agents.current_activity_level AS subconscious_agents_current_activity_level, subconscious_agents.priority_level AS subconscious_agents_priority_level, subconscious_agents.consciousness_integration AS subconscious_agents_consciousness_integration, subconscious_agents.created_at AS subconscious_agents_created_at, subconscious_agents.updated_at AS subconscious_agents_updated_at, subconscious_agents.last_active_at AS subconscious_agents_last_active_at 
FROM subconscious_agents) AS anon_1
2025-07-06 00:15:07.398 | INFO     | logging:callHandlers:1762 | [generated in 0.00015s] {}
2025-07-06 00:15:07.399 | INFO     | logging:callHandlers:1762 | 📊 Liczba agentów w bazie: 8
2025-07-06 00:15:07.399 | INFO     | logging:callHandlers:1762 | ROLLBACK
2025-07-06 00:15:07.399 | INFO     | logging:callHandlers:1762 | BEGIN (implicit)
2025-07-06 00:15:07.400 | INFO     | logging:callHandlers:1762 | SELECT subconscious_agents.id AS subconscious_agents_id, subconscious_agents.name AS subconscious_agents_name, subconscious_agents.agent_type AS subconscious_agents_agent_type, subconscious_agents.status AS subconscious_agents_status, subconscious_agents.description AS subconscious_agents_description, subconscious_agents.personality_traits AS subconscious_agents_personality_traits, subconscious_agents.skills AS subconscious_agents_skills, subconscious_agents.responsibilities AS subconscious_agents_responsibilities, subconscious_agents.system_prompt AS subconscious_agents_system_prompt, subconscious_agents.model_config AS subconscious_agents_model_config, subconscious_agents.activation_threshold AS subconscious_agents_activation_threshold, subconscious_agents.current_activity_level AS subconscious_agents_current_activity_level, subconscious_agents.priority_level AS subconscious_agents_priority_level, subconscious_agents.consciousness_integration AS subconscious_agents_consciousness_integration, subconscious_agents.created_at AS subconscious_agents_created_at, subconscious_agents.updated_at AS subconscious_agents_updated_at, subconscious_agents.last_active_at AS subconscious_agents_last_active_at 
FROM subconscious_agents
2025-07-06 00:15:07.400 | INFO     | logging:callHandlers:1762 | [generated in 0.00013s] {}
2025-07-06 00:15:07.407 | ERROR    | agent_manager:setup_autogen_agent:61 | Błąd konfiguracji agenta Analityk: 1 validation error for _LLMConfig
config_list.0.openai.temperature
  Extra inputs are not permitted [type=extra_forbidden, input_value=0.3, input_type=float]
    For further information visit https://errors.pydantic.dev/2.11/v/extra_forbidden
2025-07-06 00:15:07.407 | INFO     | logger:log_agent_activity:151 | 🤖 Agent Analityk (ID: 1) - AKTIVATED
2025-07-06 00:15:07.410 | ERROR    | agent_manager:setup_autogen_agent:61 | Błąd konfiguracji agenta Kreatywny: 1 validation error for _LLMConfig
config_list.0.openai.temperature
  Extra inputs are not permitted [type=extra_forbidden, input_value=0.8, input_type=float]
    For further information visit https://errors.pydantic.dev/2.11/v/extra_forbidden
2025-07-06 00:15:07.411 | INFO     | logger:log_agent_activity:151 | 🤖 Agent Kreatywny (ID: 2) - AKTIVATED
2025-07-06 00:15:07.414 | ERROR    | agent_manager:setup_autogen_agent:61 | Błąd konfiguracji agenta Emocjonalny: 1 validation error for _LLMConfig
config_list.0.openai.temperature
  Extra inputs are not permitted [type=extra_forbidden, input_value=0.7, input_type=float]
    For further information visit https://errors.pydantic.dev/2.11/v/extra_forbidden
2025-07-06 00:15:07.414 | INFO     | logger:log_agent_activity:151 | 🤖 Agent Emocjonalny (ID: 3) - AKTIVATED
2025-07-06 00:15:07.417 | ERROR    | agent_manager:setup_autogen_agent:61 | Błąd konfiguracji agenta Strażnik: 1 validation error for _LLMConfig
config_list.0.openai.temperature
  Extra inputs are not permitted [type=extra_forbidden, input_value=0.2, input_type=float]
    For further information visit https://errors.pydantic.dev/2.11/v/extra_forbidden
2025-07-06 00:15:07.418 | INFO     | logger:log_agent_activity:151 | 🤖 Agent Strażnik (ID: 4) - AKTIVATED
2025-07-06 00:15:07.421 | ERROR    | agent_manager:setup_autogen_agent:61 | Błąd konfiguracji agenta Społeczny: 1 validation error for _LLMConfig
config_list.0.openai.temperature
  Extra inputs are not permitted [type=extra_forbidden, input_value=0.6, input_type=float]
    For further information visit https://errors.pydantic.dev/2.11/v/extra_forbidden
2025-07-06 00:15:07.421 | INFO     | logger:log_agent_activity:151 | 🤖 Agent Społeczny (ID: 5) - AKTIVATED
2025-07-06 00:15:07.424 | ERROR    | agent_manager:setup_autogen_agent:61 | Błąd konfiguracji agenta Pamięć: 1 validation error for _LLMConfig
config_list.0.openai.temperature
  Extra inputs are not permitted [type=extra_forbidden, input_value=0.1, input_type=float]
    For further information visit https://errors.pydantic.dev/2.11/v/extra_forbidden
2025-07-06 00:15:07.424 | INFO     | logger:log_agent_activity:151 | 🤖 Agent Pamięć (ID: 6) - AKTIVATED
2025-07-06 00:15:07.427 | ERROR    | agent_manager:setup_autogen_agent:61 | Błąd konfiguracji agenta Strategiczny: 1 validation error for _LLMConfig
config_list.0.openai.temperature
  Extra inputs are not permitted [type=extra_forbidden, input_value=0.4, input_type=float]
    For further information visit https://errors.pydantic.dev/2.11/v/extra_forbidden
2025-07-06 00:15:07.427 | INFO     | logger:log_agent_activity:151 | 🤖 Agent Strategiczny (ID: 7) - AKTIVATED
2025-07-06 00:15:07.431 | ERROR    | agent_manager:setup_autogen_agent:61 | Błąd konfiguracji agenta Intuicyjny: 1 validation error for _LLMConfig
config_list.0.openai.temperature
  Extra inputs are not permitted [type=extra_forbidden, input_value=0.9, input_type=float]
    For further information visit https://errors.pydantic.dev/2.11/v/extra_forbidden
2025-07-06 00:15:07.431 | INFO     | logger:log_agent_activity:151 | 🤖 Agent Intuicyjny (ID: 8) - AKTIVATED
2025-07-06 00:15:07.431 | INFO     | agent_manager:load_agents:242 | Załadowano 8 agentów
2025-07-06 00:15:07.431 | ERROR    | agent_manager:_setup_group_chat:284 | Błąd konfiguracji group chat: allowed_speaker_transitions_dict has values that are not lists of Agents.
2025-07-06 00:15:07.431 | INFO     | logging:callHandlers:1762 | ROLLBACK
2025-07-06 00:15:07.432 | INFO     | consciousness_integration:start:42 | 🧠 Rozpoczynanie integracji z systemem świadomości Adam Clay
2025-07-06 00:15:07.462 | WARNING  | consciousness_integration:_connect_to_consciousness:73 | ⚠️ Problemy z API świadomości: 404
2025-07-06 00:15:07.462 | ERROR    | logger:log_consciousness_integration:173 | 🧠 Integracja ze świadomością - CONNECT_REST - ❌ Błąd | {'status_code': 404}
2025-07-06 00:15:15.249 | WARNING  | consciousness_integration:_connect_websocket:103 | ⚠️ Nie udało się połączyć przez WebSocket: Multiple exceptions: [Errno 60] Connect call failed ('127.0.0.1', 8005), [Errno 61] Connect call failed ('::1', 8005, 0, 0)
2025-07-06 00:15:15.249 | ERROR    | logger:log_consciousness_integration:173 | 🧠 Integracja ze świadomością - CONNECT_WS - ❌ Błąd | {'error': "Multiple exceptions: [Errno 60] Connect call failed ('127.0.0.1', 8005), [Errno 61] Connect call failed ('::1', 8005, 0, 0)"}
2025-07-06 00:15:15.249 | INFO     | consciousness_integration:start:53 | ✅ Integracja z systemem świadomości uruchomiona
2025-07-06 00:15:15.249 | INFO     | main:lifespan:57 | ✅ Serwis AutoGen uruchomiony pomyślnie
2025-07-06 00:15:15.249 | INFO     | main:background_tasks:303 | 🔄 Uruchamianie zadań w tle
2025-07-06 00:15:15.249 | INFO     | consciousness_integration:sync:335 | 🔄 Rozpoczynanie synchronizacji z systemem świadomości
2025-07-06 00:15:15.250 | INFO     | logging:callHandlers:1762 | BEGIN (implicit)
2025-07-06 00:15:15.250 | INFO     | logging:callHandlers:1762 | SELECT subconscious_agents.id AS subconscious_agents_id, subconscious_agents.name AS subconscious_agents_name, subconscious_agents.agent_type AS subconscious_agents_agent_type, subconscious_agents.status AS subconscious_agents_status, subconscious_agents.description AS subconscious_agents_description, subconscious_agents.personality_traits AS subconscious_agents_personality_traits, subconscious_agents.skills AS subconscious_agents_skills, subconscious_agents.responsibilities AS subconscious_agents_responsibilities, subconscious_agents.system_prompt AS subconscious_agents_system_prompt, subconscious_agents.model_config AS subconscious_agents_model_config, subconscious_agents.activation_threshold AS subconscious_agents_activation_threshold, subconscious_agents.current_activity_level AS subconscious_agents_current_activity_level, subconscious_agents.priority_level AS subconscious_agents_priority_level, subconscious_agents.consciousness_integration AS subconscious_agents_consciousness_integration, subconscious_agents.created_at AS subconscious_agents_created_at, subconscious_agents.updated_at AS subconscious_agents_updated_at, subconscious_agents.last_active_at AS subconscious_agents_last_active_at 
FROM subconscious_agents
2025-07-06 00:15:15.250 | INFO     | logging:callHandlers:1762 | [cached since 7.85s ago] {}
2025-07-06 00:15:15.267 | WARNING  | consciousness_integration:sync_agent_states:284 | ⚠️ Problemy z synchronizacją: 404
2025-07-06 00:15:15.267 | ERROR    | logger:log_consciousness_integration:173 | 🧠 Integracja ze świadomością - SYNC_AGENTS - ❌ Błąd | {'status_code': 404}
2025-07-06 00:15:15.267 | INFO     | logging:callHandlers:1762 | ROLLBACK
2025-07-06 00:15:15.292 | WARNING  | consciousness_integration:_connect_to_consciousness:73 | ⚠️ Problemy z API świadomości: 404
2025-07-06 00:15:15.292 | ERROR    | logger:log_consciousness_integration:173 | 🧠 Integracja ze świadomością - CONNECT_REST - ❌ Błąd | {'status_code': 404}
2025-07-06 00:15:15.295 | WARNING  | consciousness_integration:_connect_websocket:103 | ⚠️ Nie udało się połączyć przez WebSocket: server rejected WebSocket connection: HTTP 403
2025-07-06 00:15:15.295 | ERROR    | logger:log_consciousness_integration:173 | 🧠 Integracja ze świadomością - CONNECT_WS - ❌ Błąd | {'error': 'server rejected WebSocket connection: HTTP 403'}
2025-07-06 00:15:15.295 | INFO     | consciousness_integration:sync:345 | ✅ Synchronizacja zakończona pomyślnie
2025-07-06 00:15:15.295 | INFO     | logger:log_consciousness_integration:171 | 🧠 Integracja ze świadomością - FULL_SYNC - ✅ Sukces
2025-07-06 00:15:15.295 | INFO     | logging:callHandlers:1762 | BEGIN (implicit)
2025-07-06 00:15:15.296 | INFO     | logging:callHandlers:1762 | DELETE FROM agent_conversations WHERE agent_conversations.started_at < %(started_at_1)s
2025-07-06 00:15:15.296 | INFO     | logging:callHandlers:1762 | [generated in 0.00009s] {'started_at_1': datetime.datetime(2025, 6, 6, 0, 15, 15, 295550)}
2025-07-06 00:15:15.297 | INFO     | logging:callHandlers:1762 | DELETE FROM system_events WHERE system_events.created_at < %(created_at_1)s
2025-07-06 00:15:15.297 | INFO     | logging:callHandlers:1762 | [generated in 0.00008s] {'created_at_1': datetime.datetime(2025, 6, 29, 0, 15, 15, 297259)}
2025-07-06 00:15:15.298 | INFO     | logging:callHandlers:1762 | COMMIT
2025-07-06 00:15:15.672 | INFO     | logging:callHandlers:1762 | BEGIN (implicit)
2025-07-06 00:15:15.672 | INFO     | logging:callHandlers:1762 | SELECT count(*) AS count_1 
FROM (SELECT subconscious_agents.id AS subconscious_agents_id, subconscious_agents.name AS subconscious_agents_name, subconscious_agents.agent_type AS subconscious_agents_agent_type, subconscious_agents.status AS subconscious_agents_status, subconscious_agents.description AS subconscious_agents_description, subconscious_agents.personality_traits AS subconscious_agents_personality_traits, subconscious_agents.skills AS subconscious_agents_skills, subconscious_agents.responsibilities AS subconscious_agents_responsibilities, subconscious_agents.system_prompt AS subconscious_agents_system_prompt, subconscious_agents.model_config AS subconscious_agents_model_config, subconscious_agents.activation_threshold AS subconscious_agents_activation_threshold, subconscious_agents.current_activity_level AS subconscious_agents_current_activity_level, subconscious_agents.priority_level AS subconscious_agents_priority_level, subconscious_agents.consciousness_integration AS subconscious_agents_consciousness_integration, subconscious_agents.created_at AS subconscious_agents_created_at, subconscious_agents.updated_at AS subconscious_agents_updated_at, subconscious_agents.last_active_at AS subconscious_agents_last_active_at 
FROM subconscious_agents) AS anon_1
2025-07-06 00:15:15.672 | INFO     | logging:callHandlers:1762 | [cached since 8.274s ago] {}
2025-07-06 00:15:15.673 | INFO     | logging:callHandlers:1762 | ROLLBACK
2025-07-06 00:15:15.673 | ERROR    | main:health_check:123 | Health check failed: 'bool' object is not callable
2025-07-06 00:16:09.526 | INFO     | main:lifespan:62 | 🛑 Zamykanie serwisu AutoGen
2025-07-06 00:16:09.530 | INFO     | consciousness_integration:stop:371 | 🛑 Zatrzymywanie integracji z systemem świadomości
2025-07-06 00:16:09.533 | INFO     | consciousness_integration:stop:384 | ✅ Integracja zatrzymana
2025-07-06 00:16:09.536 | INFO     | logger:log_consciousness_integration:171 | 🧠 Integracja ze świadomością - STOP - ✅ Sukces
2025-07-06 00:16:09.538 | INFO     | logger:log_agent_activity:151 | 🤖 Agent Analityk (ID: 1) - DEACTIVATED
2025-07-06 00:16:09.541 | INFO     | logger:log_agent_activity:151 | 🤖 Agent Kreatywny (ID: 2) - DEACTIVATED
2025-07-06 00:16:09.543 | INFO     | logger:log_agent_activity:151 | 🤖 Agent Emocjonalny (ID: 3) - DEACTIVATED
2025-07-06 00:16:09.545 | INFO     | logger:log_agent_activity:151 | 🤖 Agent Strażnik (ID: 4) - DEACTIVATED
2025-07-06 00:16:09.548 | INFO     | logger:log_agent_activity:151 | 🤖 Agent Społeczny (ID: 5) - DEACTIVATED
2025-07-06 00:16:09.550 | INFO     | logger:log_agent_activity:151 | 🤖 Agent Pamięć (ID: 6) - DEACTIVATED
2025-07-06 00:16:09.552 | INFO     | logger:log_agent_activity:151 | 🤖 Agent Strategiczny (ID: 7) - DEACTIVATED
2025-07-06 00:16:09.554 | INFO     | logger:log_agent_activity:151 | 🤖 Agent Intuicyjny (ID: 8) - DEACTIVATED
2025-07-06 00:16:09.557 | INFO     | agent_manager:shutdown:488 | Wszyscy agenci zostali wyłączeni
2025-07-06 00:16:09.559 | INFO     | main:lifespan:70 | ✅ Serwis AutoGen zamknięty pomyślnie
2025-07-06 00:20:38.503 | INFO     | logger:setup_loguru:66 | 🔧 System logowania skonfigurowany - poziom: INFO
2025-07-06 00:20:38.504 | INFO     | logger:setup_loguru:67 | 📁 Logi zapisywane do: /Users/piotradamczyk/Projects/AdamClay/autogen/logs/autogen.log
2025-07-06 00:20:38.635 | INFO     | __main__:<module>:350 | 🚀 Uruchamianie Adam Clay AutoGen Subconscious Service
2025-07-06 00:20:39.358 | INFO     | logger:setup_loguru:66 | 🔧 System logowania skonfigurowany - poziom: INFO
2025-07-06 00:20:39.358 | INFO     | logger:setup_loguru:67 | 📁 Logi zapisywane do: /Users/piotradamczyk/Projects/AdamClay/autogen/logs/autogen.log
2025-07-06 00:20:39.444 | INFO     | main:lifespan:38 | 🚀 Uruchamianie Adam Clay AutoGen Subconscious Service
2025-07-06 00:20:39.444 | INFO     | logging:callHandlers:1762 | 🗄️  Inicjalizacja bazy danych...
2025-07-06 00:20:39.469 | INFO     | logging:callHandlers:1762 | SELECT DATABASE()
2025-07-06 00:20:39.469 | INFO     | logging:callHandlers:1762 | [raw sql] {}
2025-07-06 00:20:39.472 | INFO     | logging:callHandlers:1762 | SELECT @@sql_mode
2025-07-06 00:20:39.472 | INFO     | logging:callHandlers:1762 | [raw sql] {}
2025-07-06 00:20:39.472 | INFO     | logging:callHandlers:1762 | SELECT @@lower_case_table_names
2025-07-06 00:20:39.472 | INFO     | logging:callHandlers:1762 | [raw sql] {}
2025-07-06 00:20:39.473 | INFO     | logging:callHandlers:1762 | ✅ Połączenie z bazą danych nawiązane
2025-07-06 00:20:39.474 | INFO     | logging:callHandlers:1762 | BEGIN (implicit)
2025-07-06 00:20:39.474 | INFO     | logging:callHandlers:1762 | DESCRIBE `adam_clay_autogen`.`subconscious_agents`
2025-07-06 00:20:39.474 | INFO     | logging:callHandlers:1762 | [raw sql] {}
2025-07-06 00:20:39.487 | INFO     | logging:callHandlers:1762 | DESCRIBE `adam_clay_autogen`.`agent_conversations`
2025-07-06 00:20:39.487 | INFO     | logging:callHandlers:1762 | [raw sql] {}
2025-07-06 00:20:39.489 | INFO     | logging:callHandlers:1762 | DESCRIBE `adam_clay_autogen`.`agent_interactions`
2025-07-06 00:20:39.489 | INFO     | logging:callHandlers:1762 | [raw sql] {}
2025-07-06 00:20:39.491 | INFO     | logging:callHandlers:1762 | DESCRIBE `adam_clay_autogen`.`agent_memory`
2025-07-06 00:20:39.491 | INFO     | logging:callHandlers:1762 | [raw sql] {}
2025-07-06 00:20:39.493 | INFO     | logging:callHandlers:1762 | DESCRIBE `adam_clay_autogen`.`system_events`
2025-07-06 00:20:39.493 | INFO     | logging:callHandlers:1762 | [raw sql] {}
2025-07-06 00:20:39.495 | INFO     | logging:callHandlers:1762 | DESCRIBE `adam_clay_autogen`.`agent_statistics`
2025-07-06 00:20:39.495 | INFO     | logging:callHandlers:1762 | [raw sql] {}
2025-07-06 00:20:39.497 | INFO     | logging:callHandlers:1762 | COMMIT
2025-07-06 00:20:39.497 | INFO     | logging:callHandlers:1762 | ✅ Tabele bazy danych utworzone/zaktualizowane
2025-07-06 00:20:39.503 | INFO     | logging:callHandlers:1762 | BEGIN (implicit)
2025-07-06 00:20:39.506 | INFO     | logging:callHandlers:1762 | SELECT count(*) AS count_1 
FROM (SELECT subconscious_agents.id AS subconscious_agents_id, subconscious_agents.name AS subconscious_agents_name, subconscious_agents.agent_type AS subconscious_agents_agent_type, subconscious_agents.status AS subconscious_agents_status, subconscious_agents.description AS subconscious_agents_description, subconscious_agents.personality_traits AS subconscious_agents_personality_traits, subconscious_agents.skills AS subconscious_agents_skills, subconscious_agents.responsibilities AS subconscious_agents_responsibilities, subconscious_agents.system_prompt AS subconscious_agents_system_prompt, subconscious_agents.model_config AS subconscious_agents_model_config, subconscious_agents.activation_threshold AS subconscious_agents_activation_threshold, subconscious_agents.current_activity_level AS subconscious_agents_current_activity_level, subconscious_agents.priority_level AS subconscious_agents_priority_level, subconscious_agents.consciousness_integration AS subconscious_agents_consciousness_integration, subconscious_agents.created_at AS subconscious_agents_created_at, subconscious_agents.updated_at AS subconscious_agents_updated_at, subconscious_agents.last_active_at AS subconscious_agents_last_active_at 
FROM subconscious_agents) AS anon_1
2025-07-06 00:20:39.506 | INFO     | logging:callHandlers:1762 | [generated in 0.00013s] {}
2025-07-06 00:20:39.518 | INFO     | logging:callHandlers:1762 | 📊 Liczba agentów w bazie: 8
2025-07-06 00:20:39.518 | INFO     | logging:callHandlers:1762 | ROLLBACK
2025-07-06 00:20:39.518 | INFO     | logging:callHandlers:1762 | BEGIN (implicit)
2025-07-06 00:20:39.519 | INFO     | logging:callHandlers:1762 | SELECT subconscious_agents.id AS subconscious_agents_id, subconscious_agents.name AS subconscious_agents_name, subconscious_agents.agent_type AS subconscious_agents_agent_type, subconscious_agents.status AS subconscious_agents_status, subconscious_agents.description AS subconscious_agents_description, subconscious_agents.personality_traits AS subconscious_agents_personality_traits, subconscious_agents.skills AS subconscious_agents_skills, subconscious_agents.responsibilities AS subconscious_agents_responsibilities, subconscious_agents.system_prompt AS subconscious_agents_system_prompt, subconscious_agents.model_config AS subconscious_agents_model_config, subconscious_agents.activation_threshold AS subconscious_agents_activation_threshold, subconscious_agents.current_activity_level AS subconscious_agents_current_activity_level, subconscious_agents.priority_level AS subconscious_agents_priority_level, subconscious_agents.consciousness_integration AS subconscious_agents_consciousness_integration, subconscious_agents.created_at AS subconscious_agents_created_at, subconscious_agents.updated_at AS subconscious_agents_updated_at, subconscious_agents.last_active_at AS subconscious_agents_last_active_at 
FROM subconscious_agents
2025-07-06 00:20:39.519 | INFO     | logging:callHandlers:1762 | [generated in 0.00008s] {}
2025-07-06 00:20:39.526 | ERROR    | agent_manager:setup_autogen_agent:61 | Błąd konfiguracji agenta Analityk: 1 validation error for _LLMConfig
config_list.0.openai.temperature
  Extra inputs are not permitted [type=extra_forbidden, input_value=0.3, input_type=float]
    For further information visit https://errors.pydantic.dev/2.11/v/extra_forbidden
2025-07-06 00:20:39.526 | INFO     | logger:log_agent_activity:151 | 🤖 Agent Analityk (ID: 1) - AKTIVATED
2025-07-06 00:20:39.530 | ERROR    | agent_manager:setup_autogen_agent:61 | Błąd konfiguracji agenta Kreatywny: 1 validation error for _LLMConfig
config_list.0.openai.temperature
  Extra inputs are not permitted [type=extra_forbidden, input_value=0.8, input_type=float]
    For further information visit https://errors.pydantic.dev/2.11/v/extra_forbidden
2025-07-06 00:20:39.530 | INFO     | logger:log_agent_activity:151 | 🤖 Agent Kreatywny (ID: 2) - AKTIVATED
2025-07-06 00:20:39.533 | ERROR    | agent_manager:setup_autogen_agent:61 | Błąd konfiguracji agenta Emocjonalny: 1 validation error for _LLMConfig
config_list.0.openai.temperature
  Extra inputs are not permitted [type=extra_forbidden, input_value=0.7, input_type=float]
    For further information visit https://errors.pydantic.dev/2.11/v/extra_forbidden
2025-07-06 00:20:39.533 | INFO     | logger:log_agent_activity:151 | 🤖 Agent Emocjonalny (ID: 3) - AKTIVATED
2025-07-06 00:20:39.536 | ERROR    | agent_manager:setup_autogen_agent:61 | Błąd konfiguracji agenta Strażnik: 1 validation error for _LLMConfig
config_list.0.openai.temperature
  Extra inputs are not permitted [type=extra_forbidden, input_value=0.2, input_type=float]
    For further information visit https://errors.pydantic.dev/2.11/v/extra_forbidden
2025-07-06 00:20:39.536 | INFO     | logger:log_agent_activity:151 | 🤖 Agent Strażnik (ID: 4) - AKTIVATED
2025-07-06 00:20:39.539 | ERROR    | agent_manager:setup_autogen_agent:61 | Błąd konfiguracji agenta Społeczny: 1 validation error for _LLMConfig
config_list.0.openai.temperature
  Extra inputs are not permitted [type=extra_forbidden, input_value=0.6, input_type=float]
    For further information visit https://errors.pydantic.dev/2.11/v/extra_forbidden
2025-07-06 00:20:39.539 | INFO     | logger:log_agent_activity:151 | 🤖 Agent Społeczny (ID: 5) - AKTIVATED
2025-07-06 00:20:39.542 | ERROR    | agent_manager:setup_autogen_agent:61 | Błąd konfiguracji agenta Pamięć: 1 validation error for _LLMConfig
config_list.0.openai.temperature
  Extra inputs are not permitted [type=extra_forbidden, input_value=0.1, input_type=float]
    For further information visit https://errors.pydantic.dev/2.11/v/extra_forbidden
2025-07-06 00:20:39.542 | INFO     | logger:log_agent_activity:151 | 🤖 Agent Pamięć (ID: 6) - AKTIVATED
2025-07-06 00:20:39.545 | ERROR    | agent_manager:setup_autogen_agent:61 | Błąd konfiguracji agenta Strategiczny: 1 validation error for _LLMConfig
config_list.0.openai.temperature
  Extra inputs are not permitted [type=extra_forbidden, input_value=0.4, input_type=float]
    For further information visit https://errors.pydantic.dev/2.11/v/extra_forbidden
2025-07-06 00:20:39.545 | INFO     | logger:log_agent_activity:151 | 🤖 Agent Strategiczny (ID: 7) - AKTIVATED
2025-07-06 00:20:39.548 | ERROR    | agent_manager:setup_autogen_agent:61 | Błąd konfiguracji agenta Intuicyjny: 1 validation error for _LLMConfig
config_list.0.openai.temperature
  Extra inputs are not permitted [type=extra_forbidden, input_value=0.9, input_type=float]
    For further information visit https://errors.pydantic.dev/2.11/v/extra_forbidden
2025-07-06 00:20:39.548 | INFO     | logger:log_agent_activity:151 | 🤖 Agent Intuicyjny (ID: 8) - AKTIVATED
2025-07-06 00:20:39.548 | INFO     | agent_manager:load_agents:242 | Załadowano 8 agentów
2025-07-06 00:20:39.548 | ERROR    | agent_manager:_setup_group_chat:284 | Błąd konfiguracji group chat: allowed_speaker_transitions_dict has values that are not lists of Agents.
2025-07-06 00:20:39.549 | INFO     | logging:callHandlers:1762 | ROLLBACK
2025-07-06 00:20:39.549 | INFO     | consciousness_integration:start:42 | 🧠 Rozpoczynanie integracji z systemem świadomości Adam Clay
2025-07-06 00:20:39.588 | WARNING  | consciousness_integration:_connect_to_consciousness:73 | ⚠️ Problemy z API świadomości: 404
2025-07-06 00:20:39.588 | ERROR    | logger:log_consciousness_integration:173 | 🧠 Integracja ze świadomością - CONNECT_REST - ❌ Błąd | {'status_code': 404}
2025-07-06 00:20:49.592 | WARNING  | consciousness_integration:_connect_websocket:99 | ⚠️ WebSocket timeout - kontynuuję bez WebSocket
2025-07-06 00:20:49.592 | ERROR    | logger:log_consciousness_integration:173 | 🧠 Integracja ze świadomością - CONNECT_WS - ❌ Błąd | {'reason': 'timeout'}
2025-07-06 00:20:49.592 | INFO     | consciousness_integration:start:53 | ✅ Integracja z systemem świadomości uruchomiona
2025-07-06 00:20:49.592 | INFO     | main:lifespan:57 | ✅ Serwis AutoGen uruchomiony pomyślnie
2025-07-06 00:20:49.592 | INFO     | main:background_tasks:303 | 🔄 Uruchamianie zadań w tle
2025-07-06 00:20:49.592 | INFO     | consciousness_integration:sync:335 | 🔄 Rozpoczynanie synchronizacji z systemem świadomości
2025-07-06 00:20:49.593 | INFO     | logging:callHandlers:1762 | BEGIN (implicit)
2025-07-06 00:20:49.594 | INFO     | logging:callHandlers:1762 | SELECT subconscious_agents.id AS subconscious_agents_id, subconscious_agents.name AS subconscious_agents_name, subconscious_agents.agent_type AS subconscious_agents_agent_type, subconscious_agents.status AS subconscious_agents_status, subconscious_agents.description AS subconscious_agents_description, subconscious_agents.personality_traits AS subconscious_agents_personality_traits, subconscious_agents.skills AS subconscious_agents_skills, subconscious_agents.responsibilities AS subconscious_agents_responsibilities, subconscious_agents.system_prompt AS subconscious_agents_system_prompt, subconscious_agents.model_config AS subconscious_agents_model_config, subconscious_agents.activation_threshold AS subconscious_agents_activation_threshold, subconscious_agents.current_activity_level AS subconscious_agents_current_activity_level, subconscious_agents.priority_level AS subconscious_agents_priority_level, subconscious_agents.consciousness_integration AS subconscious_agents_consciousness_integration, subconscious_agents.created_at AS subconscious_agents_created_at, subconscious_agents.updated_at AS subconscious_agents_updated_at, subconscious_agents.last_active_at AS subconscious_agents_last_active_at 
FROM subconscious_agents
2025-07-06 00:20:49.594 | INFO     | logging:callHandlers:1762 | [cached since 10.08s ago] {}
2025-07-06 00:20:49.627 | WARNING  | consciousness_integration:sync_agent_states:284 | ⚠️ Problemy z synchronizacją: 404
2025-07-06 00:20:49.627 | ERROR    | logger:log_consciousness_integration:173 | 🧠 Integracja ze świadomością - SYNC_AGENTS - ❌ Błąd | {'status_code': 404}
2025-07-06 00:20:49.627 | INFO     | logging:callHandlers:1762 | ROLLBACK
2025-07-06 00:20:49.640 | WARNING  | consciousness_integration:_connect_to_consciousness:73 | ⚠️ Problemy z API świadomości: 404
2025-07-06 00:20:49.640 | ERROR    | logger:log_consciousness_integration:173 | 🧠 Integracja ze świadomością - CONNECT_REST - ❌ Błąd | {'status_code': 404}
2025-07-06 00:20:49.642 | WARNING  | consciousness_integration:_connect_websocket:103 | ⚠️ Nie udało się połączyć przez WebSocket: server rejected WebSocket connection: HTTP 403
2025-07-06 00:20:49.642 | ERROR    | logger:log_consciousness_integration:173 | 🧠 Integracja ze świadomością - CONNECT_WS - ❌ Błąd | {'error': 'server rejected WebSocket connection: HTTP 403'}
2025-07-06 00:20:49.642 | INFO     | consciousness_integration:sync:345 | ✅ Synchronizacja zakończona pomyślnie
2025-07-06 00:20:49.642 | INFO     | logger:log_consciousness_integration:171 | 🧠 Integracja ze świadomością - FULL_SYNC - ✅ Sukces
2025-07-06 00:20:49.643 | INFO     | logging:callHandlers:1762 | BEGIN (implicit)
2025-07-06 00:20:49.643 | INFO     | logging:callHandlers:1762 | DELETE FROM agent_conversations WHERE agent_conversations.started_at < %(started_at_1)s
2025-07-06 00:20:49.644 | INFO     | logging:callHandlers:1762 | [generated in 0.00009s] {'started_at_1': datetime.datetime(2025, 6, 6, 0, 20, 49, 642939)}
2025-07-06 00:20:49.648 | INFO     | logging:callHandlers:1762 | DELETE FROM system_events WHERE system_events.created_at < %(created_at_1)s
2025-07-06 00:20:49.648 | INFO     | logging:callHandlers:1762 | [generated in 0.00010s] {'created_at_1': datetime.datetime(2025, 6, 29, 0, 20, 49, 648371)}
2025-07-06 00:20:49.650 | INFO     | logging:callHandlers:1762 | COMMIT
2025-07-06 00:20:49.651 | INFO     | logging:callHandlers:1762 | BEGIN (implicit)
2025-07-06 00:20:49.651 | INFO     | logging:callHandlers:1762 | SELECT count(*) AS count_1 
FROM (SELECT subconscious_agents.id AS subconscious_agents_id, subconscious_agents.name AS subconscious_agents_name, subconscious_agents.agent_type AS subconscious_agents_agent_type, subconscious_agents.status AS subconscious_agents_status, subconscious_agents.description AS subconscious_agents_description, subconscious_agents.personality_traits AS subconscious_agents_personality_traits, subconscious_agents.skills AS subconscious_agents_skills, subconscious_agents.responsibilities AS subconscious_agents_responsibilities, subconscious_agents.system_prompt AS subconscious_agents_system_prompt, subconscious_agents.model_config AS subconscious_agents_model_config, subconscious_agents.activation_threshold AS subconscious_agents_activation_threshold, subconscious_agents.current_activity_level AS subconscious_agents_current_activity_level, subconscious_agents.priority_level AS subconscious_agents_priority_level, subconscious_agents.consciousness_integration AS subconscious_agents_consciousness_integration, subconscious_agents.created_at AS subconscious_agents_created_at, subconscious_agents.updated_at AS subconscious_agents_updated_at, subconscious_agents.last_active_at AS subconscious_agents_last_active_at 
FROM subconscious_agents) AS anon_1
2025-07-06 00:20:49.651 | INFO     | logging:callHandlers:1762 | [cached since 10.15s ago] {}
2025-07-06 00:20:49.652 | INFO     | logging:callHandlers:1762 | ROLLBACK
2025-07-06 00:20:49.652 | ERROR    | main:health_check:123 | Health check failed: 'bool' object is not callable
2025-07-06 00:21:49.652 | INFO     | logging:callHandlers:1762 | BEGIN (implicit)
2025-07-06 00:21:49.652 | INFO     | logging:callHandlers:1762 | DELETE FROM agent_conversations WHERE agent_conversations.started_at < %(started_at_1)s
2025-07-06 00:21:49.653 | INFO     | logging:callHandlers:1762 | [cached since 60.01s ago] {'started_at_1': datetime.datetime(2025, 6, 6, 0, 21, 49, 651895)}
2025-07-06 00:21:49.653 | INFO     | logging:callHandlers:1762 | DELETE FROM system_events WHERE system_events.created_at < %(created_at_1)s
2025-07-06 00:21:49.653 | INFO     | logging:callHandlers:1762 | [cached since 60.01s ago] {'created_at_1': datetime.datetime(2025, 6, 29, 0, 21, 49, 653574)}
2025-07-06 00:21:49.654 | INFO     | logging:callHandlers:1762 | COMMIT
2025-07-06 00:22:49.656 | INFO     | logging:callHandlers:1762 | BEGIN (implicit)
2025-07-06 00:22:49.657 | INFO     | logging:callHandlers:1762 | DELETE FROM agent_conversations WHERE agent_conversations.started_at < %(started_at_1)s
2025-07-06 00:22:49.657 | INFO     | logging:callHandlers:1762 | [cached since 120s ago] {'started_at_1': datetime.datetime(2025, 6, 6, 0, 22, 49, 655642)}
2025-07-06 00:22:49.657 | INFO     | logging:callHandlers:1762 | DELETE FROM system_events WHERE system_events.created_at < %(created_at_1)s
2025-07-06 00:22:49.657 | INFO     | logging:callHandlers:1762 | [cached since 120s ago] {'created_at_1': datetime.datetime(2025, 6, 29, 0, 22, 49, 657581)}
2025-07-06 00:22:49.658 | INFO     | logging:callHandlers:1762 | COMMIT
2025-07-06 00:23:49.660 | INFO     | logging:callHandlers:1762 | BEGIN (implicit)
2025-07-06 00:23:49.660 | INFO     | logging:callHandlers:1762 | DELETE FROM agent_conversations WHERE agent_conversations.started_at < %(started_at_1)s
2025-07-06 00:23:49.660 | INFO     | logging:callHandlers:1762 | [cached since 180s ago] {'started_at_1': datetime.datetime(2025, 6, 6, 0, 23, 49, 659655)}
2025-07-06 00:23:49.661 | INFO     | logging:callHandlers:1762 | DELETE FROM system_events WHERE system_events.created_at < %(created_at_1)s
2025-07-06 00:23:49.661 | INFO     | logging:callHandlers:1762 | [cached since 180s ago] {'created_at_1': datetime.datetime(2025, 6, 29, 0, 23, 49, 661102)}
2025-07-06 00:23:49.661 | INFO     | logging:callHandlers:1762 | COMMIT
2025-07-06 00:24:49.672 | INFO     | logging:callHandlers:1762 | BEGIN (implicit)
2025-07-06 00:24:49.676 | INFO     | logging:callHandlers:1762 | DELETE FROM agent_conversations WHERE agent_conversations.started_at < %(started_at_1)s
2025-07-06 00:24:49.678 | INFO     | logging:callHandlers:1762 | [cached since 240s ago] {'started_at_1': datetime.datetime(2025, 6, 6, 0, 24, 49, 666334)}
2025-07-06 00:24:49.688 | INFO     | logging:callHandlers:1762 | DELETE FROM system_events WHERE system_events.created_at < %(created_at_1)s
2025-07-06 00:24:49.689 | INFO     | logging:callHandlers:1762 | [cached since 240s ago] {'created_at_1': datetime.datetime(2025, 6, 29, 0, 24, 49, 683354)}
2025-07-06 00:24:49.692 | INFO     | logging:callHandlers:1762 | COMMIT
2025-07-06 00:25:49.695 | INFO     | consciousness_integration:sync:335 | 🔄 Rozpoczynanie synchronizacji z systemem świadomości
2025-07-06 00:25:49.696 | INFO     | logging:callHandlers:1762 | BEGIN (implicit)
2025-07-06 00:25:49.696 | INFO     | logging:callHandlers:1762 | SELECT subconscious_agents.id AS subconscious_agents_id, subconscious_agents.name AS subconscious_agents_name, subconscious_agents.agent_type AS subconscious_agents_agent_type, subconscious_agents.status AS subconscious_agents_status, subconscious_agents.description AS subconscious_agents_description, subconscious_agents.personality_traits AS subconscious_agents_personality_traits, subconscious_agents.skills AS subconscious_agents_skills, subconscious_agents.responsibilities AS subconscious_agents_responsibilities, subconscious_agents.system_prompt AS subconscious_agents_system_prompt, subconscious_agents.model_config AS subconscious_agents_model_config, subconscious_agents.activation_threshold AS subconscious_agents_activation_threshold, subconscious_agents.current_activity_level AS subconscious_agents_current_activity_level, subconscious_agents.priority_level AS subconscious_agents_priority_level, subconscious_agents.consciousness_integration AS subconscious_agents_consciousness_integration, subconscious_agents.created_at AS subconscious_agents_created_at, subconscious_agents.updated_at AS subconscious_agents_updated_at, subconscious_agents.last_active_at AS subconscious_agents_last_active_at 
FROM subconscious_agents
2025-07-06 00:25:49.696 | INFO     | logging:callHandlers:1762 | [cached since 310.2s ago] {}
2025-07-06 00:27:46.219 | INFO     | main:lifespan:62 | 🛑 Zamykanie serwisu AutoGen
2025-07-06 00:27:46.220 | INFO     | consciousness_integration:stop:371 | 🛑 Zatrzymywanie integracji z systemem świadomości
2025-07-06 00:27:46.220 | ERROR    | logging:callHandlers:1762 | Database session error: Server disconnected
2025-07-06 00:27:46.221 | INFO     | logging:callHandlers:1762 | ROLLBACK
2025-07-06 00:27:46.222 | ERROR    | consciousness_integration:sync_agent_states:288 | ❌ Błąd synchronizacji stanów agentów: Server disconnected
2025-07-06 00:27:46.222 | ERROR    | logger:log_consciousness_integration:173 | 🧠 Integracja ze świadomością - SYNC_AGENTS - ❌ Błąd | {'error': 'Server disconnected'}
2025-07-06 00:27:46.222 | ERROR    | consciousness_integration:_connect_to_consciousness:80 | ❌ Błąd połączenia z systemem świadomości: Session is closed
2025-07-06 00:27:46.222 | ERROR    | logger:log_consciousness_integration:173 | 🧠 Integracja ze świadomością - CONNECT - ❌ Błąd | {'error': 'Session is closed'}
2025-07-06 00:27:46.222 | INFO     | consciousness_integration:sync:345 | ✅ Synchronizacja zakończona pomyślnie
2025-07-06 00:27:46.222 | INFO     | logger:log_consciousness_integration:171 | 🧠 Integracja ze świadomością - FULL_SYNC - ✅ Sukces
2025-07-06 00:27:46.222 | INFO     | logging:callHandlers:1762 | BEGIN (implicit)
2025-07-06 00:27:46.223 | INFO     | logging:callHandlers:1762 | DELETE FROM agent_conversations WHERE agent_conversations.started_at < %(started_at_1)s
2025-07-06 00:27:46.223 | INFO     | logging:callHandlers:1762 | [cached since 416.6s ago] {'started_at_1': datetime.datetime(2025, 6, 6, 0, 27, 46, 222493)}
2025-07-06 00:27:46.223 | INFO     | logging:callHandlers:1762 | DELETE FROM system_events WHERE system_events.created_at < %(created_at_1)s
2025-07-06 00:27:46.223 | INFO     | logging:callHandlers:1762 | [cached since 416.6s ago] {'created_at_1': datetime.datetime(2025, 6, 29, 0, 27, 46, 223610)}
2025-07-06 00:27:46.224 | INFO     | logging:callHandlers:1762 | COMMIT
2025-07-06 00:27:46.224 | INFO     | consciousness_integration:stop:384 | ✅ Integracja zatrzymana
2025-07-06 00:27:46.224 | INFO     | logger:log_consciousness_integration:171 | 🧠 Integracja ze świadomością - STOP - ✅ Sukces
2025-07-06 00:27:46.224 | INFO     | logger:log_agent_activity:151 | 🤖 Agent Analityk (ID: 1) - DEACTIVATED
2025-07-06 00:27:46.224 | INFO     | logger:log_agent_activity:151 | 🤖 Agent Kreatywny (ID: 2) - DEACTIVATED
2025-07-06 00:27:46.224 | INFO     | logger:log_agent_activity:151 | 🤖 Agent Emocjonalny (ID: 3) - DEACTIVATED
2025-07-06 00:27:46.224 | INFO     | logger:log_agent_activity:151 | 🤖 Agent Strażnik (ID: 4) - DEACTIVATED
2025-07-06 00:27:46.224 | INFO     | logger:log_agent_activity:151 | 🤖 Agent Społeczny (ID: 5) - DEACTIVATED
2025-07-06 00:27:46.224 | INFO     | logger:log_agent_activity:151 | 🤖 Agent Pamięć (ID: 6) - DEACTIVATED
2025-07-06 00:27:46.224 | INFO     | logger:log_agent_activity:151 | 🤖 Agent Strategiczny (ID: 7) - DEACTIVATED
2025-07-06 00:27:46.224 | INFO     | logger:log_agent_activity:151 | 🤖 Agent Intuicyjny (ID: 8) - DEACTIVATED
2025-07-06 00:27:46.224 | INFO     | agent_manager:shutdown:488 | Wszyscy agenci zostali wyłączeni
2025-07-06 00:27:46.225 | INFO     | main:lifespan:70 | ✅ Serwis AutoGen zamknięty pomyślnie
