
   INFO  Server running on [http://adamclay.local:8004].  

  Press Ctrl+C to stop the server

  2025-07-03 17:26:21 /api/status .................................. ~ 0.19ms
  2025-07-03 17:26:22 /api/consciousness/thinking-status ........... ~ 0.16ms
  2025-07-03 17:26:24 /api/consciousness/thinking-status ........... ~ 0.15ms
  2025-07-03 17:26:25 /api/status .................................. ~ 0.16ms
  2025-07-03 17:26:30 /dashboard ................................... ~ 0.33ms
  2025-07-03 17:26:30 /api/status .................................. ~ 0.41ms
  2025-07-03 17:26:30 /api/consciousness/thinking-status ........... ~ 2.48ms
  2025-07-03 17:26:30 /api/thoughts/recent ......................... ~ 0.49ms
  2025-07-03 17:26:30 /api/status .................................. ~ 0.70ms
  2025-07-03 17:26:30 /api/consciousness/thinking-status ........... ~ 0.85ms
  2025-07-03 17:26:30 /api/thoughts/recent ......................... ~ 0.40ms
  2025-07-03 17:26:30 /favicon.ico ................................. ~ 0.07ms
  2025-07-03 17:26:31 /api/status .................................. ~ 1.15ms
  2025-07-03 17:26:32 /api/thoughts/recent ......................... ~ 0.16ms
  2025-07-03 17:26:33 /api/thoughts/recent ......................... ~ 0.17ms
  2025-07-03 17:26:35 /api/status .................................. ~ 0.17ms
  2025-07-03 17:26:37 /api/consciousness/thinking-status ......... ~ 505.51ms
  2025-07-03 17:26:39 /api/consciousness/thinking-status ........... ~ 0.39ms
  2025-07-03 17:26:40 /api/status .................................. ~ 0.12ms
  2025-07-03 17:26:40 /api/status ................................ ~ 500.91ms
  2025-07-03 17:26:41 /api/status .................................. ~ 0.27ms
  2025-07-03 17:26:45 /api/status .................................. ~ 0.48ms
  2025-07-03 17:26:46 /api/consciousness/thinking-status ........... ~ 0.13ms
  2025-07-03 17:26:46 /api/consciousness/thinking-status ........... ~ 0.06ms
  2025-07-03 17:26:50 /api/thoughts/recent ......................... ~ 0.10ms
  2025-07-03 17:26:50 /api/thoughts/recent ......................... ~ 0.58ms
  2025-07-03 17:26:50 /api/status .................................. ~ 0.52ms
  2025-07-03 17:26:50 /api/status ................................ ~ 507.13ms
  2025-07-03 17:26:51 /api/status .................................. ~ 0.62ms
  2025-07-03 17:26:52 /api/thoughts/recent ......................... ~ 0.53ms
  2025-07-03 17:26:52 /api/consciousness/thinking-status ........... ~ 2.28ms
  2025-07-03 17:26:53 /api/thoughts/recent ......................... ~ 0.18ms
  2025-07-03 17:26:54 /api/consciousness/thinking-status ........... ~ 0.65ms
  2025-07-03 17:26:55 /api/status .................................. ~ 0.39ms
  2025-07-03 17:27:00 /api/status .................................. ~ 2.93ms
  2025-07-03 17:27:00 /api/status .................................. ~ 5.34ms
  2025-07-03 17:27:01 /api/consciousness/thinking-status ........... ~ 0.37ms
  2025-07-03 17:27:01 /api/consciousness/thinking-status ........... ~ 1.26ms
  2025-07-03 17:27:01 /api/status .................................. ~ 0.11ms
  2025-07-03 17:27:05 /api/status .................................. ~ 0.46ms
  2025-07-03 17:27:08 /api/consciousness/thinking-status ........... ~ 0.88ms
  2025-07-03 17:27:10 /api/consciousness/thinking-status ........... ~ 0.66ms
  2025-07-03 17:27:10 /api/thoughts/recent ....................... ~ 507.14ms
  2025-07-03 17:27:10 /api/thoughts/recent ......................... ~ 0.20ms
  2025-07-03 17:27:10 /api/status .................................. ~ 1.77ms
  2025-07-03 17:27:10 /api/status .................................. ~ 1.65ms
  2025-07-03 17:27:12 /api/status .................................. ~ 0.27ms
  2025-07-03 17:27:13 /api/thoughts/recent ......................... ~ 0.25ms
  2025-07-03 17:27:14 /api/thoughts/recent ......................... ~ 0.66ms
  2025-07-03 17:27:16 /api/status .................................. ~ 0.29ms
  2025-07-03 17:27:17 /api/consciousness/thinking-status ........... ~ 0.25ms
  2025-07-03 17:27:17 /api/consciousness/thinking-status ........... ~ 0.94ms
  2025-07-03 17:27:20 /api/status .................................. ~ 0.22ms
  2025-07-03 17:27:20 /api/status .................................. ~ 0.91ms
  2025-07-03 17:27:22 /api/status .................................. ~ 0.45ms
  2025-07-03 17:27:23 /api/consciousness/thinking-status ........... ~ 0.16ms
  2025-07-03 17:27:25 /api/consciousness/thinking-status ........... ~ 0.13ms
  2025-07-03 17:27:26 /api/status .................................. ~ 0.12ms
  2025-07-03 17:27:31 /api/thoughts/recent ....................... ~ 504.06ms
  2025-07-03 17:27:31 /api/thoughts/recent ....................... ~ 505.24ms
  2025-07-03 17:27:31 /api/status .................................. ~ 0.91ms
  2025-07-03 17:27:31 /api/status .................................. ~ 1.35ms
  2025-07-03 17:27:32 /api/consciousness/thinking-status ......... ~ 504.59ms
  2025-07-03 17:27:32 /api/consciousness/thinking-status ......... ~ 505.04ms
  2025-07-03 17:27:32 /api/status .................................. ~ 0.08ms
  2025-07-03 17:27:33 /api/thoughts/recent ......................... ~ 0.12ms
  2025-07-03 17:27:33 /api/consciousness/resume .................. ~ 500.77ms
  2025-07-03 17:27:34 /api/thoughts/recent ......................... ~ 0.17ms
  2025-07-03 17:27:36 /api/status .................................. ~ 0.14ms
  2025-07-03 17:27:38 /api/consciousness/thinking-status ......... ~ 503.75ms
  2025-07-03 17:27:40 /api/consciousness/thinking-status ........... ~ 0.23ms
  2025-07-03 17:27:41 /api/status ................................ ~ 507.47ms
  2025-07-03 17:27:41 /api/status ................................ ~ 509.04ms
  2025-07-03 17:27:42 /api/status .................................. ~ 0.19ms
  2025-07-03 17:27:46 /api/status .................................. ~ 0.09ms
  2025-07-03 17:27:47 /api/consciousness/thinking-status ........... ~ 0.06ms
  2025-07-03 17:27:47 /api/consciousness/thinking-status ........... ~ 0.28ms
  2025-07-03 17:27:51 /api/thoughts/recent ......................... ~ 0.95ms
  2025-07-03 17:27:51 /api/thoughts/recent ......................... ~ 0.05ms
  2025-07-03 17:27:51 /api/status .................................. ~ 0.06ms
  2025-07-03 17:27:51 /api/status .................................. ~ 0.67ms
  2025-07-03 17:27:52 /api/status .................................. ~ 0.54ms
  2025-07-03 17:27:53 /api/thoughts/recent ......................... ~ 0.45ms
  2025-07-03 17:27:54 /api/consciousness/thinking-status ........... ~ 0.15ms
  2025-07-03 17:27:55 /api/thoughts/recent ......................... ~ 0.18ms
  2025-07-03 17:27:57 /api/consciousness/thinking-status ........... ~ 0.44ms
  2025-07-03 17:27:57 /api/status .................................. ~ 0.21ms
  2025-07-03 17:28:03 /api/status .................................. ~ 0.60ms
  2025-07-03 17:28:07 /api/status .................................. ~ 1.92ms
  2025-07-03 17:28:10 /api/consciousness/thinking-status ........... ~ 0.36ms
  2025-07-03 17:28:12 /api/consciousness/thinking-status ........... ~ 0.08ms
  2025-07-03 17:28:13 /api/status .................................. ~ 0.22ms
  2025-07-03 17:28:14 /api/thoughts/recent ......................... ~ 0.37ms
  2025-07-03 17:28:16 /api/thoughts/recent ......................... ~ 0.85ms
  2025-07-03 17:28:17 /api/status .................................. ~ 0.26ms
  2025-07-03 17:28:23 /api/status .................................. ~ 0.26ms
  2025-07-03 17:28:25 /api/consciousness/thinking-status ........... ~ 0.39ms
  2025-07-03 17:28:27 /api/consciousness/thinking-status ........... ~ 0.18ms
  2025-07-03 17:28:27 /api/status .................................. ~ 0.07ms
  2025-07-03 17:28:33 /api/status .................................. ~ 1.15ms
  2025-07-03 17:28:34 /api/thoughts/recent ......................... ~ 0.27ms
  2025-07-03 17:28:36 /api/thoughts/recent ......................... ~ 0.20ms
  2025-07-03 17:28:37 /api/status .................................. ~ 0.54ms
  2025-07-03 17:28:40 /api/consciousness/thinking-status ........... ~ 0.54ms
  2025-07-03 17:28:42 /api/consciousness/thinking-status ........... ~ 0.11ms
  2025-07-03 17:28:43 /api/status .................................. ~ 0.25ms
  2025-07-03 17:28:47 /api/status .................................. ~ 1.25ms
  2025-07-03 17:28:53 /api/status .................................. ~ 0.24ms
  2025-07-03 17:28:54 /api/thoughts/recent ......................... ~ 1.19ms
  2025-07-03 17:28:55 /api/consciousness/thinking-status ........... ~ 0.12ms
  2025-07-03 17:28:56 /api/thoughts/recent ......................... ~ 2.29ms
  2025-07-03 17:28:57 /api/consciousness/thinking-status ........... ~ 0.15ms
  2025-07-03 17:28:57 /api/status .................................. ~ 0.49ms
  2025-07-03 17:29:03 /api/hello ................................... ~ 0.10ms
  2025-07-03 17:29:03 /api/status .................................. ~ 0.11ms
  2025-07-03 17:29:07 /api/status .................................. ~ 0.24ms
  2025-07-03 17:29:11 /api/consciousness/thinking-status ........... ~ 0.18ms
  2025-07-03 17:29:13 /api/consciousness/thinking-status ........... ~ 0.16ms
  2025-07-03 17:29:14 /api/status .................................. ~ 0.19ms
  2025-07-03 17:29:15 /api/thoughts/recent ......................... ~ 0.30ms
  2025-07-03 17:29:17 /api/thoughts/recent ......................... ~ 0.16ms
  2025-07-03 17:29:18 /api/status .................................. ~ 0.10ms
  2025-07-03 17:29:24 /api/status .................................. ~ 0.22ms
  2025-07-03 17:29:26 /api/consciousness/thinking-status ........... ~ 0.13ms
  2025-07-03 17:29:28 /api/consciousness/thinking-status ........... ~ 0.13ms
  2025-07-03 17:29:28 /api/status .................................. ~ 0.06ms
  2025-07-03 17:29:34 /api/status .................................. ~ 3.33ms
  2025-07-03 17:29:35 /api/thoughts/recent ......................... ~ 0.17ms
  2025-07-03 17:29:37 /api/thoughts/recent ......................... ~ 0.24ms
  2025-07-03 17:29:38 /api/status .................................. ~ 0.74ms
  2025-07-03 17:29:41 /api/consciousness/thinking-status ........... ~ 0.21ms
  2025-07-03 17:29:43 /api/consciousness/thinking-status ........... ~ 0.14ms
  2025-07-03 17:29:44 /api/status .................................. ~ 0.18ms
  2025-07-03 17:29:48 /api/status .................................. ~ 0.22ms
  2025-07-03 17:29:54 /api/status .................................. ~ 0.17ms
  2025-07-03 17:29:55 /api/thoughts/recent ......................... ~ 0.19ms
  2025-07-03 17:29:56 /api/consciousness/thinking-status ........... ~ 0.21ms
  2025-07-03 17:29:57 /api/thoughts/recent ......................... ~ 0.10ms
  2025-07-03 17:29:58 /api/consciousness/thinking-status ......... ~ 505.49ms
  2025-07-03 17:29:59 /api/status ................................ ~ 506.76ms
  2025-07-03 17:30:04 /api/status .................................. ~ 0.37ms
  2025-07-03 17:30:09 /api/status .................................. ~ 0.15ms
  2025-07-03 17:30:11 /api/consciousness/thinking-status ........... ~ 1.39ms
  2025-07-03 17:30:13 /api/consciousness/thinking-status ......... ~ 505.45ms
  2025-07-03 17:30:14 /api/status ................................ ~ 504.47ms
  2025-07-03 17:30:15 /api/thoughts/recent ......................... ~ 0.20ms
  2025-07-03 17:30:17 /api/thoughts/recent ......................... ~ 0.10ms
  2025-07-03 17:30:19 /api/status .................................. ~ 0.10ms
  2025-07-03 17:30:24 /api/status .................................. ~ 0.19ms
  2025-07-03 17:30:26 /api/consciousness/thinking-status ........... ~ 0.28ms
  2025-07-03 17:30:28 /api/consciousness/thinking-status ........... ~ 0.11ms
  2025-07-03 17:30:29 /api/status .................................. ~ 0.17ms
  2025-07-03 17:30:35 /api/status .................................. ~ 0.17ms
  2025-07-03 17:30:36 /api/thoughts/recent ......................... ~ 0.11ms
  2025-07-03 17:30:38 /api/thoughts/recent ......................... ~ 0.20ms
  2025-07-03 17:30:40 /api/status .................................. ~ 0.23ms
  2025-07-03 17:30:42 /api/consciousness/thinking-status ........... ~ 0.16ms
  2025-07-03 17:30:44 /api/consciousness/thinking-status ........... ~ 0.18ms
  2025-07-03 17:30:45 /api/status .................................. ~ 0.11ms
  2025-07-03 17:30:50 /api/status .................................. ~ 0.26ms
  2025-07-03 17:31:00 /api/consciousness/thinking-status ........... ~ 0.16ms
  2025-07-03 17:31:00 /api/status .................................. ~ 0.56ms
  2025-07-03 17:31:00 /api/thoughts/recent ......................... ~ 1.23ms
  2025-07-03 17:31:00 /api/thoughts/recent ......................... ~ 1.75ms
  2025-07-03 17:31:00 /api/consciousness/thinking-status ........... ~ 2.33ms
  2025-07-03 17:31:00 /api/status .................................. ~ 2.22ms
  2025-07-03 17:31:05 /api/status .................................. ~ 0.23ms
  2025-07-03 17:31:10 /api/status .................................. ~ 0.19ms
  2025-07-03 17:31:12 /api/consciousness/thinking-status ........... ~ 0.28ms
  2025-07-03 17:31:14 /api/consciousness/thinking-status ........... ~ 0.11ms
  2025-07-03 17:31:15 /api/status .................................. ~ 0.12ms
  2025-07-03 17:31:16 /api/thoughts/recent ......................... ~ 0.16ms
  2025-07-03 17:31:18 /api/thoughts/recent ......................... ~ 0.16ms
  2025-07-03 17:31:20 /api/status .................................. ~ 0.13ms
  2025-07-03 17:31:25 /api/status .................................. ~ 0.15ms
  2025-07-03 17:31:27 /api/consciousness/thinking-status ........... ~ 0.11ms
  2025-07-03 17:31:29 /api/consciousness/thinking-status ........... ~ 0.10ms
  2025-07-03 17:31:30 /api/status .................................. ~ 0.12ms
  2025-07-03 17:31:35 /api/status .................................. ~ 0.13ms
  2025-07-03 17:31:36 /api/thoughts/recent ......................... ~ 0.12ms
  2025-07-03 17:31:38 /api/thoughts/recent ......................... ~ 0.12ms
  2025-07-03 17:31:40 /api/status .................................. ~ 0.13ms
  2025-07-03 17:31:42 /api/consciousness/thinking-status ......... ~ 504.28ms
  2025-07-03 17:31:45 /api/consciousness/thinking-status ........... ~ 0.22ms
  2025-07-03 17:31:46 /api/status .................................. ~ 0.18ms
  2025-07-03 17:31:51 /api/status .................................. ~ 0.23ms
  2025-07-03 17:31:56 /api/status .................................. ~ 0.07ms
  2025-07-03 17:31:57 /api/thoughts/recent ......................... ~ 0.12ms
  2025-07-03 17:31:58 /api/consciousness/thinking-status ........... ~ 0.23ms
  2025-07-03 17:31:59 /api/thoughts/recent ......................... ~ 0.22ms
  2025-07-03 17:32:00 /api/consciousness/thinking-status ........... ~ 0.20ms
  2025-07-03 17:32:01 /api/status .................................. ~ 0.15ms
  2025-07-03 17:32:06 /api/status .................................. ~ 0.13ms
  2025-07-03 17:32:11 /api/status .................................. ~ 0.21ms
  2025-07-03 17:32:13 /api/consciousness/thinking-status ........... ~ 0.12ms
  2025-07-03 17:32:15 /api/consciousness/thinking-status ........... ~ 0.20ms
  2025-07-03 17:32:16 /api/status .................................. ~ 0.11ms
  2025-07-03 17:32:17 /api/thoughts/recent ......................... ~ 0.11ms
  2025-07-03 17:32:19 /api/thoughts/recent ......................... ~ 0.10ms
  2025-07-03 17:32:21 /api/status .................................. ~ 0.16ms
  2025-07-03 17:32:26 /api/status .................................. ~ 0.12ms
  2025-07-03 17:32:28 /api/consciousness/thinking-status ........... ~ 0.20ms
  2025-07-03 17:32:30 /api/consciousness/thinking-status ........... ~ 0.18ms
  2025-07-03 17:32:31 /api/status .................................. ~ 0.17ms
  2025-07-03 17:32:36 /api/status .................................. ~ 0.17ms
  2025-07-03 17:32:37 /api/thoughts/recent ......................... ~ 0.17ms
  2025-07-03 17:32:39 /api/thoughts/recent ......................... ~ 0.24ms
  2025-07-03 17:32:41 /api/status .................................. ~ 0.11ms
  2025-07-03 17:32:43 /api/consciousness/thinking-status ........... ~ 0.12ms
  2025-07-03 17:32:45 /api/consciousness/thinking-status ........... ~ 0.13ms
  2025-07-03 17:32:46 /api/status .................................. ~ 0.11ms
  2025-07-03 17:32:51 /api/status .................................. ~ 0.19ms
  2025-07-03 17:32:56 /api/status .................................. ~ 0.11ms
  2025-07-03 17:32:57 /api/thoughts/recent ......................... ~ 0.59ms
  2025-07-03 17:33:00 /api/consciousness/thinking-status ........... ~ 0.12ms
  2025-07-03 17:33:00 /api/thoughts/recent ......................... ~ 0.05ms
  2025-07-03 17:33:01 /api/consciousness/thinking-status ........... ~ 0.17ms
  2025-07-03 17:33:02 /api/status .................................. ~ 0.20ms
  2025-07-03 17:33:07 /api/status .................................. ~ 0.16ms
  2025-07-03 17:33:12 /api/status .................................. ~ 1.17ms
  2025-07-03 17:33:15 /api/consciousness/thinking-status ........... ~ 0.19ms
  2025-07-03 17:33:16 /api/consciousness/thinking-status ........... ~ 0.13ms
  2025-07-03 17:33:17 /api/status .................................. ~ 0.15ms
  2025-07-03 17:33:18 /api/thoughts/recent ......................... ~ 0.10ms
  2025-07-03 17:33:25 /api/status .................................. ~ 0.97ms
  2025-07-03 17:33:25 /api/thoughts/recent ......................... ~ 1.72ms
  2025-07-03 17:33:27 /api/status .................................. ~ 0.12ms
  2025-07-03 17:33:30 /api/consciousness/thinking-status ........... ~ 0.17ms
  2025-07-03 17:33:31 /api/consciousness/thinking-status ........... ~ 0.12ms
  2025-07-03 17:33:32 /api/status .................................. ~ 0.34ms
  2025-07-03 17:33:37 /api/status .................................. ~ 0.12ms
  2025-07-03 17:33:38 /api/thoughts/recent ......................... ~ 0.21ms
  2025-07-03 17:33:40 /api/thoughts/recent ......................... ~ 0.40ms
  2025-07-03 17:33:42 /api/status .................................. ~ 0.10ms
  2025-07-03 17:33:45 /api/consciousness/thinking-status ........... ~ 0.07ms
  2025-07-03 17:33:46 /api/consciousness/thinking-status ........... ~ 1.01ms
  2025-07-03 17:33:47 /api/status .................................. ~ 0.16ms
  2025-07-03 17:33:52 /api/status .................................. ~ 0.98ms
  2025-07-03 17:33:57 /api/status .................................. ~ 0.14ms
  2025-07-03 17:33:58 /api/thoughts/recent ......................... ~ 0.11ms
  2025-07-03 17:34:00 /api/thoughts/recent ......................... ~ 0.53ms
  2025-07-03 17:34:00 /api/consciousness/thinking-status ........... ~ 0.05ms
  2025-07-03 17:34:01 /api/consciousness/thinking-status ........... ~ 0.14ms
  2025-07-03 17:34:02 /api/status .................................. ~ 0.07ms
  2025-07-03 17:34:07 /api/status .................................. ~ 0.55ms
  2025-07-03 17:34:12 /api/status .................................. ~ 0.15ms
  2025-07-03 17:34:15 /api/consciousness/thinking-status ........... ~ 0.15ms
  2025-07-03 17:34:16 /api/consciousness/thinking-status ........... ~ 0.12ms
  2025-07-03 17:34:17 /api/status .................................. ~ 0.12ms
  2025-07-03 17:34:18 /api/thoughts/recent ......................... ~ 0.13ms
  2025-07-03 17:34:20 /api/thoughts/recent ......................... ~ 0.11ms
  2025-07-03 17:34:22 /api/status .................................. ~ 0.10ms
  2025-07-03 17:34:27 /api/status .................................. ~ 0.13ms
  2025-07-03 17:34:30 /api/consciousness/thinking-status ........... ~ 0.24ms
  2025-07-03 17:34:31 /api/consciousness/thinking-status ........... ~ 0.11ms
  2025-07-03 17:34:32 /api/status .................................. ~ 0.15ms
  2025-07-03 17:34:37 /api/status .................................. ~ 0.10ms
  2025-07-03 17:34:38 /api/thoughts/recent ......................... ~ 0.52ms
  2025-07-03 17:34:41 /api/thoughts/recent ......................... ~ 0.12ms
  2025-07-03 17:34:43 /api/status .................................. ~ 0.10ms
  2025-07-03 17:34:46 /api/consciousness/thinking-status ........... ~ 0.55ms
  2025-07-03 17:34:47 /api/consciousness/thinking-status ........... ~ 0.11ms
  2025-07-03 17:34:48 /api/status .................................. ~ 0.07ms
  2025-07-03 17:34:53 /api/status .................................. ~ 0.09ms
  2025-07-03 17:34:58 /api/status .................................. ~ 0.97ms
  2025-07-03 17:34:59 /api/thoughts/recent ......................... ~ 0.14ms
  2025-07-03 17:35:01 /api/thoughts/recent ......................... ~ 0.11ms
  2025-07-03 17:35:01 /api/consciousness/thinking-status ........... ~ 0.05ms
  2025-07-03 17:35:02 /api/consciousness/thinking-status .......... ~ 23.78ms
  2025-07-03 17:35:03 /api/status .................................. ~ 0.19ms
  2025-07-03 17:35:13 /api/status .................................. ~ 1.25ms
  2025-07-03 17:35:13 /api/status .................................. ~ 0.06ms
  2025-07-03 17:35:16 /api/consciousness/thinking-status ........... ~ 0.10ms
  2025-07-03 17:35:17 /api/consciousness/thinking-status ........... ~ 0.16ms
  2025-07-03 17:35:18 /api/status .................................. ~ 0.12ms
  2025-07-03 17:35:19 /api/thoughts/recent ......................... ~ 1.02ms
  2025-07-03 17:35:21 /api/thoughts/recent ......................... ~ 0.08ms
  2025-07-03 17:35:23 /api/status .................................. ~ 0.11ms
  2025-07-03 17:35:28 /api/status .................................. ~ 0.15ms
  2025-07-03 17:35:31 /api/consciousness/thinking-status ........... ~ 0.20ms
  2025-07-03 17:35:32 /api/consciousness/thinking-status ........... ~ 0.11ms
  2025-07-03 17:35:33 /api/status .................................. ~ 0.14ms
  2025-07-03 17:35:38 /api/status .................................. ~ 0.99ms
  2025-07-03 17:35:39 /api/thoughts/recent ......................... ~ 0.16ms
  2025-07-03 17:35:41 /api/thoughts/recent ......................... ~ 0.12ms
  2025-07-03 17:35:43 /api/status .................................. ~ 0.27ms
  2025-07-03 17:35:46 /api/consciousness/thinking-status ........... ~ 0.25ms
  2025-07-03 17:35:47 /api/consciousness/thinking-status ........... ~ 0.10ms
  2025-07-03 17:35:48 /api/status .................................. ~ 0.17ms
  2025-07-03 17:35:53 /api/status .................................. ~ 0.14ms
  2025-07-03 17:35:58 /api/status .................................. ~ 0.46ms
  2025-07-03 17:35:59 /api/thoughts/recent ......................... ~ 0.09ms
  2025-07-03 17:36:01 /api/thoughts/recent ......................... ~ 0.10ms
  2025-07-03 17:36:01 /api/consciousness/thinking-status ........... ~ 0.56ms
  2025-07-03 17:36:02 /api/consciousness/thinking-status ........... ~ 0.09ms
  2025-07-03 17:36:03 /api/status .................................. ~ 0.12ms
  2025-07-03 17:36:08 /api/status ................................ ~ 504.43ms
  2025-07-03 17:36:13 /api/status .................................. ~ 0.12ms
  2025-07-03 17:36:16 /api/consciousness/thinking-status ......... ~ 506.18ms
  2025-07-03 17:36:17 /api/consciousness/thinking-status ........... ~ 0.08ms
  2025-07-03 17:36:18 /api/status .................................. ~ 0.10ms
  2025-07-03 17:36:20 /api/thoughts/recent ....................... ~ 504.10ms
  2025-07-03 17:36:22 /api/thoughts/recent ......................... ~ 0.11ms
  2025-07-03 17:36:24 /api/status .................................. ~ 0.10ms
  2025-07-03 17:36:29 /api/status .................................. ~ 0.16ms
  2025-07-03 17:36:32 /api/consciousness/thinking-status ......... ~ 505.11ms
  2025-07-03 17:36:33 /api/consciousness/thinking-status ........... ~ 0.09ms
  2025-07-03 17:36:34 /api/status .................................. ~ 0.18ms
  2025-07-03 17:36:39 /api/status .................................. ~ 0.42ms
  2025-07-03 17:36:40 /api/thoughts/recent ......................... ~ 0.17ms
  2025-07-03 17:36:42 /api/thoughts/recent ......................... ~ 0.11ms
  2025-07-03 17:36:44 /api/status .................................. ~ 0.09ms
  2025-07-03 17:36:47 /api/consciousness/thinking-status ......... ~ 505.38ms
  2025-07-03 17:36:48 /api/consciousness/thinking-status ......... ~ 505.30ms
  2025-07-03 17:36:49 /api/status .................................. ~ 0.12ms
  2025-07-03 17:36:54 /api/status .................................. ~ 0.09ms
  2025-07-03 17:36:59 /api/status .................................. ~ 0.32ms
  2025-07-03 17:37:00 /api/thoughts/recent ......................... ~ 0.18ms
  2025-07-03 17:37:02 /api/thoughts/recent ......................... ~ 0.08ms
  2025-07-03 17:37:02 /api/consciousness/thinking-status ......... ~ 505.39ms
  2025-07-03 17:37:03 /api/consciousness/thinking-status ......... ~ 505.22ms
  2025-07-03 17:37:04 /api/status .................................. ~ 0.08ms
  2025-07-03 17:37:09 /api/status .................................. ~ 0.11ms
  2025-07-03 17:37:14 /api/status .................................. ~ 0.43ms
  2025-07-03 17:37:17 /api/consciousness/thinking-status ........... ~ 0.07ms
  2025-07-03 17:37:18 /api/consciousness/thinking-status ........... ~ 0.09ms
  2025-07-03 17:37:19 /api/status .................................. ~ 0.11ms
  2025-07-03 17:37:20 /api/thoughts/recent ......................... ~ 0.13ms
  2025-07-03 17:37:22 /api/thoughts/recent ......................... ~ 0.10ms
  2025-07-03 17:37:24 /api/status .................................. ~ 0.20ms
  2025-07-03 17:37:29 /api/status .................................. ~ 0.14ms
  2025-07-03 17:37:32 /api/consciousness/thinking-status ........... ~ 0.11ms
  2025-07-03 17:37:33 /api/consciousness/thinking-status ........... ~ 0.10ms
  2025-07-03 17:37:34 /api/status .................................. ~ 0.10ms
  2025-07-03 17:37:39 /api/status .................................. ~ 0.10ms
  2025-07-03 17:37:40 /api/thoughts/recent ......................... ~ 0.19ms
  2025-07-03 17:37:42 /api/thoughts/recent ......................... ~ 0.12ms
  2025-07-03 17:37:44 /api/status .................................. ~ 0.10ms
  2025-07-03 17:37:47 /api/consciousness/thinking-status ........... ~ 0.07ms
  2025-07-03 17:37:48 /api/consciousness/thinking-status ........... ~ 0.11ms
  2025-07-03 17:37:49 /api/status .................................. ~ 0.12ms
  2025-07-03 17:37:54 /api/status .................................. ~ 0.36ms
  2025-07-03 17:37:59 /api/status .................................. ~ 0.10ms
  2025-07-03 17:38:00 /api/thoughts/recent ......................... ~ 0.13ms
  2025-07-03 17:38:02 /api/thoughts/recent ....................... ~ 503.24ms
  2025-07-03 17:38:02 /api/consciousness/thinking-status ......... ~ 503.78ms
  2025-07-03 17:38:03 /api/consciousness/thinking-status ......... ~ 504.14ms
  2025-07-03 17:38:04 /api/status .................................. ~ 0.66ms
  2025-07-03 17:38:10 /api/status .................................. ~ 0.10ms
  2025-07-03 17:38:15 /api/status .................................. ~ 0.34ms
  2025-07-03 17:38:18 /api/consciousness/thinking-status ......... ~ 505.44ms
  2025-07-03 17:38:19 /api/consciousness/thinking-status ......... ~ 504.65ms
  2025-07-03 17:38:20 /api/status ................................ ~ 505.30ms
  2025-07-03 17:38:21 /api/thoughts/recent ....................... ~ 505.39ms
  2025-07-03 17:38:23 /api/thoughts/recent ......................... ~ 0.18ms
  2025-07-03 17:38:25 /api/status ................................ ~ 505.46ms
  2025-07-03 17:38:30 /api/status .................................. ~ 0.17ms
  2025-07-03 17:38:33 /api/consciousness/thinking-status ........... ~ 0.57ms
  2025-07-03 17:38:34 /api/consciousness/thinking-status ........... ~ 0.26ms
  2025-07-03 17:38:35 /api/status .................................. ~ 0.29ms
  2025-07-03 17:38:37 /api/hello ................................... ~ 0.09ms
  2025-07-03 17:38:40 /api/status .................................. ~ 0.21ms
  2025-07-03 17:38:41 /api/thoughts/recent ....................... ~ 504.79ms
  2025-07-03 17:38:43 /api/thoughts/recent ....................... ~ 504.68ms
  2025-07-03 17:38:45 /api/status .................................. ~ 0.16ms
  2025-07-03 17:38:48 /api/consciousness/thinking-status ........... ~ 0.13ms
  2025-07-03 17:38:49 /api/consciousness/thinking-status ........... ~ 0.33ms
  2025-07-03 17:38:50 /api/status ................................ ~ 505.04ms
  2025-07-03 17:39:04 /api/hello ................................... ~ 1.10ms
  2025-07-03 17:39:06 /api/status .................................. ~ 0.09ms
  2025-07-03 17:39:06 /api/status ................................ ~ 505.30ms
  2025-07-03 17:39:06 /api/thoughts/recent ....................... ~ 506.17ms
  2025-07-03 17:39:07 /api/thoughts/recent ....................... ~ 505.35ms
  2025-07-03 17:39:09 /api/consciousness/thinking-status ......... ~ 505.28ms
  2025-07-03 17:39:10 /api/consciousness/thinking-status ......... ~ 504.79ms
  2025-07-03 17:39:17 /api/status ................................ ~ 506.28ms
  2025-07-03 17:39:17 /api/status ................................ ~ 506.98ms
  2025-07-03 17:39:24 /api/consciousness/thinking-status ........... ~ 1.14ms
  2025-07-03 17:39:25 /api/consciousness/thinking-status ......... ~ 505.23ms
  2025-07-03 17:39:27 /api/thoughts/recent ......................... ~ 0.14ms
  2025-07-03 17:39:27 /api/status .................................. ~ 0.71ms
  2025-07-03 17:39:27 /api/status .................................. ~ 0.74ms
  2025-07-03 17:39:28 /api/thoughts/recent ......................... ~ 0.14ms
  2025-07-03 17:39:37 /api/status .................................. ~ 1.09ms
  2025-07-03 17:39:37 /api/status .................................. ~ 0.06ms
  2025-07-03 17:39:39 /api/consciousness/thinking-status ........... ~ 0.26ms
  2025-07-03 17:39:40 /api/consciousness/thinking-status ........... ~ 0.14ms
  2025-07-03 17:39:47 /api/thoughts/recent ......................... ~ 0.19ms
  2025-07-03 17:39:47 /api/status .................................. ~ 0.09ms
  2025-07-03 17:39:47 /api/status .................................. ~ 0.94ms
  2025-07-03 17:39:48 /api/thoughts/recent ......................... ~ 0.11ms
  2025-07-03 17:39:54 /api/consciousness/thinking-status ........... ~ 0.69ms
  2025-07-03 17:39:55 /api/consciousness/thinking-status ........... ~ 0.15ms
  2025-07-03 17:39:57 /api/status .................................. ~ 0.10ms
  2025-07-03 17:39:57 /api/status .................................. ~ 0.05ms
  2025-07-03 17:40:07 /api/thoughts/recent ......................... ~ 0.68ms
  2025-07-03 17:40:07 /api/status .................................. ~ 1.32ms
  2025-07-03 17:40:07 /api/status .................................. ~ 0.78ms
  2025-07-03 17:40:08 /api/thoughts/recent ......................... ~ 0.23ms
  2025-07-03 17:40:09 /api/consciousness/thinking-status ........... ~ 0.22ms
  2025-07-03 17:40:10 /api/consciousness/thinking-status ........... ~ 0.12ms
  2025-07-03 17:40:17 /api/status .................................. ~ 1.36ms
  2025-07-03 17:40:18 /api/status .................................. ~ 0.23ms
  2025-07-03 17:40:24 /api/consciousness/thinking-status ........... ~ 1.14ms
  2025-07-03 17:40:25 /api/consciousness/thinking-status ........... ~ 0.11ms
  2025-07-03 17:40:27 /api/thoughts/recent ......................... ~ 0.14ms
  2025-07-03 17:40:27 /api/status .................................. ~ 0.05ms
  2025-07-03 17:40:28 /api/thoughts/recent ......................... ~ 0.12ms
  2025-07-03 17:40:28 /api/status .................................. ~ 0.63ms
  2025-07-03 17:40:37 /api/status .................................. ~ 1.07ms
  2025-07-03 17:40:38 /api/status .................................. ~ 0.13ms
  2025-07-03 17:40:39 /api/consciousness/thinking-status ........... ~ 0.17ms
  2025-07-03 17:40:40 /api/consciousness/thinking-status ........... ~ 0.15ms
  2025-07-03 17:40:47 /api/thoughts/recent ......................... ~ 0.08ms
  2025-07-03 17:40:47 /api/status .................................. ~ 0.06ms
  2025-07-03 17:40:48 /api/thoughts/recent ......................... ~ 0.17ms
  2025-07-03 17:40:48 /api/status .................................. ~ 0.10ms
  2025-07-03 17:40:55 /api/consciousness/thinking-status ........... ~ 0.19ms
  2025-07-03 17:40:56 /api/consciousness/thinking-status ........... ~ 0.24ms
  2025-07-03 17:40:58 /api/status .................................. ~ 0.20ms
  2025-07-03 17:40:59 /api/status .................................. ~ 0.51ms
  2025-07-03 17:41:08 /api/thoughts/recent ......................... ~ 0.85ms
  2025-07-03 17:41:08 /api/status .................................. ~ 0.04ms
  2025-07-03 17:41:09 /api/thoughts/recent ......................... ~ 0.15ms
  2025-07-03 17:41:09 /api/status .................................. ~ 0.09ms
  2025-07-03 17:41:10 /api/consciousness/thinking-status ........... ~ 0.14ms
  2025-07-03 17:41:11 /api/consciousness/thinking-status ........... ~ 0.19ms
  2025-07-03 17:41:18 /api/status .................................. ~ 1.35ms
  2025-07-03 17:41:19 /api/status .................................. ~ 0.14ms
  2025-07-03 17:41:25 /api/consciousness/thinking-status ........... ~ 0.12ms
  2025-07-03 17:41:26 /api/consciousness/thinking-status ........... ~ 0.12ms
  2025-07-03 17:41:28 /api/thoughts/recent ......................... ~ 0.16ms
  2025-07-03 17:41:28 /api/status .................................. ~ 0.07ms
  2025-07-03 17:41:29 /api/thoughts/recent ......................... ~ 0.25ms
  2025-07-03 17:41:29 /api/status .................................. ~ 1.06ms
  2025-07-03 17:41:38 /api/status .................................. ~ 1.30ms
  2025-07-03 17:41:39 /api/status .................................. ~ 0.17ms
  2025-07-03 17:41:40 /api/consciousness/thinking-status ........... ~ 0.18ms
  2025-07-03 17:41:41 /api/consciousness/thinking-status ........... ~ 0.18ms
  2025-07-03 17:41:48 /api/thoughts/recent ......................... ~ 0.17ms
  2025-07-03 17:41:48 /api/status .................................. ~ 0.07ms
  2025-07-03 17:41:49 /api/thoughts/recent ......................... ~ 0.15ms
  2025-07-03 17:41:49 /api/status .................................. ~ 0.07ms
  2025-07-03 17:41:55 /api/consciousness/thinking-status ........... ~ 1.12ms
  2025-07-03 17:41:56 /api/consciousness/thinking-status ........... ~ 0.16ms
  2025-07-03 17:41:58 /api/status .................................. ~ 0.13ms
  2025-07-03 17:41:59 /api/status .................................. ~ 0.18ms
  2025-07-03 17:42:08 /api/thoughts/recent ......................... ~ 0.18ms
  2025-07-03 17:42:08 /api/status .................................. ~ 0.76ms
  2025-07-03 17:42:09 /api/thoughts/recent ......................... ~ 0.19ms
  2025-07-03 17:42:09 /api/status .................................. ~ 0.89ms
  2025-07-03 17:42:10 /api/consciousness/thinking-status ........... ~ 0.26ms
  2025-07-03 17:42:11 /api/consciousness/thinking-status ........... ~ 0.15ms
  2025-07-03 17:42:18 /api/status .................................. ~ 1.09ms
  2025-07-03 17:42:19 /api/status .................................. ~ 0.16ms
  2025-07-03 17:42:25 /api/consciousness/thinking-status ........... ~ 0.18ms
  2025-07-03 17:42:26 /api/consciousness/thinking-status ........... ~ 0.11ms
  2025-07-03 17:42:28 /api/thoughts/recent ......................... ~ 0.22ms
  2025-07-03 17:42:28 /api/status .................................. ~ 1.04ms
  2025-07-03 17:42:29 /api/thoughts/recent ......................... ~ 0.16ms
  2025-07-03 17:42:29 /api/status .................................. ~ 0.78ms
  2025-07-03 17:42:38 /api/status .................................. ~ 0.94ms
  2025-07-03 17:42:40 /api/status .................................. ~ 0.18ms
  2025-07-03 17:42:41 /api/consciousness/thinking-status ........... ~ 0.22ms
  2025-07-03 17:42:42 /api/consciousness/thinking-status ........... ~ 0.18ms
  2025-07-03 17:42:49 /api/thoughts/recent ......................... ~ 1.27ms
  2025-07-03 17:42:49 /api/status .................................. ~ 0.17ms
  2025-07-03 17:42:50 /api/thoughts/recent ......................... ~ 0.15ms
  2025-07-03 17:42:50 /api/status .................................. ~ 0.76ms
  2025-07-03 17:42:56 /api/consciousness/thinking-status ........... ~ 0.63ms
  2025-07-03 17:42:57 /api/consciousness/thinking-status ........... ~ 0.17ms
  2025-07-03 17:42:59 /api/status .................................. ~ 0.18ms
  2025-07-03 17:43:00 /api/status .................................. ~ 0.16ms
  2025-07-03 17:43:14 /api/thoughts/recent ......................... ~ 1.19ms
  2025-07-03 17:43:14 /api/status .................................. ~ 0.08ms
  2025-07-03 17:43:14 /api/thoughts/recent ......................... ~ 0.85ms
  2025-07-03 17:43:14 /api/status .................................. ~ 0.67ms
  2025-07-03 17:43:14 /api/consciousness/thinking-status ........... ~ 1.06ms
  2025-07-03 17:43:14 /api/consciousness/thinking-status ........... ~ 0.45ms
  2025-07-03 17:43:19 /api/status .................................. ~ 0.24ms
  2025-07-03 17:43:20 /api/status .................................. ~ 0.21ms
  2025-07-03 17:43:26 /api/consciousness/thinking-status ........... ~ 0.84ms
  2025-07-03 17:43:27 /api/consciousness/thinking-status ........... ~ 0.15ms
  2025-07-03 17:43:29 /api/thoughts/recent ......................... ~ 0.08ms
  2025-07-03 17:43:29 /api/status .................................. ~ 0.06ms
  2025-07-03 17:43:30 /api/thoughts/recent ......................... ~ 0.23ms
  2025-07-03 17:43:30 /api/status .................................. ~ 0.08ms
  2025-07-03 17:43:39 /api/status .................................. ~ 1.43ms
  2025-07-03 17:43:40 /api/status .................................. ~ 3.38ms
  2025-07-03 17:43:41 /api/consciousness/thinking-status ......... ~ 504.17ms
  2025-07-03 17:43:42 /api/consciousness/thinking-status ........... ~ 0.21ms
  2025-07-03 17:43:49 /api/thoughts/recent ......................... ~ 0.94ms
  2025-07-03 17:43:49 /api/status .................................. ~ 1.41ms
  2025-07-03 17:43:50 /api/thoughts/recent ......................... ~ 0.14ms
  2025-07-03 17:43:50 /api/status .................................. ~ 0.06ms
  2025-07-03 17:43:56 /api/consciousness/thinking-status ........... ~ 0.15ms
  2025-07-03 17:43:57 /api/consciousness/thinking-status ........... ~ 0.21ms
  2025-07-03 17:43:59 /api/status .................................. ~ 0.16ms
  2025-07-03 17:44:00 /api/status .................................. ~ 0.20ms
  2025-07-03 17:44:09 /api/thoughts/recent ......................... ~ 0.15ms
  2025-07-03 17:44:09 /api/status .................................. ~ 0.06ms
  2025-07-03 17:44:10 /api/thoughts/recent ......................... ~ 0.25ms
  2025-07-03 17:44:10 /api/status .................................. ~ 0.12ms
  2025-07-03 17:44:11 /api/consciousness/thinking-status ........... ~ 0.17ms
  2025-07-03 17:44:12 /api/consciousness/thinking-status ........... ~ 0.18ms
  2025-07-03 17:44:19 /api/status .................................. ~ 0.65ms
  2025-07-03 17:44:20 /api/status .................................. ~ 0.11ms
  2025-07-03 17:44:26 /api/consciousness/thinking-status ........... ~ 1.42ms
  2025-07-03 17:44:27 /api/consciousness/thinking-status ........... ~ 0.22ms
  2025-07-03 17:44:29 /api/thoughts/recent ......................... ~ 0.23ms
  2025-07-03 17:44:29 /api/status .................................. ~ 0.10ms
  2025-07-03 17:44:30 /api/thoughts/recent ......................... ~ 0.22ms
  2025-07-03 17:44:31 /api/status .................................. ~ 0.15ms
  2025-07-03 17:44:40 /api/status .................................. ~ 0.24ms
  2025-07-03 17:44:42 /api/consciousness/thinking-status ........... ~ 1.27ms
  2025-07-03 17:44:42 /api/status .................................. ~ 0.08ms
  2025-07-03 17:44:43 /api/consciousness/thinking-status ........... ~ 0.24ms
  2025-07-03 17:44:50 /api/thoughts/recent ......................... ~ 0.64ms
  2025-07-03 17:44:50 /api/status .................................. ~ 0.25ms
  2025-07-03 17:44:51 /api/thoughts/recent ......................... ~ 0.30ms
  2025-07-03 17:44:52 /api/status .................................. ~ 0.11ms
  2025-07-03 17:44:57 /api/consciousness/thinking-status ........... ~ 0.81ms
  2025-07-03 17:44:58 /api/consciousness/thinking-status ........... ~ 0.12ms
  2025-07-03 17:45:00 /api/status .................................. ~ 0.39ms
  2025-07-03 17:45:02 /api/status .................................. ~ 0.10ms
  2025-07-03 17:45:10 /api/thoughts/recent ......................... ~ 1.20ms
  2025-07-03 17:45:10 /api/status .................................. ~ 2.02ms
  2025-07-03 17:45:11 /api/thoughts/recent ......................... ~ 0.26ms
  2025-07-03 17:45:12 /api/consciousness/thinking-status ........... ~ 0.25ms
  2025-07-03 17:45:12 /api/status .................................. ~ 0.81ms
  2025-07-03 17:45:18 /api/consciousness/thinking-status ........... ~ 1.03ms
  2025-07-03 17:45:20 /api/status .................................. ~ 0.18ms
  2025-07-03 17:45:27 /api/status .................................. ~ 1.11ms
  2025-07-03 17:45:27 /api/consciousness/thinking-status ........... ~ 0.08ms
  2025-07-03 17:45:28 /api/consciousness/thinking-status ........... ~ 0.22ms
  2025-07-03 17:45:30 /api/thoughts/recent ......................... ~ 0.25ms
  2025-07-03 17:45:30 /api/status .................................. ~ 1.20ms
  2025-07-03 17:45:31 /api/thoughts/recent ......................... ~ 0.20ms
  2025-07-03 17:45:32 /api/status .................................. ~ 0.24ms
  2025-07-03 17:45:40 /api/status .................................. ~ 0.80ms
  2025-07-03 17:45:42 /api/consciousness/thinking-status ........... ~ 0.10ms
  2025-07-03 17:45:42 /api/status .................................. ~ 0.04ms
  2025-07-03 17:45:43 /api/consciousness/thinking-status ........... ~ 0.16ms
  2025-07-03 17:45:50 /api/thoughts/recent ......................... ~ 0.90ms
  2025-07-03 17:45:50 /api/status .................................. ~ 0.05ms
  2025-07-03 17:45:51 /api/thoughts/recent ......................... ~ 0.66ms
  2025-07-03 17:45:52 /api/status .................................. ~ 0.16ms
  2025-07-03 17:45:57 /api/consciousness/thinking-status ........... ~ 4.36ms
  2025-07-03 17:45:58 /api/consciousness/thinking-status ........... ~ 0.17ms
  2025-07-03 17:46:00 /api/status .................................. ~ 0.25ms
  2025-07-03 17:46:02 /api/status .................................. ~ 0.21ms
  2025-07-03 17:46:10 /api/thoughts/recent ......................... ~ 0.21ms
  2025-07-03 17:46:10 /api/status .................................. ~ 0.93ms
  2025-07-03 17:46:11 /api/thoughts/recent ......................... ~ 0.11ms
  2025-07-03 17:46:12 /api/consciousness/thinking-status ........... ~ 0.24ms
  2025-07-03 17:46:13 /api/status .................................. ~ 0.21ms
  2025-07-03 17:46:15 /api/consciousness/thinking-status ........... ~ 0.21ms
  2025-07-03 17:46:21 /api/status .................................. ~ 0.79ms
  2025-07-03 17:46:24 /api/status .................................. ~ 0.19ms
  2025-07-03 17:46:28 /api/consciousness/thinking-status ........... ~ 0.27ms
  2025-07-03 17:46:30 /api/consciousness/thinking-status ........... ~ 0.15ms
  2025-07-03 17:46:31 /api/thoughts/recent ......................... ~ 0.44ms
  2025-07-03 17:46:32 /api/status .................................. ~ 0.22ms
  2025-07-03 17:46:32 /api/thoughts/recent ......................... ~ 0.07ms
  2025-07-03 17:46:34 /api/status .................................. ~ 0.22ms
  2025-07-03 17:46:42 /api/status .................................. ~ 0.19ms
  2025-07-03 17:46:43 /api/consciousness/thinking-status ........... ~ 0.15ms
  2025-07-03 17:46:44 /api/status .................................. ~ 0.22ms
  2025-07-03 17:46:45 /api/consciousness/thinking-status ........... ~ 0.14ms
  2025-07-03 17:46:51 /api/thoughts/recent ......................... ~ 0.21ms
  2025-07-03 17:46:52 /api/thoughts/recent ......................... ~ 0.18ms
  2025-07-03 17:46:52 /api/status .................................. ~ 0.08ms
  2025-07-03 17:46:54 /api/status .................................. ~ 0.47ms
  2025-07-03 17:46:58 /api/consciousness/thinking-status ........... ~ 0.13ms
  2025-07-03 17:47:00 /api/consciousness/thinking-status ........... ~ 0.18ms
  2025-07-03 17:47:02 /api/status .................................. ~ 1.18ms
  2025-07-03 17:47:04 /api/status .................................. ~ 0.39ms
  2025-07-03 17:47:11 /api/thoughts/recent ......................... ~ 0.24ms
  2025-07-03 17:47:12 /api/thoughts/recent ......................... ~ 0.11ms
  2025-07-03 17:47:12 /api/status .................................. ~ 0.05ms
  2025-07-03 17:47:13 /api/consciousness/thinking-status ........... ~ 0.16ms
  2025-07-03 17:47:14 /api/status .................................. ~ 0.12ms
  2025-07-03 17:47:15 /api/consciousness/thinking-status ........... ~ 0.10ms
  2025-07-03 17:47:22 /api/status .................................. ~ 0.80ms
  2025-07-03 17:47:24 /api/status .................................. ~ 0.17ms
  2025-07-03 17:47:28 /api/consciousness/thinking-status ........... ~ 0.16ms
  2025-07-03 17:47:30 /api/consciousness/thinking-status ........... ~ 0.13ms
  2025-07-03 17:47:31 /api/thoughts/recent ......................... ~ 0.19ms
  2025-07-03 17:47:32 /api/thoughts/recent ......................... ~ 0.16ms
  2025-07-03 17:47:32 /api/status .................................. ~ 0.07ms
  2025-07-03 17:47:34 /api/status .................................. ~ 0.14ms
  2025-07-03 17:47:42 /api/status .................................. ~ 0.12ms
  2025-07-03 17:47:43 /api/consciousness/thinking-status ........... ~ 0.28ms
  2025-07-03 17:47:44 /api/status .................................. ~ 0.18ms
  2025-07-03 17:47:45 /api/consciousness/thinking-status ........... ~ 0.15ms
  2025-07-03 17:47:51 /api/thoughts/recent ......................... ~ 0.12ms
  2025-07-03 17:47:52 /api/thoughts/recent ......................... ~ 0.12ms
  2025-07-03 17:47:52 /api/status .................................. ~ 0.06ms
  2025-07-03 17:47:54 /api/status .................................. ~ 0.18ms
  2025-07-03 17:47:59 /api/consciousness/thinking-status ........... ~ 1.02ms
  2025-07-03 17:48:01 /api/consciousness/thinking-status ........... ~ 0.14ms
  2025-07-03 17:48:03 /api/status .................................. ~ 0.16ms
  2025-07-03 17:48:05 /api/status .................................. ~ 0.14ms
  2025-07-03 17:48:17 /api/thoughts/recent ......................... ~ 0.16ms
  2025-07-03 17:48:17 /api/thoughts/recent ......................... ~ 0.58ms
  2025-07-03 17:48:17 /api/status .................................. ~ 0.96ms
  2025-07-03 17:48:17 /api/consciousness/thinking-status ........... ~ 1.44ms
  2025-07-03 17:48:17 /api/status .................................. ~ 1.65ms
  2025-07-03 17:48:17 /api/consciousness/thinking-status ........... ~ 2.13ms
  2025-07-03 17:48:23 /api/status .................................. ~ 1.01ms
  2025-07-03 17:48:25 /api/status .................................. ~ 0.16ms
  2025-07-03 17:48:29 /api/consciousness/thinking-status ........... ~ 0.11ms
  2025-07-03 17:48:31 /api/consciousness/thinking-status ........... ~ 0.20ms
  2025-07-03 17:48:32 /api/thoughts/recent ......................... ~ 0.20ms
  2025-07-03 17:48:33 /api/thoughts/recent ......................... ~ 0.14ms
  2025-07-03 17:48:34 /api/status .................................. ~ 0.10ms
  2025-07-03 17:48:35 /api/status .................................. ~ 0.20ms
  2025-07-03 17:48:44 /api/consciousness/thinking-status ........... ~ 0.12ms
  2025-07-03 17:48:44 /api/status .................................. ~ 0.08ms
  2025-07-03 17:48:45 /api/status .................................. ~ 0.18ms
  2025-07-03 17:48:46 /api/consciousness/thinking-status ........... ~ 0.11ms
  2025-07-03 17:48:52 /api/thoughts/recent ......................... ~ 1.06ms
  2025-07-03 17:48:53 /api/thoughts/recent ......................... ~ 0.11ms
  2025-07-03 17:48:54 /api/status .................................. ~ 0.15ms
  2025-07-03 17:48:55 /api/status .................................. ~ 0.11ms
  2025-07-03 17:48:59 /api/consciousness/thinking-status ........... ~ 0.12ms
  2025-07-03 17:49:01 /api/consciousness/thinking-status ........... ~ 0.59ms
  2025-07-03 17:49:04 /api/status .................................. ~ 0.14ms
  2025-07-03 17:49:05 /api/status .................................. ~ 0.12ms
  2025-07-03 17:49:12 /api/thoughts/recent ....................... ~ 503.82ms
  2025-07-03 17:49:13 /api/thoughts/recent ....................... ~ 506.01ms
  2025-07-03 17:49:14 /api/consciousness/thinking-status ......... ~ 506.33ms
  2025-07-03 17:49:14 /api/status ................................ ~ 507.79ms
  2025-07-03 17:49:15 /api/status ................................ ~ 506.24ms
  2025-07-03 17:49:16 /api/consciousness/thinking-status ......... ~ 505.26ms
  2025-07-03 17:49:24 /api/status .................................. ~ 1.25ms
  2025-07-03 17:49:25 /api/status .................................. ~ 0.50ms
  2025-07-03 17:49:29 /api/consciousness/thinking-status ......... ~ 505.99ms
  2025-07-03 17:49:31 /api/consciousness/thinking-status ......... ~ 502.73ms
  2025-07-03 17:49:32 /api/thoughts/recent ....................... ~ 502.88ms
  2025-07-03 17:49:34 /api/thoughts/recent ......................... ~ 0.65ms
  2025-07-03 17:49:35 /api/status .................................. ~ 0.38ms
  2025-07-03 17:49:36 /api/status .................................. ~ 0.53ms
  2025-07-03 17:49:45 /api/consciousness/thinking-status ........... ~ 0.41ms
  2025-07-03 17:49:45 /api/status .................................. ~ 0.72ms
  2025-07-03 17:49:46 /api/status .................................. ~ 0.19ms
  2025-07-03 17:49:47 /api/consciousness/thinking-status ........... ~ 0.60ms
  2025-07-03 17:49:53 /api/thoughts/recent ......................... ~ 0.15ms
  2025-07-03 17:49:54 /api/thoughts/recent ......................... ~ 0.07ms
  2025-07-03 17:49:55 /api/status .................................. ~ 0.11ms
  2025-07-03 17:49:56 /api/status .................................. ~ 0.14ms
  2025-07-03 17:50:00 /api/consciousness/thinking-status ........... ~ 0.09ms
  2025-07-03 17:50:02 /api/consciousness/thinking-status ......... ~ 501.01ms
  2025-07-03 17:50:05 /api/status .................................. ~ 0.59ms
  2025-07-03 17:50:06 /api/status .................................. ~ 0.62ms
  2025-07-03 17:52:16 /api/thoughts/recent ......................... ~ 0.85ms
  2025-07-03 17:52:16 /api/thoughts/recent ......................... ~ 2.56ms
  2025-07-03 17:52:16 /api/consciousness/thinking-status ........... ~ 0.63ms
  2025-07-03 17:52:16 /api/status .................................. ~ 0.29ms
  2025-07-03 17:52:17 /api/status .................................. ~ 0.13ms
  2025-07-03 17:52:17 /api/consciousness/thinking-status ........... ~ 0.78ms
  2025-07-03 17:52:26 /api/status .................................. ~ 1.02ms
  2025-07-03 17:52:27 /api/status .................................. ~ 0.21ms
  2025-07-03 17:52:30 /api/consciousness/thinking-status ........... ~ 0.10ms
  2025-07-03 17:52:32 /api/consciousness/thinking-status ........... ~ 0.10ms
  2025-07-03 17:52:34 /api/thoughts/recent ......................... ~ 0.13ms
  2025-07-03 17:52:35 /api/thoughts/recent ......................... ~ 0.51ms
  2025-07-03 17:52:36 /api/status .................................. ~ 0.11ms
  2025-07-03 17:52:37 /api/status .................................. ~ 0.17ms
  2025-07-03 17:52:45 /api/consciousness/thinking-status ........... ~ 1.14ms
  2025-07-03 17:52:46 /api/status .................................. ~ 0.20ms
  2025-07-03 17:52:47 /api/consciousness/thinking-status ........... ~ 0.24ms
  2025-07-03 17:52:47 /api/status .................................. ~ 0.72ms
  2025-07-03 17:52:55 /api/thoughts/recent ......................... ~ 0.16ms
  2025-07-03 17:52:56 /api/thoughts/recent ......................... ~ 0.23ms
  2025-07-03 17:52:57 /api/status .................................. ~ 0.21ms
  2025-07-03 17:52:58 /api/status .................................. ~ 0.21ms
  2025-07-03 17:53:01 /api/consciousness/thinking-status ........... ~ 0.11ms
  2025-07-03 17:53:03 /api/consciousness/thinking-status ........... ~ 0.53ms
  2025-07-03 17:53:07 /api/status .................................. ~ 0.14ms
  2025-07-03 17:53:08 /api/status .................................. ~ 0.17ms
  2025-07-03 17:53:15 /api/thoughts/recent ......................... ~ 4.16ms
  2025-07-03 17:53:16 /api/thoughts/recent ......................... ~ 0.12ms
  2025-07-03 17:53:16 /api/consciousness/thinking-status ........... ~ 0.04ms
  2025-07-03 17:53:17 /api/status .................................. ~ 0.12ms
  2025-07-03 17:53:18 /api/consciousness/thinking-status ........... ~ 0.10ms
  2025-07-03 17:53:18 /api/status .................................. ~ 0.05ms
  2025-07-03 17:53:27 /api/status .................................. ~ 0.40ms
  2025-07-03 17:53:28 /api/status .................................. ~ 0.17ms
  2025-07-03 17:53:31 /api/consciousness/thinking-status ........... ~ 0.16ms
  2025-07-03 17:53:33 /api/consciousness/thinking-status ........... ~ 0.11ms
  2025-07-03 17:53:35 /api/thoughts/recent ......................... ~ 1.07ms
  2025-07-03 17:53:36 /api/thoughts/recent ......................... ~ 0.13ms
  2025-07-03 17:53:37 /api/status .................................. ~ 0.16ms
  2025-07-03 17:53:38 /api/status .................................. ~ 0.23ms
  2025-07-03 17:53:46 /api/consciousness/thinking-status ........... ~ 0.13ms
  2025-07-03 17:53:47 /api/status .................................. ~ 0.20ms
  2025-07-03 17:53:48 /api/consciousness/thinking-status ........... ~ 0.14ms
  2025-07-03 17:53:48 /api/status .................................. ~ 0.07ms
  2025-07-03 17:53:55 /api/thoughts/recent ......................... ~ 0.36ms
  2025-07-03 17:53:56 /api/thoughts/recent ......................... ~ 0.20ms
  2025-07-03 17:53:57 /api/status .................................. ~ 0.17ms
  2025-07-03 17:53:58 /api/status .................................. ~ 0.19ms
  2025-07-03 17:54:01 /api/consciousness/thinking-status ........... ~ 0.11ms
  2025-07-03 17:54:03 /api/consciousness/thinking-status ........... ~ 0.94ms
  2025-07-03 17:54:07 /api/status .................................. ~ 0.25ms
  2025-07-03 17:54:08 /api/status .................................. ~ 0.22ms
  2025-07-03 17:54:15 /api/thoughts/recent ......................... ~ 0.10ms
  2025-07-03 17:54:16 /api/thoughts/recent ......................... ~ 1.27ms
  2025-07-03 17:54:16 /api/consciousness/thinking-status ........... ~ 0.14ms
  2025-07-03 17:54:17 /api/status .................................. ~ 0.13ms
  2025-07-03 17:54:18 /api/consciousness/thinking-status ........... ~ 0.14ms
  2025-07-03 17:54:19 /api/status .................................. ~ 0.20ms
  2025-07-03 17:54:27 /api/status .................................. ~ 0.20ms
  2025-07-03 17:54:29 /api/status .................................. ~ 0.16ms
  2025-07-03 17:54:32 /api/consciousness/thinking-status ........... ~ 0.15ms
  2025-07-03 17:54:34 /api/consciousness/thinking-status ........... ~ 0.11ms
  2025-07-03 17:54:36 /api/thoughts/recent ......................... ~ 0.11ms
  2025-07-03 17:54:37 /api/thoughts/recent ......................... ~ 0.10ms
  2025-07-03 17:54:38 /api/status .................................. ~ 0.51ms
  2025-07-03 17:54:40 /api/status .................................. ~ 0.10ms
  2025-07-03 17:54:47 /api/consciousness/thinking-status ........... ~ 0.35ms
  2025-07-03 17:54:48 /api/status .................................. ~ 0.14ms
  2025-07-03 17:54:49 /api/consciousness/thinking-status ........... ~ 0.11ms
  2025-07-03 17:54:51 /api/status .................................. ~ 0.14ms
  2025-07-03 17:54:56 /api/thoughts/recent ......................... ~ 1.06ms
  2025-07-03 17:54:57 /api/thoughts/recent ......................... ~ 0.10ms
  2025-07-03 17:54:58 /api/status .................................. ~ 0.11ms
  2025-07-03 17:55:01 /api/status .................................. ~ 0.12ms
  2025-07-03 17:55:02 /api/consciousness/thinking-status ........... ~ 0.13ms
  2025-07-03 17:55:04 /api/consciousness/thinking-status ........... ~ 0.55ms
  2025-07-03 17:55:08 /api/status .................................. ~ 0.11ms
  2025-07-03 17:55:11 /api/status .................................. ~ 0.11ms
  2025-07-03 17:55:16 /api/thoughts/recent ......................... ~ 0.30ms
  2025-07-03 17:55:17 /api/thoughts/recent ....................... ~ 507.74ms
  2025-07-03 17:55:17 /api/consciousness/thinking-status ......... ~ 508.10ms
  2025-07-03 17:55:24 /api/status .................................. ~ 0.14ms
  2025-07-03 17:55:24 /api/consciousness/thinking-status ........... ~ 0.73ms
  2025-07-03 17:55:24 /api/status .................................. ~ 0.29ms
  2025-07-03 17:55:29 /api/status .................................. ~ 0.16ms
  2025-07-03 17:55:31 /api/status .................................. ~ 0.30ms
  2025-07-03 17:55:32 /api/consciousness/thinking-status ........... ~ 0.10ms
  2025-07-03 17:55:34 /api/consciousness/thinking-status ........... ~ 0.11ms
  2025-07-03 17:55:36 /api/thoughts/recent ......................... ~ 0.13ms
  2025-07-03 17:55:37 /api/thoughts/recent ......................... ~ 0.62ms
  2025-07-03 17:55:39 /api/status .................................. ~ 0.13ms
  2025-07-03 17:55:41 /api/status .................................. ~ 0.13ms
  2025-07-03 17:55:47 /api/consciousness/thinking-status ........... ~ 0.13ms
  2025-07-03 17:55:49 /api/consciousness/thinking-status ........... ~ 0.10ms
  2025-07-03 17:55:49 /api/status .................................. ~ 0.05ms
  2025-07-03 17:55:51 /api/status .................................. ~ 0.12ms
  2025-07-03 17:55:56 /api/thoughts/recent ......................... ~ 0.23ms
  2025-07-03 17:55:57 /api/thoughts/recent ......................... ~ 0.10ms
  2025-07-03 17:55:59 /api/status .................................. ~ 0.12ms
  2025-07-03 17:56:01 /api/status .................................. ~ 0.10ms
  2025-07-03 17:56:02 /api/consciousness/thinking-status ........... ~ 0.20ms
  2025-07-03 17:56:04 /api/consciousness/thinking-status ......... ~ 505.32ms
  2025-07-03 17:56:10 /api/status ................................ ~ 503.85ms
  2025-07-03 17:56:12 /api/status .................................. ~ 0.33ms
  2025-07-03 17:56:17 /api/thoughts/recent ......................... ~ 0.08ms
  2025-07-03 17:56:18 /api/thoughts/recent ......................... ~ 0.39ms
  2025-07-03 17:56:18 /api/consciousness/thinking-status ........... ~ 0.04ms
  2025-07-03 17:56:20 /api/consciousness/thinking-status ........... ~ 0.20ms
  2025-07-03 17:56:20 /api/status .................................. ~ 0.10ms
  2025-07-03 17:56:22 /api/status .................................. ~ 0.25ms
  2025-07-03 17:56:30 /api/status .................................. ~ 0.15ms
  2025-07-03 17:56:32 /api/status .................................. ~ 0.16ms
  2025-07-03 17:56:33 /api/consciousness/thinking-status ........... ~ 0.08ms
  2025-07-03 17:56:35 /api/consciousness/thinking-status ........... ~ 0.14ms
  2025-07-03 17:56:37 /api/thoughts/recent ......................... ~ 0.78ms
  2025-07-03 17:56:38 /api/thoughts/recent ......................... ~ 0.17ms
  2025-07-03 17:56:40 /api/status .................................. ~ 0.12ms
  2025-07-03 17:56:42 /api/status .................................. ~ 0.12ms
  2025-07-03 17:56:48 /api/consciousness/thinking-status ........... ~ 0.14ms
  2025-07-03 17:56:50 /api/consciousness/thinking-status ........... ~ 0.11ms
  2025-07-03 17:56:50 /api/status .................................. ~ 0.05ms
  2025-07-03 17:56:52 /api/status .................................. ~ 0.22ms
  2025-07-03 17:56:57 /api/thoughts/recent ......................... ~ 0.20ms
  2025-07-03 17:56:58 /api/thoughts/recent ......................... ~ 0.19ms
  2025-07-03 17:57:00 /api/status .................................. ~ 0.20ms
  2025-07-03 17:57:02 /api/status .................................. ~ 0.14ms
  2025-07-03 17:57:03 /api/consciousness/thinking-status ........... ~ 1.06ms
  2025-07-03 17:57:05 /api/consciousness/thinking-status ........... ~ 0.17ms
  2025-07-03 17:57:10 /api/status .................................. ~ 0.19ms
  2025-07-03 17:57:12 /api/status .................................. ~ 0.17ms
  2025-07-03 17:57:17 /api/thoughts/recent ......................... ~ 0.24ms
  2025-07-03 17:57:18 /api/thoughts/recent ......................... ~ 0.11ms
  2025-07-03 17:57:18 /api/consciousness/thinking-status ........... ~ 0.05ms
  2025-07-03 17:57:20 /api/consciousness/thinking-status ........... ~ 0.11ms
  2025-07-03 17:57:20 /api/status .................................. ~ 0.05ms
  2025-07-03 17:57:22 /api/status .................................. ~ 0.10ms
  2025-07-03 17:57:30 /api/status .................................. ~ 0.54ms
  2025-07-03 17:57:32 /api/status .................................. ~ 0.12ms
  2025-07-03 17:57:33 /api/consciousness/thinking-status ........... ~ 0.11ms
  2025-07-03 17:57:35 /api/consciousness/thinking-status ........... ~ 0.12ms
  2025-07-03 17:57:37 /api/thoughts/recent ......................... ~ 0.11ms
  2025-07-03 17:57:38 /api/thoughts/recent ......................... ~ 0.11ms
  2025-07-03 17:57:40 /api/status .................................. ~ 0.14ms
  2025-07-03 17:57:42 /api/status .................................. ~ 0.99ms
  2025-07-03 17:57:49 /api/consciousness/thinking-status ........... ~ 0.19ms
  2025-07-03 17:57:51 /api/consciousness/thinking-status ........... ~ 0.29ms
  2025-07-03 17:57:51 /api/status .................................. ~ 0.58ms
  2025-07-03 17:57:53 /api/status .................................. ~ 0.16ms
  2025-07-03 17:57:58 /api/thoughts/recent ......................... ~ 0.13ms
  2025-07-03 17:57:59 /api/thoughts/recent ......................... ~ 0.16ms
  2025-07-03 17:58:01 /api/status .................................. ~ 0.10ms
  2025-07-03 17:58:03 /api/status .................................. ~ 1.07ms
  2025-07-03 17:58:04 /api/consciousness/thinking-status ........... ~ 0.19ms
  2025-07-03 17:58:06 /api/consciousness/thinking-status ........... ~ 0.10ms
  2025-07-03 17:58:11 /api/status .................................. ~ 0.80ms
  2025-07-03 17:58:13 /api/status .................................. ~ 0.19ms
  2025-07-03 17:58:18 /api/thoughts/recent ......................... ~ 0.08ms
  2025-07-03 17:58:19 /api/thoughts/recent ......................... ~ 0.17ms
  2025-07-03 17:58:19 /api/consciousness/thinking-status ........... ~ 0.89ms
  2025-07-03 17:58:21 /api/consciousness/thinking-status ........... ~ 0.10ms
  2025-07-03 17:58:21 /api/status .................................. ~ 0.34ms
  2025-07-03 17:58:23 /api/status .................................. ~ 1.04ms
  2025-07-03 17:58:31 /api/status .................................. ~ 1.13ms
  2025-07-03 17:58:33 /api/status .................................. ~ 0.20ms
  2025-07-03 17:58:34 /api/consciousness/thinking-status ........... ~ 0.14ms
  2025-07-03 17:58:36 /api/consciousness/thinking-status ........... ~ 0.13ms
  2025-07-03 17:58:38 /api/thoughts/recent ......................... ~ 0.73ms
  2025-07-03 17:58:39 /api/thoughts/recent ......................... ~ 0.16ms
  2025-07-03 17:58:41 /api/status .................................. ~ 0.22ms
  2025-07-03 17:58:43 /api/status .................................. ~ 0.17ms
  2025-07-03 17:58:49 /api/consciousness/thinking-status ........... ~ 0.11ms
  2025-07-03 17:58:51 /api/consciousness/thinking-status ........... ~ 0.68ms
  2025-07-03 17:58:51 /api/status .................................. ~ 1.10ms
  2025-07-03 17:58:53 /api/status .................................. ~ 0.13ms
  2025-07-03 17:58:58 /api/thoughts/recent ......................... ~ 0.22ms
  2025-07-03 17:58:59 /api/thoughts/recent ......................... ~ 0.11ms
  2025-07-03 17:59:01 /api/status .................................. ~ 0.15ms
  2025-07-03 17:59:03 /api/status .................................. ~ 0.10ms
  2025-07-03 17:59:04 /api/consciousness/thinking-status ........... ~ 0.16ms
  2025-07-03 17:59:06 /api/consciousness/thinking-status ........... ~ 0.12ms
  2025-07-03 17:59:11 /api/status .................................. ~ 1.04ms
  2025-07-03 17:59:13 /api/status .................................. ~ 0.16ms
  2025-07-03 17:59:18 /api/thoughts/recent ......................... ~ 2.00ms
  2025-07-03 17:59:19 /api/thoughts/recent ......................... ~ 0.12ms
  2025-07-03 17:59:19 /api/consciousness/thinking-status ........... ~ 0.05ms
  2025-07-03 17:59:21 /api/consciousness/thinking-status ........... ~ 0.13ms
  2025-07-03 17:59:21 /api/status .................................. ~ 0.05ms
  2025-07-03 17:59:23 /api/status .................................. ~ 0.23ms
  2025-07-03 17:59:32 /api/status .................................. ~ 0.18ms
  2025-07-03 17:59:34 /api/status .................................. ~ 0.10ms
  2025-07-03 17:59:35 /api/consciousness/thinking-status ........... ~ 0.23ms
  2025-07-03 17:59:37 /api/consciousness/thinking-status ........... ~ 0.12ms
  2025-07-03 17:59:39 /api/thoughts/recent ......................... ~ 0.17ms
  2025-07-03 17:59:40 /api/thoughts/recent ......................... ~ 0.10ms
  2025-07-03 17:59:42 /api/status .................................. ~ 0.19ms
  2025-07-03 17:59:44 /api/status .................................. ~ 0.11ms
  2025-07-03 17:59:50 /api/consciousness/thinking-status ........... ~ 0.36ms
  2025-07-03 17:59:52 /api/consciousness/thinking-status ......... ~ 503.45ms
  2025-07-03 17:59:59 /api/status .................................. ~ 0.10ms
  2025-07-03 18:00:00 /api/status .................................. ~ 0.93ms
  2025-07-03 18:00:00 /api/thoughts/recent ......................... ~ 0.07ms
  2025-07-03 18:00:00 /api/thoughts/recent ......................... ~ 0.54ms
  2025-07-03 18:00:05 /api/consciousness/thinking-status ........... ~ 0.13ms
  2025-07-03 18:00:07 /api/consciousness/thinking-status ........... ~ 0.12ms
  2025-07-03 18:00:09 /api/status .................................. ~ 0.11ms
  2025-07-03 18:00:10 /api/status .................................. ~ 0.96ms
  2025-07-03 18:00:19 /api/status .................................. ~ 0.23ms
  2025-07-03 18:00:20 /api/thoughts/recent ......................... ~ 0.09ms
  2025-07-03 18:00:21 /api/thoughts/recent ......................... ~ 0.12ms
  2025-07-03 18:00:21 /api/consciousness/thinking-status ........... ~ 0.61ms
  2025-07-03 18:00:21 /api/status .................................. ~ 0.31ms
  2025-07-03 18:00:22 /api/consciousness/thinking-status ........... ~ 0.15ms
  2025-07-03 18:00:30 /api/status .................................. ~ 0.11ms
  2025-07-03 18:00:32 /api/status .................................. ~ 0.11ms
  2025-07-03 18:00:37 /api/consciousness/thinking-status ........... ~ 0.11ms
  2025-07-03 18:00:38 /api/consciousness/thinking-status ........... ~ 0.15ms
  2025-07-03 18:00:40 /api/status .................................. ~ 0.15ms
  2025-07-03 18:00:41 /api/thoughts/recent ......................... ~ 0.58ms
  2025-07-03 18:00:42 /api/thoughts/recent ......................... ~ 0.11ms
  2025-07-03 18:00:42 /api/status .................................. ~ 0.50ms
  2025-07-03 18:00:50 /api/status .................................. ~ 0.56ms
  2025-07-03 18:00:52 /api/consciousness/thinking-status ........... ~ 0.10ms
  2025-07-03 18:00:52 /api/status .................................. ~ 0.05ms
  2025-07-03 18:00:53 /api/consciousness/thinking-status ........... ~ 0.14ms
  2025-07-03 18:01:00 /api/status .................................. ~ 0.67ms
  2025-07-03 18:01:01 /api/thoughts/recent ......................... ~ 0.14ms
  2025-07-03 18:01:02 /api/thoughts/recent ......................... ~ 0.48ms
  2025-07-03 18:01:02 /api/status .................................. ~ 0.05ms
  2025-07-03 18:01:07 /api/consciousness/thinking-status ........... ~ 0.59ms
  2025-07-03 18:01:08 /api/consciousness/thinking-status ........... ~ 0.11ms
  2025-07-03 18:01:10 /api/status .................................. ~ 0.13ms
  2025-07-03 18:01:12 /api/status .................................. ~ 0.10ms
  2025-07-03 18:01:20 /api/status .................................. ~ 0.60ms
  2025-07-03 18:01:21 /api/thoughts/recent ......................... ~ 0.11ms
  2025-07-03 18:01:22 /api/thoughts/recent ......................... ~ 0.10ms
  2025-07-03 18:01:22 /api/consciousness/thinking-status ........... ~ 0.07ms
  2025-07-03 18:01:22 /api/status .................................. ~ 0.34ms
  2025-07-03 18:01:23 /api/consciousness/thinking-status ........... ~ 0.13ms
  2025-07-03 18:01:30 /api/status .................................. ~ 0.09ms
  2025-07-03 18:01:32 /api/status .................................. ~ 0.11ms
  2025-07-03 18:01:37 /api/consciousness/thinking-status ........... ~ 0.10ms
  2025-07-03 18:01:38 /api/consciousness/thinking-status ........... ~ 0.60ms
  2025-07-03 18:01:40 /api/status .................................. ~ 0.14ms
  2025-07-03 18:01:41 /api/thoughts/recent ......................... ~ 1.14ms
  2025-07-03 18:01:42 /api/thoughts/recent ......................... ~ 0.11ms
  2025-07-03 18:01:42 /api/status .................................. ~ 0.04ms
  2025-07-03 18:01:50 /api/status .................................. ~ 0.97ms
  2025-07-03 18:01:52 /api/consciousness/thinking-status ........... ~ 0.10ms
  2025-07-03 18:01:52 /api/status .................................. ~ 0.06ms
  2025-07-03 18:01:53 /api/consciousness/thinking-status ........... ~ 0.10ms
  2025-07-03 18:02:00 /api/status .................................. ~ 0.15ms
  2025-07-03 18:02:01 /api/thoughts/recent ......................... ~ 0.14ms
  2025-07-03 18:02:02 /api/thoughts/recent ......................... ~ 0.11ms
  2025-07-03 18:02:02 /api/status .................................. ~ 0.05ms
  2025-07-03 18:02:07 /api/consciousness/thinking-status ........... ~ 0.45ms
  2025-07-03 18:02:08 /api/consciousness/thinking-status ........... ~ 0.19ms
  2025-07-03 18:02:11 /api/status .................................. ~ 0.11ms
  2025-07-03 18:02:13 /api/status ................................ ~ 505.43ms
  2025-07-03 18:02:26 /api/thoughts/recent ......................... ~ 0.28ms
  2025-07-03 18:02:26 /api/status .................................. ~ 0.72ms
  2025-07-03 18:02:26 /api/thoughts/recent ......................... ~ 1.34ms
  2025-07-03 18:02:26 /api/consciousness/thinking-status ......... ~ 503.03ms
  2025-07-03 18:02:26 /api/status ................................ ~ 503.49ms
  2025-07-03 18:02:26 /api/consciousness/thinking-status ......... ~ 504.44ms
  2025-07-03 18:02:31 /api/status .................................. ~ 0.12ms
  2025-07-03 18:02:33 /api/status .................................. ~ 0.23ms
  2025-07-03 18:02:38 /api/consciousness/thinking-status ........... ~ 0.11ms
  2025-07-03 18:02:39 /api/consciousness/thinking-status ........... ~ 0.25ms
  2025-07-03 18:02:41 /api/status .................................. ~ 0.10ms
  2025-07-03 18:02:42 /api/thoughts/recent ......................... ~ 0.12ms
  2025-07-03 18:02:43 /api/thoughts/recent ......................... ~ 0.11ms
  2025-07-03 18:02:43 /api/status .................................. ~ 0.05ms
  2025-07-03 18:02:51 /api/status .................................. ~ 0.11ms
  2025-07-03 18:02:53 /api/consciousness/thinking-status ........... ~ 0.09ms
  2025-07-03 18:02:53 /api/status .................................. ~ 0.36ms
  2025-07-03 18:02:54 /api/consciousness/thinking-status ........... ~ 0.11ms
  2025-07-03 18:03:01 /api/status .................................. ~ 0.44ms
  2025-07-03 18:03:02 /api/thoughts/recent ......................... ~ 0.15ms
  2025-07-03 18:03:03 /api/thoughts/recent ......................... ~ 0.08ms
  2025-07-03 18:03:03 /api/status .................................. ~ 0.05ms
  2025-07-03 18:03:08 /api/consciousness/thinking-status ......... ~ 505.52ms
  2025-07-03 18:03:09 /api/consciousness/thinking-status ........... ~ 0.09ms
  2025-07-03 18:03:11 /api/status .................................. ~ 0.11ms
  2025-07-03 18:03:13 /api/status .................................. ~ 0.11ms
  2025-07-03 18:03:21 /api/status .................................. ~ 0.36ms
  2025-07-03 18:03:22 /api/thoughts/recent ......................... ~ 0.13ms
  2025-07-03 18:03:23 /api/thoughts/recent ......................... ~ 0.09ms
  2025-07-03 18:03:23 /api/consciousness/thinking-status ......... ~ 501.96ms
  2025-07-03 18:03:23 /api/status ................................ ~ 502.29ms
  2025-07-03 18:03:24 /api/consciousness/thinking-status ........... ~ 0.11ms
  2025-07-03 18:03:31 /api/status .................................. ~ 0.28ms
  2025-07-03 18:03:33 /api/status .................................. ~ 0.13ms
  2025-07-03 18:03:38 /api/consciousness/thinking-status ......... ~ 505.45ms
  2025-07-03 18:03:39 /api/consciousness/thinking-status ........... ~ 0.08ms
  2025-07-03 18:03:41 /api/status ................................ ~ 504.85ms
  2025-07-03 18:03:42 /api/thoughts/recent ....................... ~ 501.19ms
  2025-07-03 18:03:43 /api/thoughts/recent ....................... ~ 505.37ms
  2025-07-03 18:03:43 /api/status ................................ ~ 505.96ms
  2025-07-03 18:03:51 /api/status ................................ ~ 506.32ms
  2025-07-03 18:03:53 /api/consciousness/thinking-status ......... ~ 505.19ms
  2025-07-03 18:03:53 /api/status ................................ ~ 505.45ms
  2025-07-03 18:03:54 /api/consciousness/thinking-status ......... ~ 505.32ms
  2025-07-03 18:04:02 /api/status .................................. ~ 0.97ms
  2025-07-03 18:04:03 /api/thoughts/recent ......................... ~ 0.11ms
  2025-07-03 18:04:04 /api/thoughts/recent ......................... ~ 0.14ms
  2025-07-03 18:04:04 /api/status .................................. ~ 0.07ms
  2025-07-03 18:04:09 /api/consciousness/thinking-status ........... ~ 0.55ms
  2025-07-03 18:04:10 /api/consciousness/thinking-status ........... ~ 0.11ms
  2025-07-03 18:04:12 /api/status .................................. ~ 0.12ms
  2025-07-03 18:04:14 /api/status .................................. ~ 0.12ms
  2025-07-03 18:04:22 /api/status .................................. ~ 0.44ms
  2025-07-03 18:04:23 /api/thoughts/recent ......................... ~ 0.28ms
  2025-07-03 18:04:24 /api/thoughts/recent ......................... ~ 0.11ms
  2025-07-03 18:04:24 /api/consciousness/thinking-status ........... ~ 0.07ms
  2025-07-03 18:04:24 /api/status .................................. ~ 0.37ms
  2025-07-03 18:04:25 /api/consciousness/thinking-status ........... ~ 0.17ms
  2025-07-03 18:04:32 /api/status .................................. ~ 0.21ms
  2025-07-03 18:04:34 /api/status .................................. ~ 0.20ms
  2025-07-03 18:04:39 /api/consciousness/thinking-status ........... ~ 0.36ms
  2025-07-03 18:04:40 /api/consciousness/thinking-status ........... ~ 0.17ms
  2025-07-03 18:04:42 /api/status .................................. ~ 0.28ms
  2025-07-03 18:04:43 /api/thoughts/recent ......................... ~ 0.19ms
  2025-07-03 18:04:44 /api/thoughts/recent ......................... ~ 0.18ms
  2025-07-03 18:04:44 /api/status .................................. ~ 0.07ms
  2025-07-03 18:04:52 /api/status .................................. ~ 1.41ms
  2025-07-03 18:04:54 /api/consciousness/thinking-status ........... ~ 0.18ms
  2025-07-03 18:04:54 /api/status .................................. ~ 0.06ms
  2025-07-03 18:04:55 /api/consciousness/thinking-status ........... ~ 0.23ms
  2025-07-03 18:05:04 /api/status .................................. ~ 1.47ms
  2025-07-03 18:05:04 /api/thoughts/recent ......................... ~ 0.12ms
  2025-07-03 18:05:10 /api/consciousness/thinking-status ........... ~ 0.24ms
  2025-07-03 18:05:10 /api/thoughts/recent ......................... ~ 0.90ms
  2025-07-03 18:05:10 /api/status .................................. ~ 1.67ms
  2025-07-03 18:05:10 /api/consciousness/thinking-status ........... ~ 1.88ms
  2025-07-03 18:05:14 /api/status .................................. ~ 0.42ms
  2025-07-03 18:05:15 /api/status .................................. ~ 0.17ms
  2025-07-03 18:05:16 /api/consciousness/start ................... ~ 500.73ms
  2025-07-03 18:05:29 /api/thoughts/recent ......................... ~ 0.98ms
  2025-07-03 18:05:29 /api/consciousness/thinking-status ........... ~ 1.61ms
  2025-07-03 18:05:30 /api/status .................................. ~ 0.33ms
  2025-07-03 18:05:30 /api/thoughts/recent ......................... ~ 0.62ms
  2025-07-03 18:05:30 /api/consciousness/thinking-status ........... ~ 0.51ms
  2025-07-03 18:05:30 /api/status .................................. ~ 0.29ms
  2025-07-03 18:05:36 /api/status .................................. ~ 0.12ms
  2025-07-03 18:05:37 /api/status .................................. ~ 0.25ms
  2025-07-03 18:05:37 /api/consciousness/thinking-status ........... ~ 0.11ms
  2025-07-03 18:05:41 /api/consciousness/thinking-status ........... ~ 0.93ms
  2025-07-03 18:05:42 /api/consciousness/thinking-status ........... ~ 0.18ms
  2025-07-03 18:05:45 /api/thoughts/recent ......................... ~ 0.60ms
  2025-07-03 18:05:46 /api/status .................................. ~ 0.11ms
  2025-07-03 18:05:47 /api/thoughts/recent ......................... ~ 0.23ms
  2025-07-03 18:05:48 /api/status .................................. ~ 1.54ms
  2025-07-03 18:05:56 /api/consciousness/thinking-status ........... ~ 1.09ms
  2025-07-03 18:05:56 /api/status .................................. ~ 1.59ms
  2025-07-03 18:05:57 /api/consciousness/thinking-status ........... ~ 0.21ms
  2025-07-03 18:05:58 /api/status .................................. ~ 0.17ms
  2025-07-03 18:06:05 /api/thoughts/recent ......................... ~ 1.15ms
  2025-07-03 18:06:06 /api/status .................................. ~ 0.36ms
  2025-07-03 18:06:08 /api/thoughts/recent ......................... ~ 0.23ms
  2025-07-03 18:06:08 /api/status .................................. ~ 0.10ms
  2025-07-03 18:06:11 /api/consciousness/thinking-status ........... ~ 0.43ms
  2025-07-03 18:06:12 /api/consciousness/thinking-status ........... ~ 0.26ms
  2025-07-03 18:06:16 /api/status .................................. ~ 1.02ms
  2025-07-03 18:06:18 /api/status .................................. ~ 0.19ms
  2025-07-03 18:06:25 /api/thoughts/recent ......................... ~ 0.31ms
  2025-07-03 18:06:26 /api/consciousness/thinking-status ........... ~ 0.12ms
  2025-07-03 18:06:26 /api/status .................................. ~ 0.05ms
  2025-07-03 18:06:27 /api/consciousness/thinking-status ........... ~ 0.18ms
  2025-07-03 18:06:28 /api/thoughts/recent ......................... ~ 0.26ms
  2025-07-03 18:06:28 /api/status .................................. ~ 0.89ms
  2025-07-03 18:06:36 /api/status .................................. ~ 0.41ms
  2025-07-03 18:06:38 /api/status .................................. ~ 0.20ms
  2025-07-03 18:06:41 /dashboard ................................... ~ 0.16ms
  2025-07-03 18:06:41 /api/status .................................. ~ 0.11ms
  2025-07-03 18:06:41 /api/consciousness/thinking-status ........... ~ 1.01ms
  2025-07-03 18:06:41 /api/thoughts/recent ......................... ~ 0.48ms
  2025-07-03 18:06:41 /api/status .................................. ~ 0.76ms
  2025-07-03 18:06:41 /api/consciousness/thinking-status ........... ~ 0.96ms
  2025-07-03 18:06:41 /api/thoughts/recent ......................... ~ 0.45ms
  2025-07-03 18:06:41 /favicon.ico ................................. ~ 0.09ms
  2025-07-03 18:06:51 /api/status .................................. ~ 1.21ms
  2025-07-03 18:06:51 /api/status .................................. ~ 2.26ms
  2025-07-03 18:06:56 /api/consciousness/thinking-status ........... ~ 0.20ms
  2025-07-03 18:06:56 /api/consciousness/thinking-status ........... ~ 0.67ms
  2025-07-03 18:07:01 /api/thoughts/recent ......................... ~ 0.26ms
  2025-07-03 18:07:01 /api/thoughts/recent ......................... ~ 0.11ms
  2025-07-03 18:07:01 /api/status .................................. ~ 0.79ms
  2025-07-03 18:07:01 /api/status .................................. ~ 0.95ms
  2025-07-03 18:07:11 /api/consciousness/thinking-status ........... ~ 0.50ms
  2025-07-03 18:07:11 /api/consciousness/thinking-status ........... ~ 0.11ms
  2025-07-03 18:07:11 /api/status .................................. ~ 0.57ms
  2025-07-03 18:07:11 /api/status .................................. ~ 1.32ms
  2025-07-03 18:07:21 /api/thoughts/recent ......................... ~ 0.94ms
  2025-07-03 18:07:21 /api/thoughts/recent ......................... ~ 1.37ms
  2025-07-03 18:07:21 /api/status .................................. ~ 0.63ms
  2025-07-03 18:07:21 /api/status .................................. ~ 0.60ms
  2025-07-03 18:07:26 /api/consciousness/thinking-status ......... ~ 501.64ms
  2025-07-03 18:07:26 /api/consciousness/thinking-status ......... ~ 501.88ms
  2025-07-03 18:07:31 /api/status .................................. ~ 0.29ms
  2025-07-03 18:07:31 /api/status .................................. ~ 1.78ms
  2025-07-03 18:07:42 /api/consciousness/thinking-status ........... ~ 0.49ms
  2025-07-03 18:07:42 /api/consciousness/thinking-status ........... ~ 0.07ms
  2025-07-03 18:07:42 /api/thoughts/recent ......................... ~ 0.34ms
  2025-07-03 18:07:42 /api/thoughts/recent ......................... ~ 0.51ms
  2025-07-03 18:07:42 /api/status .................................. ~ 0.51ms
  2025-07-03 18:07:42 /api/status .................................. ~ 0.64ms
  2025-07-03 18:07:52 /api/status .................................. ~ 0.67ms
  2025-07-03 18:07:52 /api/status .................................. ~ 0.06ms
  2025-07-03 18:07:57 /api/consciousness/thinking-status ........... ~ 0.15ms
  2025-07-03 18:07:57 /api/consciousness/thinking-status ........... ~ 0.47ms
  2025-07-03 18:08:02 /api/thoughts/recent ......................... ~ 0.24ms
  2025-07-03 18:08:02 /api/status .................................. ~ 0.81ms
  2025-07-03 18:08:02 /api/thoughts/recent ......................... ~ 1.45ms
  2025-07-03 18:08:02 /api/status .................................. ~ 0.48ms
  2025-07-03 18:08:12 /api/consciousness/thinking-status ........... ~ 0.15ms
  2025-07-03 18:08:12 /api/consciousness/thinking-status ........... ~ 0.47ms
  2025-07-03 18:08:12 /api/status .................................. ~ 0.07ms
  2025-07-03 18:08:12 /api/status .................................. ~ 0.76ms
  2025-07-03 18:08:22 /api/thoughts/recent ......................... ~ 1.08ms
  2025-07-03 18:08:22 /api/thoughts/recent ......................... ~ 0.06ms
  2025-07-03 18:08:22 /api/status .................................. ~ 0.48ms
  2025-07-03 18:08:22 /api/status .................................. ~ 0.72ms
  2025-07-03 18:08:27 /api/consciousness/thinking-status ........... ~ 0.15ms
  2025-07-03 18:08:27 /api/consciousness/thinking-status ........... ~ 0.51ms
  2025-07-03 18:08:32 /api/status .................................. ~ 0.59ms
  2025-07-03 18:08:32 /api/status .................................. ~ 1.31ms
  2025-07-03 18:08:43 /api/consciousness/thinking-status ........... ~ 1.18ms
  2025-07-03 18:08:43 /api/consciousness/thinking-status ........... ~ 1.69ms
  2025-07-03 18:08:43 /api/thoughts/recent ......................... ~ 2.08ms
  2025-07-03 18:08:43 /api/thoughts/recent ......................... ~ 2.79ms
  2025-07-03 18:08:43 /api/status .................................. ~ 3.45ms
  2025-07-03 18:08:43 /api/status .................................. ~ 1.65ms
  2025-07-03 18:08:53 /api/status .................................. ~ 0.24ms
  2025-07-03 18:08:53 /api/status .................................. ~ 0.05ms
  2025-07-03 18:08:58 /api/consciousness/thinking-status ........... ~ 0.10ms
  2025-07-03 18:08:58 /api/consciousness/thinking-status ........... ~ 0.05ms
  2025-07-03 18:09:03 /api/thoughts/recent ......................... ~ 0.16ms
  2025-07-03 18:09:03 /api/thoughts/recent ......................... ~ 0.65ms
  2025-07-03 18:09:03 /api/status .................................. ~ 1.12ms
  2025-07-03 18:09:03 /api/status .................................. ~ 1.93ms
  2025-07-03 18:09:13 /api/consciousness/thinking-status ........... ~ 0.36ms
  2025-07-03 18:09:13 /api/consciousness/thinking-status ........... ~ 0.63ms
  2025-07-03 18:09:13 /api/status .................................. ~ 0.85ms
  2025-07-03 18:09:13 /api/status .................................. ~ 0.78ms
  2025-07-03 18:09:23 /api/thoughts/recent ......................... ~ 0.30ms
  2025-07-03 18:09:23 /api/thoughts/recent ......................... ~ 0.88ms
  2025-07-03 18:09:23 /api/status .................................. ~ 0.48ms
  2025-07-03 18:09:23 /api/status ................................ ~ 505.92ms
  2025-07-03 18:09:33 /api/consciousness/thinking-status ........... ~ 0.19ms
  2025-07-03 18:09:33 /api/consciousness/thinking-status ........... ~ 0.05ms
  2025-07-03 18:09:33 /api/status .................................. ~ 0.29ms
  2025-07-03 18:09:33 /api/status ................................ ~ 504.09ms
  2025-07-03 18:09:43 /api/thoughts/recent ......................... ~ 1.00ms
  2025-07-03 18:09:43 /api/thoughts/recent ......................... ~ 1.49ms
  2025-07-03 18:09:43 /api/consciousness/thinking-status ........... ~ 0.08ms
  2025-07-03 18:09:43 /api/consciousness/thinking-status ........... ~ 0.33ms
  2025-07-03 18:09:43 /api/status .................................. ~ 0.32ms
  2025-07-03 18:09:43 /api/status .................................. ~ 0.61ms
  2025-07-03 18:09:53 /api/status .................................. ~ 0.22ms
  2025-07-03 18:09:53 /api/status .................................. ~ 0.05ms
  2025-07-03 18:09:58 /api/consciousness/thinking-status ........... ~ 0.12ms
  2025-07-03 18:09:58 /api/consciousness/thinking-status ........... ~ 0.37ms
  2025-07-03 18:10:03 /api/thoughts/recent ......................... ~ 0.94ms
  2025-07-03 18:10:03 /api/thoughts/recent ......................... ~ 0.05ms
  2025-07-03 18:10:03 /api/status .................................. ~ 0.46ms
  2025-07-03 18:10:03 /api/status .................................. ~ 0.68ms
  2025-07-03 18:10:13 /api/consciousness/thinking-status ........... ~ 1.04ms
  2025-07-03 18:10:13 /api/consciousness/thinking-status ........... ~ 1.49ms
  2025-07-03 18:10:13 /api/status .................................. ~ 0.38ms
  2025-07-03 18:10:13 /api/status .................................. ~ 0.67ms
  2025-07-03 18:10:23 /api/thoughts/recent ......................... ~ 0.14ms
  2025-07-03 18:10:23 /api/thoughts/recent ......................... ~ 0.08ms
  2025-07-03 18:10:23 /api/status .................................. ~ 0.62ms
  2025-07-03 18:10:23 /api/status .................................. ~ 0.74ms
  2025-07-03 18:10:28 /api/consciousness/thinking-status ........... ~ 0.13ms
  2025-07-03 18:10:28 /api/consciousness/thinking-status ........... ~ 0.42ms
  2025-07-03 18:10:33 /api/status .................................. ~ 1.28ms
  2025-07-03 18:10:33 /api/status .................................. ~ 0.06ms
  2025-07-03 18:10:43 /api/thoughts/recent ......................... ~ 0.13ms
  2025-07-03 18:10:43 /api/thoughts/recent ......................... ~ 0.63ms
  2025-07-03 18:10:43 /api/consciousness/thinking-status ........... ~ 0.55ms
  2025-07-03 18:10:43 /api/consciousness/thinking-status ........... ~ 0.36ms
  2025-07-03 18:10:43 /api/status .................................. ~ 0.35ms
  2025-07-03 18:10:43 /api/status .................................. ~ 0.67ms
  2025-07-03 18:10:53 /api/status .................................. ~ 0.34ms
  2025-07-03 18:10:53 /api/status .................................. ~ 1.37ms
  2025-07-03 18:10:58 /api/consciousness/thinking-status ........... ~ 0.12ms
  2025-07-03 18:10:58 /api/consciousness/thinking-status ........... ~ 0.36ms
  2025-07-03 18:11:04 /api/thoughts/recent ......................... ~ 1.04ms
  2025-07-03 18:11:04 /api/thoughts/recent ......................... ~ 0.10ms
  2025-07-03 18:11:04 /api/status .................................. ~ 0.67ms
  2025-07-03 18:11:04 /api/status .................................. ~ 0.78ms
  2025-07-03 18:11:14 /api/consciousness/thinking-status ........... ~ 0.18ms
  2025-07-03 18:11:14 /api/consciousness/thinking-status ........... ~ 0.11ms
  2025-07-03 18:11:14 /api/status .................................. ~ 0.51ms
  2025-07-03 18:11:14 /api/status .................................. ~ 0.95ms
  2025-07-03 18:11:24 /api/thoughts/recent ......................... ~ 1.37ms
  2025-07-03 18:11:24 /api/thoughts/recent ......................... ~ 2.37ms
  2025-07-03 18:11:24 /api/status .................................. ~ 1.04ms
  2025-07-03 18:11:24 /api/status .................................. ~ 1.06ms
  2025-07-03 18:11:29 /api/consciousness/thinking-status ........... ~ 0.88ms
  2025-07-03 18:11:29 /api/consciousness/thinking-status ........... ~ 0.15ms
  2025-07-03 18:11:34 /api/status .................................. ~ 0.51ms
  2025-07-03 18:11:34 /api/status .................................. ~ 0.05ms
  2025-07-03 18:11:44 /api/thoughts/recent ......................... ~ 1.09ms
  2025-07-03 18:11:44 /api/thoughts/recent ......................... ~ 0.08ms
  2025-07-03 18:11:44 /api/consciousness/thinking-status ........... ~ 0.62ms
  2025-07-03 18:11:44 /api/consciousness/thinking-status ........... ~ 0.40ms
  2025-07-03 18:11:44 /api/status .................................. ~ 0.38ms
  2025-07-03 18:11:44 /api/status .................................. ~ 0.73ms
  2025-07-03 18:11:54 /api/status .................................. ~ 1.62ms
  2025-07-03 18:11:54 /api/status .................................. ~ 3.18ms
  2025-07-03 18:11:59 /api/consciousness/thinking-status ........... ~ 0.26ms
  2025-07-03 18:11:59 /api/consciousness/thinking-status ........... ~ 1.20ms
  2025-07-03 18:12:04 /api/thoughts/recent ......................... ~ 0.52ms
  2025-07-03 18:12:04 /api/thoughts/recent ......................... ~ 2.26ms
  2025-07-03 18:12:04 /api/status .................................. ~ 1.30ms
  2025-07-03 18:12:04 /api/status .................................. ~ 1.13ms
  2025-07-03 18:12:14 /api/consciousness/thinking-status ........... ~ 0.15ms
  2025-07-03 18:12:14 /api/consciousness/thinking-status ........... ~ 0.59ms
  2025-07-03 18:12:14 /api/status .................................. ~ 0.49ms
  2025-07-03 18:12:14 /api/status .................................. ~ 0.94ms
  2025-07-03 18:12:29 /api/thoughts/recent ......................... ~ 1.22ms
  2025-07-03 18:12:29 /api/thoughts/recent ......................... ~ 2.08ms
  2025-07-03 18:12:29 /api/status .................................. ~ 0.89ms
  2025-07-03 18:12:29 /api/status .................................. ~ 1.09ms
  2025-07-03 18:12:29 /api/consciousness/thinking-status ........... ~ 1.08ms
  2025-07-03 18:12:29 /api/consciousness/thinking-status ........... ~ 0.51ms
  2025-07-03 18:12:34 /api/status .................................. ~ 0.60ms
  2025-07-03 18:12:34 /api/status .................................. ~ 5.90ms
  2025-07-03 18:12:44 /api/thoughts/recent ......................... ~ 1.66ms
  2025-07-03 18:12:44 /api/thoughts/recent ......................... ~ 2.19ms
  2025-07-03 18:12:44 /api/consciousness/thinking-status ........... ~ 0.57ms
  2025-07-03 18:12:44 /api/consciousness/thinking-status ........... ~ 0.34ms
  2025-07-03 18:12:45 /api/status .................................. ~ 0.34ms
  2025-07-03 18:12:45 /api/status .................................. ~ 0.66ms
  2025-07-03 18:12:54 /api/status .................................. ~ 1.10ms
  2025-07-03 18:12:54 /api/status .................................. ~ 2.45ms
  2025-07-03 18:13:00 /api/consciousness/thinking-status ........... ~ 0.67ms
  2025-07-03 18:13:00 /api/consciousness/thinking-status ........... ~ 1.92ms
  2025-07-03 18:13:05 /api/thoughts/recent ......................... ~ 0.20ms
  2025-07-03 18:13:05 /api/thoughts/recent ......................... ~ 1.04ms
  2025-07-03 18:13:05 /api/status .................................. ~ 0.89ms
  2025-07-03 18:13:05 /api/status .................................. ~ 1.08ms
  2025-07-03 18:13:15 /api/consciousness/thinking-status ........... ~ 0.16ms
  2025-07-03 18:13:15 /api/consciousness/thinking-status ........... ~ 0.43ms
  2025-07-03 18:13:15 /api/status .................................. ~ 0.33ms
  2025-07-03 18:13:15 /api/status .................................. ~ 0.62ms
  2025-07-03 18:13:25 /api/thoughts/recent ......................... ~ 1.20ms
  2025-07-03 18:13:25 /api/thoughts/recent ......................... ~ 0.09ms
  2025-07-03 18:13:25 /api/status .................................. ~ 0.73ms
  2025-07-03 18:13:25 /api/status .................................. ~ 0.87ms
  2025-07-03 18:13:30 /api/consciousness/thinking-status ........... ~ 0.08ms
  2025-07-03 18:13:31 /api/consciousness/thinking-status ........... ~ 0.60ms
  2025-07-03 18:13:35 /api/status .................................. ~ 1.36ms
  2025-07-03 18:13:35 /api/status .................................. ~ 2.58ms
  2025-07-03 18:13:45 /api/thoughts/recent ......................... ~ 1.26ms
  2025-07-03 18:13:45 /api/thoughts/recent ......................... ~ 2.15ms
  2025-07-03 18:13:45 /api/consciousness/thinking-status ........... ~ 0.89ms
  2025-07-03 18:13:45 /api/status .................................. ~ 0.55ms
  2025-07-03 18:13:45 /api/status .................................. ~ 1.08ms
  2025-07-03 18:13:46 /api/consciousness/thinking-status ........... ~ 0.54ms
  2025-07-03 18:13:55 /api/status .................................. ~ 0.64ms
  2025-07-03 18:13:55 /api/status .................................. ~ 0.08ms
  2025-07-03 18:14:00 /api/consciousness/thinking-status ........... ~ 0.20ms
  2025-07-03 18:14:01 /api/consciousness/thinking-status ........... ~ 0.57ms
  2025-07-03 18:14:05 /api/thoughts/recent ......................... ~ 0.13ms
  2025-07-03 18:14:05 /api/thoughts/recent ......................... ~ 0.69ms
  2025-07-03 18:14:05 /api/status .................................. ~ 1.23ms
  2025-07-03 18:14:05 /api/status .................................. ~ 1.29ms
  2025-07-03 18:14:15 /api/consciousness/thinking-status ........... ~ 0.13ms
  2025-07-03 18:14:15 /api/status .................................. ~ 0.52ms
  2025-07-03 18:14:15 /api/status .................................. ~ 0.84ms
  2025-07-03 18:14:16 /api/consciousness/thinking-status ........... ~ 0.60ms
  2025-07-03 18:14:25 /api/thoughts/recent ......................... ~ 0.99ms
  2025-07-03 18:14:25 /api/thoughts/recent ......................... ~ 1.56ms
  2025-07-03 18:14:25 /api/status .................................. ~ 0.07ms
  2025-07-03 18:14:25 /api/status .................................. ~ 0.68ms
  2025-07-03 18:14:30 /api/consciousness/thinking-status ........... ~ 0.18ms
  2025-07-03 18:14:31 /api/consciousness/thinking-status ........... ~ 0.21ms
  2025-07-03 18:14:36 /api/status .................................. ~ 0.33ms
  2025-07-03 18:14:36 /api/status .................................. ~ 0.06ms
  2025-07-03 18:14:46 /api/thoughts/recent ......................... ~ 0.35ms
  2025-07-03 18:14:47 /api/thoughts/recent ......................... ~ 0.13ms
  2025-07-03 18:14:47 /api/consciousness/thinking-status ......... ~ 507.28ms
  2025-07-03 18:14:47 /api/status ................................ ~ 507.67ms
  2025-07-03 18:14:47 /api/status .................................. ~ 2.53ms
  2025-07-03 18:14:47 /api/consciousness/thinking-status ........... ~ 1.63ms
  2025-07-03 18:14:57 /api/status .................................. ~ 0.31ms
  2025-07-03 18:14:57 /api/status .................................. ~ 1.02ms
  2025-07-03 18:15:02 /api/consciousness/thinking-status ........... ~ 0.12ms
  2025-07-03 18:15:02 /api/consciousness/thinking-status ......... ~ 505.77ms
  2025-07-03 18:15:11 /api/thoughts/recent ......................... ~ 0.39ms
  2025-07-03 18:15:11 /api/thoughts/recent ......................... ~ 0.91ms
  2025-07-03 18:15:11 /api/status .................................. ~ 1.34ms
  2025-07-03 18:15:11 /api/status .................................. ~ 1.87ms
  2025-07-03 18:15:17 /api/consciousness/thinking-status ........... ~ 0.09ms
  2025-07-03 18:15:17 /api/consciousness/thinking-status ........... ~ 0.33ms
  2025-07-03 18:15:17 /api/status .................................. ~ 0.27ms
  2025-07-03 18:15:17 /api/status ................................ ~ 505.76ms
  2025-07-03 18:15:26 /api/thoughts/recent ......................... ~ 0.43ms
  2025-07-03 18:15:27 /api/thoughts/recent ......................... ~ 0.07ms
  2025-07-03 18:15:27 /api/status ................................ ~ 505.27ms
  2025-07-03 18:15:27 /api/status ................................ ~ 505.78ms
  2025-07-03 18:15:37 /api/consciousness/thinking-status ......... ~ 505.80ms
  2025-07-03 18:15:37 /api/consciousness/thinking-status ......... ~ 506.23ms
  2025-07-03 18:15:37 /api/status .................................. ~ 0.64ms
  2025-07-03 18:15:37 /api/status .................................. ~ 1.28ms
  2025-07-03 18:15:46 /api/thoughts/recent ......................... ~ 0.37ms
  2025-07-03 18:15:47 /api/thoughts/recent ......................... ~ 0.12ms
  2025-07-03 18:15:47 /api/consciousness/thinking-status ......... ~ 505.86ms
  2025-07-03 18:15:47 /api/consciousness/thinking-status ......... ~ 506.08ms
  2025-07-03 18:15:47 /api/status ................................ ~ 505.73ms
  2025-07-03 18:15:47 /api/status .................................. ~ 0.49ms
  2025-07-03 18:15:57 /api/status .................................. ~ 0.37ms
  2025-07-03 18:15:57 /api/status .................................. ~ 0.06ms
  2025-07-03 18:16:02 /api/consciousness/thinking-status ........... ~ 0.14ms
  2025-07-03 18:16:02 /api/consciousness/thinking-status ........... ~ 0.48ms
  2025-07-03 18:16:06 /api/thoughts/recent ......................... ~ 0.17ms
  2025-07-03 18:16:07 /api/thoughts/recent ......................... ~ 0.10ms
  2025-07-03 18:16:07 /api/status .................................. ~ 0.05ms
  2025-07-03 18:16:07 /api/status .................................. ~ 0.04ms
  2025-07-03 18:16:17 /api/consciousness/thinking-status ........... ~ 1.28ms
  2025-07-03 18:16:17 /api/consciousness/thinking-status ........... ~ 0.09ms
  2025-07-03 18:16:17 /api/status .................................. ~ 0.04ms
  2025-07-03 18:16:17 /api/status .................................. ~ 0.05ms
  2025-07-03 18:16:26 /api/thoughts/recent ......................... ~ 0.34ms
  2025-07-03 18:16:27 /api/thoughts/recent ......................... ~ 0.19ms
  2025-07-03 18:16:27 /api/status .................................. ~ 0.05ms
  2025-07-03 18:16:27 /api/status .................................. ~ 0.04ms
  2025-07-03 18:16:33 /api/consciousness/thinking-status ........... ~ 0.28ms
  2025-07-03 18:16:33 /api/consciousness/thinking-status ........... ~ 0.66ms
  2025-07-03 18:16:38 /api/status .................................. ~ 0.10ms
  2025-07-03 18:16:38 /api/status .................................. ~ 0.06ms
  2025-07-03 18:16:46 /api/thoughts/recent ......................... ~ 0.98ms
  2025-07-03 18:16:47 /api/thoughts/recent ......................... ~ 0.12ms
  2025-07-03 18:16:48 /api/consciousness/thinking-status ........... ~ 0.13ms
  2025-07-03 18:16:48 /api/consciousness/thinking-status ........... ~ 0.08ms
  2025-07-03 18:16:48 /api/status .................................. ~ 0.44ms
  2025-07-03 18:16:48 /api/status .................................. ~ 0.82ms
  2025-07-03 18:16:58 /api/status .................................. ~ 0.74ms
  2025-07-03 18:16:58 /api/status .................................. ~ 1.54ms
  2025-07-03 18:17:03 /api/consciousness/thinking-status ........... ~ 0.24ms
  2025-07-03 18:17:03 /api/consciousness/thinking-status ........... ~ 0.10ms
  2025-07-03 18:17:06 /api/thoughts/recent ......................... ~ 0.21ms
  2025-07-03 18:17:07 /api/thoughts/recent ......................... ~ 0.16ms
  2025-07-03 18:17:08 /api/status .................................. ~ 0.15ms
  2025-07-03 18:17:08 /api/status .................................. ~ 0.07ms
  2025-07-03 18:17:19 /api/consciousness/thinking-status ........... ~ 0.20ms
  2025-07-03 18:17:19 /api/consciousness/thinking-status ........... ~ 0.46ms
  2025-07-03 18:17:19 /api/status .................................. ~ 0.28ms
  2025-07-03 18:17:19 /api/status .................................. ~ 0.53ms
  2025-07-03 18:17:27 /api/thoughts/recent ......................... ~ 0.20ms
  2025-07-03 18:17:28 /api/thoughts/recent ......................... ~ 0.20ms
  2025-07-03 18:17:29 /api/status .................................. ~ 0.18ms
  2025-07-03 18:17:29 /api/status .................................. ~ 0.08ms
  2025-07-03 18:17:34 /api/consciousness/thinking-status ........... ~ 0.24ms
  2025-07-03 18:17:34 /api/consciousness/thinking-status ........... ~ 0.11ms
  2025-07-03 18:17:39 /api/status .................................. ~ 0.10ms
  2025-07-03 18:17:39 /api/status .................................. ~ 0.69ms
  2025-07-03 18:17:47 /api/thoughts/recent ......................... ~ 1.26ms
  2025-07-03 18:17:48 /api/thoughts/recent ......................... ~ 0.12ms
  2025-07-03 18:17:49 /api/consciousness/thinking-status ........... ~ 0.15ms
  2025-07-03 18:17:49 /api/consciousness/thinking-status ........... ~ 0.50ms
  2025-07-03 18:17:49 /api/status .................................. ~ 0.39ms
  2025-07-03 18:17:49 /api/status .................................. ~ 0.77ms
  2025-07-03 18:17:59 /api/status .................................. ~ 1.01ms
  2025-07-03 18:17:59 /api/status .................................. ~ 0.07ms
  2025-07-03 18:18:04 /api/consciousness/thinking-status ........... ~ 0.11ms
  2025-07-03 18:18:04 /api/consciousness/thinking-status ........... ~ 0.04ms
  2025-07-03 18:18:07 /api/thoughts/recent ......................... ~ 0.26ms
  2025-07-03 18:18:08 /api/thoughts/recent ......................... ~ 0.12ms
  2025-07-03 18:18:09 /api/status .................................. ~ 0.64ms
  2025-07-03 18:18:09 /api/status .................................. ~ 3.15ms
  2025-07-03 18:18:19 /api/consciousness/thinking-status ........... ~ 0.38ms
  2025-07-03 18:18:19 /api/consciousness/thinking-status ........... ~ 0.06ms
  2025-07-03 18:18:19 /api/status .................................. ~ 0.32ms
  2025-07-03 18:18:19 /api/status .................................. ~ 0.61ms
  2025-07-03 18:18:27 /api/thoughts/recent ......................... ~ 0.24ms
  2025-07-03 18:18:28 /api/thoughts/recent ......................... ~ 0.25ms
  2025-07-03 18:18:29 /api/status .................................. ~ 0.11ms
  2025-07-03 18:18:29 /api/status .................................. ~ 0.62ms
  2025-07-03 18:18:34 /api/consciousness/thinking-status ........... ~ 0.18ms
  2025-07-03 18:18:34 /api/consciousness/thinking-status ........... ~ 0.10ms
  2025-07-03 18:18:39 /api/status .................................. ~ 0.13ms
  2025-07-03 18:18:39 /api/status .................................. ~ 0.06ms
  2025-07-03 18:18:47 /api/thoughts/recent ......................... ~ 1.32ms
  2025-07-03 18:18:48 /api/thoughts/recent ......................... ~ 0.22ms
  2025-07-03 18:18:49 /api/consciousness/thinking-status ........... ~ 0.17ms
  2025-07-03 18:18:50 /api/consciousness/thinking-status ........... ~ 0.10ms
  2025-07-03 18:18:50 /api/status .................................. ~ 0.50ms
  2025-07-03 18:18:50 /api/status .................................. ~ 0.93ms
  2025-07-03 18:19:00 /api/status .................................. ~ 0.36ms
  2025-07-03 18:19:00 /api/status .................................. ~ 1.38ms
  2025-07-03 18:19:05 /api/consciousness/thinking-status ........... ~ 0.20ms
  2025-07-03 18:19:05 /api/consciousness/thinking-status ........... ~ 0.70ms
  2025-07-03 18:19:08 /api/thoughts/recent ......................... ~ 0.11ms
  2025-07-03 18:19:09 /api/thoughts/recent ......................... ~ 0.35ms
  2025-07-03 18:19:10 /api/status .................................. ~ 0.17ms
  2025-07-03 18:19:10 /api/status .................................. ~ 0.89ms
  2025-07-03 18:19:20 /api/consciousness/thinking-status ........... ~ 1.31ms
  2025-07-03 18:19:20 /api/consciousness/thinking-status ........... ~ 1.86ms
  2025-07-03 18:19:20 /api/status .................................. ~ 0.51ms
  2025-07-03 18:19:20 /api/status .................................. ~ 0.94ms
  2025-07-03 18:19:28 /api/thoughts/recent ......................... ~ 0.18ms
  2025-07-03 18:19:29 /api/thoughts/recent ......................... ~ 0.19ms
  2025-07-03 18:19:30 /api/status .................................. ~ 0.18ms
  2025-07-03 18:19:30 /api/status .................................. ~ 1.07ms
  2025-07-03 18:19:35 /api/consciousness/thinking-status ........... ~ 0.58ms
  2025-07-03 18:19:35 /api/consciousness/thinking-status ........... ~ 0.90ms
  2025-07-03 18:19:40 /api/status .................................. ~ 0.13ms
  2025-07-03 18:19:40 /api/status .................................. ~ 0.06ms
  2025-07-03 18:19:48 /api/thoughts/recent ......................... ~ 1.40ms
  2025-07-03 18:19:49 /api/thoughts/recent ......................... ~ 0.26ms
  2025-07-03 18:19:50 /api/consciousness/thinking-status ........... ~ 0.16ms
  2025-07-03 18:19:50 /api/consciousness/thinking-status ........... ~ 0.56ms
  2025-07-03 18:19:50 /api/status .................................. ~ 0.46ms
  2025-07-03 18:19:50 /api/status .................................. ~ 0.82ms
  2025-07-03 18:20:00 /api/status .................................. ~ 0.97ms
  2025-07-03 18:20:00 /api/status .................................. ~ 0.05ms
  2025-07-03 18:20:05 /api/consciousness/thinking-status ........... ~ 0.10ms
  2025-07-03 18:20:05 /api/consciousness/thinking-status ........... ~ 0.04ms
  2025-07-03 18:20:08 /api/thoughts/recent ......................... ~ 0.12ms
  2025-07-03 18:20:09 /api/thoughts/recent ......................... ~ 0.14ms
  2025-07-03 18:20:10 /api/status .................................. ~ 0.13ms
  2025-07-03 18:20:10 /api/status .................................. ~ 0.76ms
  2025-07-03 18:20:20 /api/consciousness/thinking-status ........... ~ 0.95ms
  2025-07-03 18:20:20 /api/consciousness/thinking-status ........... ~ 1.27ms
  2025-07-03 18:20:20 /api/status .................................. ~ 0.33ms
  2025-07-03 18:20:20 /api/status .................................. ~ 0.60ms
  2025-07-03 18:20:28 /api/thoughts/recent ......................... ~ 0.17ms
  2025-07-03 18:20:29 /api/thoughts/recent ......................... ~ 0.10ms
  2025-07-03 18:20:30 /api/status .................................. ~ 0.99ms
  2025-07-03 18:20:30 /api/status .................................. ~ 0.05ms
  2025-07-03 18:20:35 /api/consciousness/thinking-status ........... ~ 0.11ms
  2025-07-03 18:20:35 /api/consciousness/thinking-status ........... ~ 0.05ms
  2025-07-03 18:20:40 /api/status .................................. ~ 0.16ms
  2025-07-03 18:20:41 /api/status .................................. ~ 0.07ms
  2025-07-03 18:20:49 /api/thoughts/recent ......................... ~ 1.26ms
  2025-07-03 18:20:50 /api/thoughts/recent ......................... ~ 0.18ms
  2025-07-03 18:20:51 /api/consciousness/thinking-status ........... ~ 0.14ms
  2025-07-03 18:20:51 /api/consciousness/thinking-status ........... ~ 0.45ms
  2025-07-03 18:20:51 /api/status .................................. ~ 0.39ms
  2025-07-03 18:20:51 /api/status .................................. ~ 0.67ms
  2025-07-03 18:21:01 /api/status .................................. ~ 0.45ms
  2025-07-03 18:21:01 /api/status .................................. ~ 0.07ms
  2025-07-03 18:21:06 /api/consciousness/thinking-status ........... ~ 0.15ms
  2025-07-03 18:21:06 /api/consciousness/thinking-status ........... ~ 0.49ms
  2025-07-03 18:21:09 /api/thoughts/recent ......................... ~ 0.13ms
  2025-07-03 18:21:10 /api/thoughts/recent ......................... ~ 0.12ms
  2025-07-03 18:21:11 /api/status .................................. ~ 0.13ms
  2025-07-03 18:21:11 /api/status .................................. ~ 0.05ms
  2025-07-03 18:21:21 /api/consciousness/thinking-status ........... ~ 1.32ms
  2025-07-03 18:21:21 /api/consciousness/thinking-status ........... ~ 0.10ms
  2025-07-03 18:21:21 /api/status .................................. ~ 0.46ms
  2025-07-03 18:21:21 /api/status .................................. ~ 0.84ms
  2025-07-03 18:21:29 /api/thoughts/recent ......................... ~ 0.13ms
  2025-07-03 18:21:30 /api/thoughts/recent ......................... ~ 0.11ms
  2025-07-03 18:21:31 /api/status .................................. ~ 0.15ms
  2025-07-03 18:21:31 /api/status .................................. ~ 1.08ms
  2025-07-03 18:21:36 /api/consciousness/thinking-status ........... ~ 0.13ms
  2025-07-03 18:21:36 /api/consciousness/thinking-status ........... ~ 0.06ms
  2025-07-03 18:21:41 /api/status .................................. ~ 1.00ms
  2025-07-03 18:21:41 /api/status .................................. ~ 0.06ms
  2025-07-03 18:21:49 /api/thoughts/recent ......................... ~ 0.11ms
  2025-07-03 18:21:50 /api/thoughts/recent ......................... ~ 0.11ms
  2025-07-03 18:21:51 /api/consciousness/thinking-status ........... ~ 0.60ms
  2025-07-03 18:21:51 /api/consciousness/thinking-status ........... ~ 0.96ms
  2025-07-03 18:21:51 /api/status .................................. ~ 0.35ms
  2025-07-03 18:21:51 /api/status .................................. ~ 0.63ms
  2025-07-03 18:22:01 /api/status .................................. ~ 0.17ms
  2025-07-03 18:22:01 /api/status .................................. ~ 0.82ms
  2025-07-03 18:22:06 /api/consciousness/thinking-status ........... ~ 1.20ms
  2025-07-03 18:22:06 /api/consciousness/thinking-status ........... ~ 1.67ms
  2025-07-03 18:22:09 /api/thoughts/recent ......................... ~ 0.19ms
  2025-07-03 18:22:10 /api/thoughts/recent ......................... ~ 0.21ms
  2025-07-03 18:22:11 /api/status .................................. ~ 0.11ms
  2025-07-03 18:22:11 /api/status .................................. ~ 0.04ms
  2025-07-03 18:22:26 /api/consciousness/thinking-status ........... ~ 1.27ms
  2025-07-03 18:22:26 /api/consciousness/thinking-status ........... ~ 0.08ms
  2025-07-03 18:22:26 /api/status .................................. ~ 0.39ms
  2025-07-03 18:22:26 /api/status .................................. ~ 0.83ms
  2025-07-03 18:22:29 /api/thoughts/recent ......................... ~ 0.12ms
  2025-07-03 18:22:30 /api/thoughts/recent ......................... ~ 0.16ms
  2025-07-03 18:22:31 /api/status .................................. ~ 0.11ms
  2025-07-03 18:22:31 /api/status .................................. ~ 0.61ms
  2025-07-03 18:22:36 /api/consciousness/thinking-status ........... ~ 0.22ms
  2025-07-03 18:22:36 /api/consciousness/thinking-status ........... ~ 0.08ms
  2025-07-03 18:22:41 /api/status .................................. ~ 0.12ms
  2025-07-03 18:22:41 /api/status .................................. ~ 0.64ms
  2025-07-03 18:22:50 /api/thoughts/recent ......................... ~ 0.24ms
  2025-07-03 18:22:51 /api/thoughts/recent ......................... ~ 0.19ms
  2025-07-03 18:22:52 /api/consciousness/thinking-status ........... ~ 0.23ms
  2025-07-03 18:22:52 /api/consciousness/thinking-status ........... ~ 0.06ms
  2025-07-03 18:22:52 /api/status .................................. ~ 0.29ms
  2025-07-03 18:22:52 /api/status .................................. ~ 0.54ms
  2025-07-03 18:23:02 /api/status .................................. ~ 0.11ms
  2025-07-03 18:23:02 /api/status .................................. ~ 0.60ms
  2025-07-03 18:23:07 /api/consciousness/thinking-status ........... ~ 0.23ms
  2025-07-03 18:23:07 /api/consciousness/thinking-status ........... ~ 0.91ms
  2025-07-03 18:23:10 /api/thoughts/recent ......................... ~ 0.11ms
  2025-07-03 18:23:11 /api/thoughts/recent ......................... ~ 0.21ms
  2025-07-03 18:23:12 /api/status .................................. ~ 0.93ms
  2025-07-03 18:23:12 /api/status .................................. ~ 0.05ms
  2025-07-03 18:23:22 /api/consciousness/thinking-status ........... ~ 1.00ms
  2025-07-03 18:23:22 /api/consciousness/thinking-status ........... ~ 0.09ms
  2025-07-03 18:23:22 /api/status .................................. ~ 0.44ms
  2025-07-03 18:23:22 /api/status .................................. ~ 0.83ms
  2025-07-03 18:23:30 /api/thoughts/recent ......................... ~ 0.22ms
  2025-07-03 18:23:31 /api/thoughts/recent ......................... ~ 0.22ms
  2025-07-03 18:23:32 /api/status .................................. ~ 0.12ms
  2025-07-03 18:23:32 /api/status .................................. ~ 0.67ms
  2025-07-03 18:23:37 /api/consciousness/thinking-status ........... ~ 1.43ms
  2025-07-03 18:23:37 /api/consciousness/thinking-status ........... ~ 2.16ms
  2025-07-03 18:23:42 /api/status .................................. ~ 0.32ms
  2025-07-03 18:23:42 /api/status .................................. ~ 0.15ms
  2025-07-03 18:23:50 /api/thoughts/recent ......................... ~ 0.76ms
  2025-07-03 18:23:51 /api/thoughts/recent ......................... ~ 0.20ms
  2025-07-03 18:23:52 /api/consciousness/thinking-status ........... ~ 0.20ms
  2025-07-03 18:23:52 /api/consciousness/thinking-status ........... ~ 0.87ms
  2025-07-03 18:23:52 /api/status .................................. ~ 1.31ms
  2025-07-03 18:23:52 /api/status .................................. ~ 1.46ms
  2025-07-03 18:24:02 /api/status .................................. ~ 0.98ms
  2025-07-03 18:24:02 /api/status .................................. ~ 1.58ms
  2025-07-03 18:24:07 /api/consciousness/thinking-status ........... ~ 0.45ms
  2025-07-03 18:24:07 /api/consciousness/thinking-status ........... ~ 0.56ms
  2025-07-03 18:24:10 /api/thoughts/recent ......................... ~ 1.58ms
  2025-07-03 18:24:11 /api/thoughts/recent ......................... ~ 2.02ms
  2025-07-03 18:24:12 /api/status .................................. ~ 0.77ms
  2025-07-03 18:24:12 /api/status .................................. ~ 3.38ms
  2025-07-03 18:24:22 /api/consciousness/thinking-status ........... ~ 1.15ms
  2025-07-03 18:24:22 /api/consciousness/thinking-status ........... ~ 1.54ms
  2025-07-03 18:24:22 /api/status .................................. ~ 0.45ms
  2025-07-03 18:24:22 /api/status .................................. ~ 0.84ms
  2025-07-03 18:24:30 /api/thoughts/recent ......................... ~ 0.62ms
  2025-07-03 18:24:31 /api/thoughts/recent ......................... ~ 0.22ms
  2025-07-03 18:24:32 /api/status .................................. ~ 0.54ms
  2025-07-03 18:24:33 /api/status .................................. ~ 0.47ms
  2025-07-03 18:24:37 /api/consciousness/thinking-status ........... ~ 0.33ms
  2025-07-03 18:24:37 /api/consciousness/thinking-status ........... ~ 0.61ms
  2025-07-03 18:24:42 /api/status .................................. ~ 0.21ms
  2025-07-03 18:24:45 /api/status .................................. ~ 1.13ms
  2025-07-03 18:24:51 /api/thoughts/recent ......................... ~ 0.14ms
  2025-07-03 18:24:52 /api/thoughts/recent ......................... ~ 0.57ms
  2025-07-03 18:24:53 /api/consciousness/thinking-status ........... ~ 0.33ms
  2025-07-03 18:24:53 /api/consciousness/thinking-status ........... ~ 1.02ms
  2025-07-03 18:24:53 /api/status .................................. ~ 1.65ms
  2025-07-03 18:24:55 /api/status .................................. ~ 0.24ms
  2025-07-03 18:25:03 /api/status .................................. ~ 1.59ms
  2025-07-03 18:25:05 /api/status .................................. ~ 0.26ms
  2025-07-03 18:25:13 /api/consciousness/thinking-status ........... ~ 0.18ms
  2025-07-03 18:25:13 /api/consciousness/thinking-status ........... ~ 0.57ms
  2025-07-03 18:25:13 /api/thoughts/recent ......................... ~ 0.43ms
  2025-07-03 18:25:13 /api/thoughts/recent ......................... ~ 0.69ms
  2025-07-03 18:25:13 /api/status .................................. ~ 0.66ms
  2025-07-03 18:25:15 /api/status .................................. ~ 0.68ms
  2025-07-03 18:25:23 /api/consciousness/thinking-status ........... ~ 0.36ms
  2025-07-03 18:25:23 /api/consciousness/thinking-status ........... ~ 0.68ms
  2025-07-03 18:25:23 /api/status .................................. ~ 0.33ms
  2025-07-03 18:25:25 /api/status ................................ ~ 506.55ms
  2025-07-03 18:25:31 /api/thoughts/recent ......................... ~ 0.13ms
  2025-07-03 18:25:32 /api/thoughts/recent ......................... ~ 0.24ms
  2025-07-03 18:25:33 /api/status .................................. ~ 0.16ms
  2025-07-03 18:25:35 /api/status .................................. ~ 0.15ms
  2025-07-03 18:25:43 /api/consciousness/thinking-status ........... ~ 0.43ms
  2025-07-03 18:25:43 /api/consciousness/thinking-status ........... ~ 0.78ms
  2025-07-03 18:25:43 /api/status .................................. ~ 0.34ms
  2025-07-03 18:25:45 /api/status .................................. ~ 0.10ms
  2025-07-03 18:25:51 /api/thoughts/recent ......................... ~ 0.11ms
  2025-07-03 18:25:52 /api/thoughts/recent ......................... ~ 0.36ms
  2025-07-03 18:25:53 /api/consciousness/thinking-status ........... ~ 0.19ms
  2025-07-03 18:25:53 /api/consciousness/thinking-status ......... ~ 506.88ms
  2025-07-03 18:25:53 /api/status ................................ ~ 508.43ms
  2025-07-03 18:25:56 /api/status .................................. ~ 0.45ms
  2025-07-03 18:26:04 /api/status ................................ ~ 506.41ms
  2025-07-03 18:26:06 /api/status .................................. ~ 0.64ms
  2025-07-03 18:26:09 /api/consciousness/thinking-status ........... ~ 0.67ms
  2025-07-03 18:26:09 /api/consciousness/thinking-status ........... ~ 2.09ms
  2025-07-03 18:26:12 /api/thoughts/recent ......................... ~ 0.21ms
  2025-07-03 18:26:13 /api/thoughts/recent ......................... ~ 1.30ms
  2025-07-03 18:26:14 /api/status ................................ ~ 505.28ms
  2025-07-03 18:26:16 /api/status .................................. ~ 0.20ms
  2025-07-03 18:26:24 /api/consciousness/thinking-status ........... ~ 1.40ms
  2025-07-03 18:26:24 /api/consciousness/thinking-status ........... ~ 0.37ms
  2025-07-03 18:26:24 /api/status .................................. ~ 1.08ms
  2025-07-03 18:26:26 /api/status .................................. ~ 0.18ms
  2025-07-03 18:26:32 /api/thoughts/recent ......................... ~ 0.58ms
  2025-07-03 18:26:33 /api/thoughts/recent ......................... ~ 0.21ms
  2025-07-03 18:26:34 /api/status .................................. ~ 0.16ms
  2025-07-03 18:26:36 /api/status .................................. ~ 0.54ms
  2025-07-03 18:26:39 /api/consciousness/thinking-status ........... ~ 0.64ms
  2025-07-03 18:26:39 /api/consciousness/thinking-status ........... ~ 1.99ms
  2025-07-03 18:26:44 /api/status .................................. ~ 0.50ms
  2025-07-03 18:26:46 /api/status .................................. ~ 0.86ms
  2025-07-03 18:26:52 /api/thoughts/recent ......................... ~ 0.23ms
  2025-07-03 18:26:53 /api/thoughts/recent ......................... ~ 0.44ms
  2025-07-03 18:26:54 /api/consciousness/thinking-status ........... ~ 0.76ms
  2025-07-03 18:26:54 /api/consciousness/thinking-status ........... ~ 1.77ms
  2025-07-03 18:26:54 /api/status .................................. ~ 1.08ms
  2025-07-03 18:26:56 /api/status .................................. ~ 0.59ms
  2025-07-03 18:27:05 /api/status .................................. ~ 0.80ms
  2025-07-03 18:27:07 /api/status .................................. ~ 0.53ms
  2025-07-03 18:27:10 /api/consciousness/thinking-status ........... ~ 0.18ms
  2025-07-03 18:27:10 /api/consciousness/thinking-status ........... ~ 0.67ms
  2025-07-03 18:27:13 /api/thoughts/recent ......................... ~ 0.54ms
  2025-07-03 18:27:14 /api/thoughts/recent ......................... ~ 0.60ms
  2025-07-03 18:27:15 /api/status .................................. ~ 0.43ms
  2025-07-03 18:27:17 /api/status .................................. ~ 0.49ms
  2025-07-03 18:27:25 /api/consciousness/thinking-status ........... ~ 1.16ms
  2025-07-03 18:27:25 /api/consciousness/thinking-status ........... ~ 1.75ms
  2025-07-03 18:27:25 /api/status .................................. ~ 0.54ms
  2025-07-03 18:27:27 /api/status .................................. ~ 0.62ms
  2025-07-03 18:27:33 /api/thoughts/recent ......................... ~ 0.39ms
  2025-07-03 18:27:34 /api/thoughts/recent ......................... ~ 0.13ms
  2025-07-03 18:27:35 /api/status .................................. ~ 0.19ms
  2025-07-03 18:27:37 /api/status .................................. ~ 0.11ms
  2025-07-03 18:27:40 /api/consciousness/thinking-status ........... ~ 0.11ms
  2025-07-03 18:27:40 /api/consciousness/thinking-status ........... ~ 0.06ms
  2025-07-03 18:27:45 /api/status .................................. ~ 0.13ms
  2025-07-03 18:27:47 /api/status .................................. ~ 0.14ms
  2025-07-03 18:27:53 /api/thoughts/recent ......................... ~ 0.18ms
  2025-07-03 18:27:54 /api/thoughts/recent ......................... ~ 0.12ms
  2025-07-03 18:27:55 /api/consciousness/thinking-status ........... ~ 0.11ms
  2025-07-03 18:27:55 /api/consciousness/thinking-status ........... ~ 0.06ms
  2025-07-03 18:27:55 /api/status .................................. ~ 0.28ms
  2025-07-03 18:27:57 /api/status .................................. ~ 0.12ms
  2025-07-03 18:28:05 /api/status .................................. ~ 0.59ms
  2025-07-03 18:28:07 /api/status .................................. ~ 0.14ms
  2025-07-03 18:28:10 /api/consciousness/thinking-status ........... ~ 0.13ms
  2025-07-03 18:28:10 /api/consciousness/thinking-status ........... ~ 0.43ms
  2025-07-03 18:28:13 /api/thoughts/recent ......................... ~ 0.10ms
  2025-07-03 18:28:14 /api/thoughts/recent ......................... ~ 0.12ms
  2025-07-03 18:28:15 /api/status .................................. ~ 0.14ms
  2025-07-03 18:28:17 /api/status .................................. ~ 0.14ms
  2025-07-03 18:28:25 /api/consciousness/thinking-status ........... ~ 0.38ms
  2025-07-03 18:28:25 /api/consciousness/thinking-status ........... ~ 0.69ms
  2025-07-03 18:28:25 /api/status .................................. ~ 0.31ms
  2025-07-03 18:28:26 /api/hello ................................... ~ 0.10ms
  2025-07-03 18:28:27 /api/status .................................. ~ 0.09ms
  2025-07-03 18:28:33 /api/thoughts/recent ....................... ~ 506.29ms
  2025-07-03 18:28:34 /api/thoughts/recent ......................... ~ 0.14ms
  2025-07-03 18:28:35 /api/status .................................. ~ 0.16ms
  2025-07-03 18:28:38 /api/status ................................ ~ 506.14ms
  2025-07-03 18:28:41 /api/consciousness/thinking-status ......... ~ 506.40ms
  2025-07-03 18:28:41 /api/consciousness/thinking-status ........... ~ 0.26ms
  2025-07-03 18:28:46 /api/status .................................. ~ 0.40ms
  2025-07-03 18:28:48 /api/status .................................. ~ 0.11ms
  2025-07-03 18:28:54 /api/thoughts/recent ......................... ~ 0.10ms
  2025-07-03 18:28:55 /api/thoughts/recent ......................... ~ 0.12ms
  2025-07-03 18:28:56 /api/consciousness/thinking-status ........... ~ 0.11ms
  2025-07-03 18:28:56 /api/consciousness/thinking-status ......... ~ 505.60ms
  2025-07-03 18:28:56 /api/status ................................ ~ 505.54ms
  2025-07-03 18:28:58 /api/status .................................. ~ 0.11ms
  2025-07-03 18:29:06 /api/status .................................. ~ 0.53ms
  2025-07-03 18:29:08 /api/status .................................. ~ 0.71ms
  2025-07-03 18:29:11 /api/consciousness/thinking-status ........... ~ 0.12ms
  2025-07-03 18:29:11 /api/consciousness/thinking-status ........... ~ 0.04ms
  2025-07-03 18:29:14 /api/thoughts/recent ......................... ~ 0.60ms
  2025-07-03 18:29:15 /api/thoughts/recent ......................... ~ 0.22ms
  2025-07-03 18:29:16 /api/status .................................. ~ 0.56ms
  2025-07-03 18:29:18 /api/status .................................. ~ 0.10ms
  2025-07-03 18:29:26 /api/consciousness/thinking-status ........... ~ 1.81ms
  2025-07-03 18:29:26 /api/consciousness/thinking-status ........... ~ 2.70ms
  2025-07-03 18:29:26 /api/status .................................. ~ 0.83ms
  2025-07-03 18:29:28 /api/status .................................. ~ 0.11ms
  2025-07-03 18:29:34 /api/thoughts/recent ......................... ~ 0.86ms
  2025-07-03 18:29:35 /api/thoughts/recent ......................... ~ 0.57ms
  2025-07-03 18:29:36 /api/status .................................. ~ 0.27ms
  2025-07-03 18:29:38 /api/status .................................. ~ 0.60ms
  2025-07-03 18:29:41 /api/consciousness/thinking-status ........... ~ 1.27ms
  2025-07-03 18:29:41 /api/consciousness/thinking-status ........... ~ 1.84ms
  2025-07-03 18:29:46 /api/status .................................. ~ 0.33ms
  2025-07-03 18:29:48 /api/status .................................. ~ 0.53ms
  2025-07-03 18:29:54 /api/thoughts/recent ......................... ~ 0.24ms
  2025-07-03 18:29:55 /api/thoughts/recent ......................... ~ 1.19ms
  2025-07-03 18:29:56 /api/consciousness/thinking-status ........... ~ 0.56ms
  2025-07-03 18:29:56 /api/consciousness/thinking-status ........... ~ 0.34ms
  2025-07-03 18:29:56 /api/status .................................. ~ 2.58ms
  2025-07-03 18:29:58 /api/status .................................. ~ 0.20ms
  2025-07-03 18:30:07 /api/status .................................. ~ 0.28ms
  2025-07-03 18:30:09 /api/status .................................. ~ 0.45ms
  2025-07-03 18:30:12 /api/consciousness/thinking-status ........... ~ 0.20ms
  2025-07-03 18:30:12 /api/consciousness/thinking-status ........... ~ 0.10ms
  2025-07-03 18:30:15 /api/thoughts/recent ......................... ~ 0.25ms
  2025-07-03 18:30:16 /api/thoughts/recent ......................... ~ 0.21ms
  2025-07-03 18:30:17 /api/status .................................. ~ 0.55ms
  2025-07-03 18:30:19 /api/status .................................. ~ 0.18ms
  2025-07-03 18:30:27 /api/consciousness/thinking-status ........... ~ 1.42ms
  2025-07-03 18:30:27 /api/consciousness/thinking-status ........... ~ 2.02ms
  2025-07-03 18:30:27 /api/status .................................. ~ 0.09ms
  2025-07-03 18:30:29 /api/status .................................. ~ 0.19ms
  2025-07-03 18:30:35 /api/thoughts/recent ......................... ~ 0.48ms
  2025-07-03 18:30:36 /api/thoughts/recent ......................... ~ 0.59ms
  2025-07-03 18:30:37 /api/status .................................. ~ 0.26ms
  2025-07-03 18:30:39 /api/status .................................. ~ 0.56ms
  2025-07-03 18:30:42 /api/consciousness/thinking-status ........... ~ 0.26ms
  2025-07-03 18:30:42 /api/consciousness/thinking-status ........... ~ 0.74ms
  2025-07-03 18:30:47 /api/status .................................. ~ 0.81ms
  2025-07-03 18:30:49 /api/status .................................. ~ 0.23ms
  2025-07-03 18:30:55 /api/thoughts/recent ......................... ~ 0.91ms
  2025-07-03 18:30:56 /api/thoughts/recent ......................... ~ 0.63ms
  2025-07-03 18:30:57 /api/consciousness/thinking-status ........... ~ 0.13ms
  2025-07-03 18:30:57 /api/consciousness/thinking-status ........... ~ 0.54ms
  2025-07-03 18:30:57 /api/status .................................. ~ 0.41ms
  2025-07-03 18:30:59 /api/status .................................. ~ 0.12ms
  2025-07-03 18:31:07 /api/status .................................. ~ 0.12ms
  2025-07-03 18:31:09 /api/status ................................ ~ 506.26ms
  2025-07-03 18:31:12 /api/consciousness/thinking-status ........... ~ 0.20ms
  2025-07-03 18:31:12 /api/consciousness/thinking-status ........... ~ 0.08ms
  2025-07-03 18:31:15 /api/thoughts/recent ....................... ~ 505.57ms
  2025-07-03 18:31:16 /api/thoughts/recent ....................... ~ 505.43ms
  2025-07-03 18:31:18 /api/status .................................. ~ 0.60ms
  2025-07-03 18:31:20 /api/status .................................. ~ 1.89ms
  2025-07-03 18:31:28 /api/consciousness/thinking-status ........... ~ 0.66ms
  2025-07-03 18:31:28 /api/consciousness/thinking-status ........... ~ 1.76ms
  2025-07-03 18:31:28 /api/status .................................. ~ 0.12ms
  2025-07-03 18:31:30 /api/status .................................. ~ 0.18ms
  2025-07-03 18:31:36 /api/thoughts/recent ......................... ~ 0.56ms
  2025-07-03 18:31:37 /api/thoughts/recent ......................... ~ 0.54ms
  2025-07-03 18:31:39 /api/status .................................. ~ 1.25ms
  2025-07-03 18:31:40 /api/status .................................. ~ 0.56ms
  2025-07-03 18:31:43 /api/consciousness/thinking-status ........... ~ 0.19ms
  2025-07-03 18:31:43 /api/consciousness/thinking-status ........... ~ 0.08ms
  2025-07-03 18:31:49 /api/status .................................. ~ 1.13ms
  2025-07-03 18:31:50 /api/status .................................. ~ 0.23ms
  2025-07-03 18:31:56 /api/thoughts/recent ......................... ~ 1.28ms
  2025-07-03 18:31:57 /api/thoughts/recent ......................... ~ 0.64ms
  2025-07-03 18:31:58 /api/consciousness/thinking-status ........... ~ 0.27ms
  2025-07-03 18:31:58 /api/consciousness/thinking-status ........... ~ 0.84ms
  2025-07-03 18:31:59 /api/status .................................. ~ 0.24ms
  2025-07-03 18:32:00 /api/status .................................. ~ 0.21ms
  2025-07-03 18:32:09 /api/status .................................. ~ 1.77ms
  2025-07-03 18:32:10 /api/status .................................. ~ 0.17ms
  2025-07-03 18:32:13 /api/consciousness/thinking-status ........... ~ 0.14ms
  2025-07-03 18:32:13 /api/consciousness/thinking-status ........... ~ 0.06ms
  2025-07-03 18:32:16 /api/thoughts/recent ......................... ~ 0.16ms
  2025-07-03 18:32:17 /api/thoughts/recent ......................... ~ 0.84ms
  2025-07-03 18:32:24 /api/status .................................. ~ 0.87ms
  2025-07-03 18:32:24 /api/status .................................. ~ 1.98ms
  2025-07-03 18:32:28 /api/consciousness/thinking-status ........... ~ 0.17ms
  2025-07-03 18:32:28 /api/consciousness/thinking-status ........... ~ 0.58ms
  2025-07-03 18:32:29 /api/status .................................. ~ 1.24ms
  2025-07-03 18:32:30 /api/status .................................. ~ 0.11ms
  2025-07-03 18:32:37 /api/thoughts/recent ......................... ~ 0.22ms
  2025-07-03 18:32:38 /api/thoughts/recent ......................... ~ 0.86ms
  2025-07-03 18:32:40 /api/status .................................. ~ 0.21ms
  2025-07-03 18:32:41 /api/status .................................. ~ 0.16ms
  2025-07-03 18:32:44 /api/consciousness/thinking-status ........... ~ 0.14ms
  2025-07-03 18:32:44 /api/consciousness/thinking-status ........... ~ 0.47ms
  2025-07-03 18:32:50 /api/status .................................. ~ 0.13ms
  2025-07-03 18:32:51 /api/status .................................. ~ 0.13ms
  2025-07-03 18:32:57 /api/thoughts/recent ....................... ~ 506.16ms
  2025-07-03 18:32:58 /api/thoughts/recent ......................... ~ 0.15ms
  2025-07-03 18:32:59 /api/consciousness/thinking-status ........... ~ 0.30ms
  2025-07-03 18:32:59 /api/consciousness/thinking-status ........... ~ 0.99ms
  2025-07-03 18:33:00 /api/status ................................ ~ 505.45ms
  2025-07-03 18:33:01 /api/status .................................. ~ 0.59ms
  2025-07-03 18:33:10 /api/status .................................. ~ 0.21ms
  2025-07-03 18:33:11 /api/status .................................. ~ 0.78ms
  2025-07-03 18:33:14 /api/consciousness/thinking-status ........... ~ 0.84ms
  2025-07-03 18:33:14 /api/consciousness/thinking-status ........... ~ 1.69ms
  2025-07-03 18:33:17 /api/thoughts/recent ......................... ~ 0.27ms
  2025-07-03 18:33:18 /api/thoughts/recent ......................... ~ 0.27ms
  2025-07-03 18:33:20 /api/status .................................. ~ 0.30ms
  2025-07-03 18:33:21 /api/status .................................. ~ 0.10ms
  2025-07-03 18:33:29 /api/consciousness/thinking-status ........... ~ 1.50ms
  2025-07-03 18:33:29 /api/consciousness/thinking-status ........... ~ 2.64ms
  2025-07-03 18:33:30 /api/status .................................. ~ 0.20ms
  2025-07-03 18:33:31 /api/status .................................. ~ 0.23ms
  2025-07-03 18:33:37 /api/thoughts/recent ......................... ~ 0.26ms
  2025-07-03 18:33:38 /api/thoughts/recent ......................... ~ 0.19ms
  2025-07-03 18:33:40 /api/status .................................. ~ 0.52ms
  2025-07-03 18:33:41 /api/status .................................. ~ 0.58ms
  2025-07-03 18:33:44 /api/consciousness/thinking-status ........... ~ 0.29ms
  2025-07-03 18:33:44 /api/consciousness/thinking-status ........... ~ 0.98ms
  2025-07-03 18:33:51 /api/status .................................. ~ 0.56ms
  2025-07-03 18:33:52 /api/status .................................. ~ 0.29ms
  2025-07-03 18:33:58 /api/thoughts/recent ......................... ~ 1.31ms
  2025-07-03 18:33:59 /api/thoughts/recent ......................... ~ 0.61ms
  2025-07-03 18:34:00 /api/consciousness/thinking-status ........... ~ 0.20ms
  2025-07-03 18:34:00 /api/consciousness/thinking-status ........... ~ 0.53ms
  2025-07-03 18:34:01 /api/status .................................. ~ 0.19ms
  2025-07-03 18:34:02 /api/status .................................. ~ 0.55ms
  2025-07-03 18:34:11 /api/status .................................. ~ 0.61ms
  2025-07-03 18:34:12 /api/status .................................. ~ 0.56ms
  2025-07-03 18:34:15 /api/consciousness/thinking-status ........... ~ 0.16ms
  2025-07-03 18:34:15 /api/consciousness/thinking-status ........... ~ 0.10ms
  2025-07-03 18:34:18 /api/thoughts/recent ......................... ~ 0.23ms
  2025-07-03 18:34:19 /api/thoughts/recent ......................... ~ 1.05ms
  2025-07-03 18:34:21 /api/status .................................. ~ 0.31ms
  2025-07-03 18:34:22 /api/status .................................. ~ 3.95ms
  2025-07-03 18:34:30 /api/consciousness/thinking-status ........... ~ 0.36ms
  2025-07-03 18:34:30 /api/consciousness/thinking-status ........... ~ 0.94ms
  2025-07-03 18:34:31 /api/status .................................. ~ 0.18ms
  2025-07-03 18:34:32 /api/status .................................. ~ 0.21ms
  2025-07-03 18:34:38 /api/thoughts/recent ....................... ~ 507.12ms
  2025-07-03 18:34:39 /api/thoughts/recent ....................... ~ 505.43ms
  2025-07-03 18:34:41 /api/status ................................ ~ 506.24ms
  2025-07-03 18:34:42 /api/status .................................. ~ 0.11ms
  2025-07-03 18:34:45 /api/consciousness/thinking-status ........... ~ 1.33ms
  2025-07-03 18:34:45 /api/consciousness/thinking-status ........... ~ 2.89ms
  2025-07-03 18:34:52 /api/status .................................. ~ 0.67ms
  2025-07-03 18:34:53 /api/status .................................. ~ 0.24ms
  2025-07-03 18:34:59 /api/thoughts/recent ......................... ~ 1.35ms
  2025-07-03 18:35:00 /api/thoughts/recent ......................... ~ 0.56ms
  2025-07-03 18:35:01 /api/consciousness/thinking-status ........... ~ 0.67ms
  2025-07-03 18:35:01 /api/consciousness/thinking-status ........... ~ 2.15ms
  2025-07-03 18:35:02 /api/status .................................. ~ 0.25ms
  2025-07-03 18:35:03 /api/status .................................. ~ 0.23ms
  2025-07-03 18:35:17 /api/status .................................. ~ 0.75ms
  2025-07-03 18:35:17 /api/status .................................. ~ 4.38ms
  2025-07-03 18:35:17 /api/consciousness/thinking-status ........... ~ 1.72ms
  2025-07-03 18:35:17 /api/consciousness/thinking-status ........... ~ 0.78ms
  2025-07-03 18:35:19 /api/thoughts/recent ......................... ~ 0.89ms
  2025-07-03 18:35:20 /api/thoughts/recent ......................... ~ 0.27ms
  2025-07-03 18:35:22 /api/status .................................. ~ 0.57ms
  2025-07-03 18:35:23 /api/status .................................. ~ 0.10ms
  2025-07-03 18:35:31 /api/consciousness/thinking-status ........... ~ 0.60ms
  2025-07-03 18:35:31 /api/consciousness/thinking-status ........... ~ 0.93ms
  2025-07-03 18:35:32 /api/status .................................. ~ 0.18ms
  2025-07-03 18:35:33 /api/status .................................. ~ 0.27ms
  2025-07-03 18:35:39 /api/thoughts/recent ......................... ~ 0.57ms
  2025-07-03 18:35:40 /api/thoughts/recent ......................... ~ 0.28ms
  2025-07-03 18:35:42 /api/status .................................. ~ 0.64ms
  2025-07-03 18:35:43 /api/status .................................. ~ 0.59ms
  2025-07-03 18:35:51 /api/consciousness/thinking-status ........... ~ 1.11ms
  2025-07-03 18:35:51 /api/consciousness/thinking-status ........... ~ 1.81ms
  2025-07-03 18:35:52 /api/status .................................. ~ 0.56ms
  2025-07-03 18:35:53 /api/status .................................. ~ 0.91ms
  2025-07-03 18:35:59 /api/thoughts/recent ......................... ~ 0.20ms
  2025-07-03 18:36:00 /api/thoughts/recent ......................... ~ 0.64ms
  2025-07-03 18:36:01 /api/consciousness/thinking-status ........... ~ 0.70ms
  2025-07-03 18:36:01 /api/consciousness/thinking-status ........... ~ 2.28ms
  2025-07-03 18:36:02 /api/status .................................. ~ 0.54ms
  2025-07-03 18:36:03 /api/status .................................. ~ 0.23ms
  2025-07-03 18:36:12 /api/status .................................. ~ 0.22ms
  2025-07-03 18:36:14 /api/status .................................. ~ 0.64ms
  2025-07-03 18:36:17 /api/consciousness/thinking-status ........... ~ 0.20ms
  2025-07-03 18:36:17 /api/consciousness/thinking-status ........... ~ 0.59ms
  2025-07-03 18:36:20 /api/thoughts/recent ......................... ~ 0.92ms
  2025-07-03 18:36:21 /api/thoughts/recent ......................... ~ 0.24ms
  2025-07-03 18:36:23 /api/status .................................. ~ 0.08ms
  2025-07-03 18:36:24 /api/status .................................. ~ 0.11ms
  2025-07-03 18:36:32 /api/consciousness/thinking-status ........... ~ 0.15ms
  2025-07-03 18:36:32 /api/consciousness/thinking-status ........... ~ 0.07ms
  2025-07-03 18:36:33 /api/status .................................. ~ 0.22ms
  2025-07-03 18:36:34 /api/status .................................. ~ 0.21ms
  2025-07-03 18:36:40 /api/thoughts/recent ......................... ~ 0.40ms
  2025-07-03 18:36:41 /api/thoughts/recent ......................... ~ 0.41ms
  2025-07-03 18:36:43 /api/status .................................. ~ 0.19ms
  2025-07-03 18:36:44 /api/status .................................. ~ 0.17ms
  2025-07-03 18:36:47 /api/consciousness/thinking-status ........... ~ 0.12ms
  2025-07-03 18:36:47 /api/consciousness/thinking-status ......... ~ 503.41ms
  2025-07-03 18:36:53 /api/status ................................ ~ 505.87ms
  2025-07-03 18:36:54 /api/status ................................ ~ 506.78ms
  2025-07-03 18:37:00 /api/thoughts/recent ....................... ~ 504.37ms
  2025-07-03 18:37:01 /api/thoughts/recent ....................... ~ 506.93ms
  2025-07-03 18:37:02 /api/consciousness/thinking-status ......... ~ 506.45ms
  2025-07-03 18:37:02 /api/consciousness/thinking-status ........... ~ 0.12ms
  2025-07-03 18:37:03 /api/status ................................ ~ 505.47ms
  2025-07-03 18:37:04 /api/status .................................. ~ 0.17ms
  2025-07-03 18:37:13 /api/status .................................. ~ 1.28ms
  2025-07-03 18:37:14 /api/status .................................. ~ 0.59ms
  2025-07-03 18:37:17 /api/consciousness/thinking-status ........... ~ 0.23ms
  2025-07-03 18:37:17 /api/consciousness/thinking-status ........... ~ 0.10ms
  2025-07-03 18:37:20 /api/thoughts/recent ......................... ~ 1.57ms
  2025-07-03 18:37:21 /api/thoughts/recent ......................... ~ 0.21ms
  2025-07-03 18:37:23 /api/status .................................. ~ 0.08ms
  2025-07-03 18:37:24 /api/status .................................. ~ 0.46ms
  2025-07-03 18:37:33 /api/consciousness/thinking-status ........... ~ 0.50ms
  2025-07-03 18:37:33 /api/consciousness/thinking-status ........... ~ 0.05ms
  2025-07-03 18:37:34 /api/status .................................. ~ 0.53ms
  2025-07-03 18:37:35 /api/status .................................. ~ 0.27ms
  2025-07-03 18:37:41 /api/thoughts/recent ......................... ~ 0.13ms
  2025-07-03 18:37:42 /api/thoughts/recent ......................... ~ 0.26ms
  2025-07-03 18:37:44 /api/status .................................. ~ 0.80ms
  2025-07-03 18:37:45 /api/status .................................. ~ 0.43ms
  2025-07-03 18:37:48 /api/consciousness/thinking-status ........... ~ 0.26ms
  2025-07-03 18:37:48 /api/consciousness/thinking-status ........... ~ 0.81ms
  2025-07-03 18:37:54 /api/status .................................. ~ 1.12ms
  2025-07-03 18:37:55 /api/status .................................. ~ 0.63ms
  2025-07-03 18:38:01 /api/thoughts/recent ......................... ~ 0.24ms
  2025-07-03 18:38:02 /api/thoughts/recent ......................... ~ 0.50ms
  2025-07-03 18:38:03 /api/consciousness/thinking-status ........... ~ 0.56ms
  2025-07-03 18:38:03 /api/consciousness/thinking-status ........... ~ 0.14ms
  2025-07-03 18:38:04 /api/status .................................. ~ 0.80ms
  2025-07-03 18:38:05 /api/status .................................. ~ 0.24ms
  2025-07-03 18:38:14 /api/status .................................. ~ 1.25ms
  2025-07-03 18:38:15 /api/status .................................. ~ 0.57ms
  2025-07-03 18:38:18 /api/consciousness/thinking-status ........... ~ 0.21ms
  2025-07-03 18:38:18 /api/consciousness/thinking-status ........... ~ 0.63ms
  2025-07-03 18:38:21 /api/thoughts/recent ......................... ~ 0.40ms
  2025-07-03 18:38:22 /api/thoughts/recent ......................... ~ 0.21ms
  2025-07-03 18:38:24 /api/status .................................. ~ 0.21ms
  2025-07-03 18:38:25 /api/status .................................. ~ 0.19ms
  2025-07-03 18:38:33 /api/consciousness/thinking-status ........... ~ 0.16ms
  2025-07-03 18:38:33 /api/consciousness/thinking-status ........... ~ 0.54ms
  2025-07-03 18:38:34 /api/status .................................. ~ 1.32ms
  2025-07-03 18:38:35 /api/status .................................. ~ 0.19ms
  2025-07-03 18:38:42 /api/thoughts/recent ......................... ~ 0.19ms
  2025-07-03 18:38:43 /api/thoughts/recent ......................... ~ 0.28ms
  2025-07-03 18:38:45 /api/status .................................. ~ 0.17ms
  2025-07-03 18:38:46 /api/status .................................. ~ 0.17ms
  2025-07-03 18:38:49 /api/consciousness/thinking-status ......... ~ 505.49ms
  2025-07-03 18:38:49 /api/consciousness/thinking-status ........... ~ 0.14ms
  2025-07-03 18:38:55 /api/status .................................. ~ 0.40ms
  2025-07-03 18:38:56 /api/status ................................ ~ 504.29ms
  2025-07-03 18:39:02 /api/thoughts/recent ......................... ~ 0.20ms
  2025-07-03 18:39:03 /api/thoughts/recent ......................... ~ 0.88ms
  2025-07-03 18:39:04 /api/consciousness/thinking-status ........... ~ 0.75ms
  2025-07-03 18:39:04 /api/consciousness/thinking-status ........... ~ 2.25ms
  2025-07-03 18:39:05 /api/status .................................. ~ 1.27ms
  2025-07-03 18:39:06 /api/status .................................. ~ 0.23ms
  2025-07-03 18:39:15 /api/status .................................. ~ 0.46ms
  2025-07-03 18:39:16 /api/status .................................. ~ 0.53ms
  2025-07-03 18:39:19 /api/consciousness/thinking-status ........... ~ 0.16ms
  2025-07-03 18:39:19 /api/consciousness/thinking-status ........... ~ 0.08ms
  2025-07-03 18:39:22 /api/thoughts/recent ......................... ~ 0.79ms
  2025-07-03 18:39:23 /api/thoughts/recent ......................... ~ 0.21ms
  2025-07-03 18:39:25 /api/status .................................. ~ 0.61ms
  2025-07-03 18:39:26 /api/status .................................. ~ 0.69ms
  2025-07-03 18:39:34 /api/consciousness/thinking-status ........... ~ 1.01ms
  2025-07-03 18:39:34 /api/consciousness/thinking-status ........... ~ 0.26ms
  2025-07-03 18:39:35 /api/status .................................. ~ 0.10ms
  2025-07-03 18:39:36 /api/status .................................. ~ 0.13ms
  2025-07-03 18:39:42 /api/thoughts/recent ......................... ~ 0.21ms
  2025-07-03 18:39:43 /api/thoughts/recent ......................... ~ 0.30ms
  2025-07-03 18:39:45 /api/status .................................. ~ 0.22ms
  2025-07-03 18:39:46 /api/status .................................. ~ 0.52ms
  2025-07-03 18:39:49 /api/consciousness/thinking-status ........... ~ 0.22ms
  2025-07-03 18:39:49 /api/consciousness/thinking-status ........... ~ 0.66ms
  2025-07-03 18:39:55 /api/status .................................. ~ 0.59ms
  2025-07-03 18:39:57 /api/status .................................. ~ 1.27ms
  2025-07-03 18:40:03 /api/thoughts/recent ......................... ~ 0.26ms
  2025-07-03 18:40:04 /api/thoughts/recent ......................... ~ 0.65ms
  2025-07-03 18:40:05 /api/consciousness/thinking-status ........... ~ 0.64ms
  2025-07-03 18:40:05 /api/consciousness/thinking-status ........... ~ 2.23ms
  2025-07-03 18:40:06 /api/status .................................. ~ 0.29ms
  2025-07-03 18:40:07 /api/status .................................. ~ 0.24ms
  2025-07-03 18:40:16 /api/status .................................. ~ 1.29ms
  2025-07-03 18:40:17 /api/status .................................. ~ 0.94ms
  2025-07-03 18:40:20 /api/consciousness/thinking-status ........... ~ 0.17ms
  2025-07-03 18:40:20 /api/consciousness/thinking-status ........... ~ 0.61ms
  2025-07-03 18:40:23 /api/thoughts/recent ......................... ~ 0.24ms
  2025-07-03 18:40:24 /api/thoughts/recent ......................... ~ 0.20ms
  2025-07-03 18:40:26 /api/status .................................. ~ 1.17ms
  2025-07-03 18:40:27 /api/status .................................. ~ 0.34ms
  2025-07-03 18:40:35 /api/consciousness/thinking-status ........... ~ 0.61ms
  2025-07-03 18:40:35 /api/consciousness/thinking-status ........... ~ 0.08ms
  2025-07-03 18:40:36 /api/status .................................. ~ 0.52ms
  2025-07-03 18:40:37 /api/status .................................. ~ 0.20ms
  2025-07-03 18:40:43 /api/thoughts/recent ......................... ~ 0.18ms
  2025-07-03 18:40:44 /api/thoughts/recent ......................... ~ 0.20ms
  2025-07-03 18:40:46 /api/status .................................. ~ 0.24ms
  2025-07-03 18:40:47 /api/status .................................. ~ 0.24ms
  2025-07-03 18:40:50 /api/consciousness/thinking-status ........... ~ 0.43ms
  2025-07-03 18:40:50 /api/consciousness/thinking-status ........... ~ 1.00ms
  2025-07-03 18:40:57 /api/status .................................. ~ 0.56ms
  2025-07-03 18:41:03 /api/status .................................. ~ 1.72ms
  2025-07-03 18:41:04 /api/thoughts/recent ......................... ~ 0.41ms
  2025-07-03 18:41:05 /api/thoughts/recent ......................... ~ 0.56ms
  2025-07-03 18:41:06 /api/consciousness/thinking-status ........... ~ 0.60ms
  2025-07-03 18:41:06 /api/consciousness/thinking-status ........... ~ 0.24ms
  2025-07-03 18:41:07 /api/status .................................. ~ 0.72ms
  2025-07-03 18:41:08 /api/status .................................. ~ 0.10ms
  2025-07-03 18:41:17 /api/status .................................. ~ 0.40ms
  2025-07-03 18:41:18 /api/status .................................. ~ 0.21ms
  2025-07-03 18:41:21 /api/consciousness/thinking-status ........... ~ 0.28ms
  2025-07-03 18:41:21 /api/consciousness/thinking-status ........... ~ 0.96ms
  2025-07-03 18:41:24 /api/thoughts/recent ......................... ~ 0.63ms
  2025-07-03 18:41:25 /api/thoughts/recent ......................... ~ 0.56ms
  2025-07-03 18:41:27 /api/status .................................. ~ 1.39ms
  2025-07-03 18:41:28 /api/status .................................. ~ 0.53ms
  2025-07-03 18:41:36 /api/consciousness/thinking-status ........... ~ 0.24ms
  2025-07-03 18:41:36 /api/consciousness/thinking-status ........... ~ 0.14ms
  2025-07-03 18:41:37 /api/status .................................. ~ 1.17ms
  2025-07-03 18:41:38 /api/status .................................. ~ 0.17ms
  2025-07-03 18:41:44 /api/thoughts/recent ......................... ~ 1.26ms
  2025-07-03 18:41:46 /api/thoughts/recent ......................... ~ 0.26ms
  2025-07-03 18:41:47 /api/status .................................. ~ 0.60ms
  2025-07-03 18:41:48 /api/status .................................. ~ 0.54ms
  2025-07-03 18:41:51 /api/consciousness/thinking-status ........... ~ 0.54ms
  2025-07-03 18:41:51 /api/consciousness/thinking-status ........... ~ 0.15ms
  2025-07-03 18:41:57 /api/status .................................. ~ 1.40ms
  2025-07-03 18:41:58 /api/status .................................. ~ 0.51ms
  2025-07-03 18:42:04 /api/thoughts/recent ......................... ~ 1.59ms
  2025-07-03 18:42:05 /api/thoughts/recent ......................... ~ 0.63ms
  2025-07-03 18:42:06 /api/consciousness/thinking-status ........... ~ 0.55ms
  2025-07-03 18:42:06 /api/consciousness/thinking-status ........... ~ 0.16ms
  2025-07-03 18:42:07 /api/status .................................. ~ 0.14ms
  2025-07-03 18:42:08 /api/status .................................. ~ 0.21ms
  2025-07-03 18:42:17 /api/status .................................. ~ 1.57ms
  2025-07-03 18:42:18 /api/status .................................. ~ 0.33ms
  2025-07-03 18:42:21 /api/consciousness/thinking-status ........... ~ 0.57ms
  2025-07-03 18:42:21 /api/consciousness/thinking-status ........... ~ 0.12ms
  2025-07-03 18:42:24 /api/thoughts/recent ......................... ~ 0.61ms
  2025-07-03 18:42:25 /api/thoughts/recent ......................... ~ 0.55ms
  2025-07-03 18:42:27 /api/status .................................. ~ 0.19ms
  2025-07-03 18:42:29 /api/status .................................. ~ 0.33ms
  2025-07-03 18:42:37 /api/consciousness/thinking-status ........... ~ 0.28ms
  2025-07-03 18:42:38 /api/consciousness/thinking-status ........... ~ 0.49ms
  2025-07-03 18:42:38 /api/status .................................. ~ 0.15ms
  2025-07-03 18:42:39 /api/status .................................. ~ 0.34ms
  2025-07-03 18:42:45 /api/thoughts/recent ......................... ~ 1.19ms
  2025-07-03 18:42:46 /api/thoughts/recent ......................... ~ 0.28ms
  2025-07-03 18:42:48 /api/status .................................. ~ 0.13ms
  2025-07-03 18:42:49 /api/status .................................. ~ 0.13ms
  2025-07-03 18:42:52 /api/consciousness/thinking-status ........... ~ 0.14ms
  2025-07-03 18:42:53 /api/consciousness/thinking-status ........... ~ 0.11ms
  2025-07-03 18:42:58 /api/status ................................ ~ 506.97ms
  2025-07-03 18:42:59 /api/status .................................. ~ 1.09ms
  2025-07-03 18:43:05 /api/thoughts/recent ......................... ~ 0.92ms
  2025-07-03 18:43:06 /api/thoughts/recent ......................... ~ 0.32ms
  2025-07-03 18:43:07 /api/consciousness/thinking-status ........... ~ 0.11ms
  2025-07-03 18:43:08 /api/consciousness/thinking-status ........... ~ 0.14ms
  2025-07-03 18:43:08 /api/status .................................. ~ 0.47ms
  2025-07-03 18:43:09 /api/status .................................. ~ 0.65ms
  2025-07-03 18:43:18 /api/status .................................. ~ 1.34ms
  2025-07-03 18:43:19 /api/status .................................. ~ 0.17ms
  2025-07-03 18:43:23 /api/consciousness/thinking-status ........... ~ 0.28ms
  2025-07-03 18:43:24 /api/consciousness/thinking-status ........... ~ 0.21ms
  2025-07-03 18:43:26 /api/thoughts/recent ......................... ~ 0.50ms
  2025-07-03 18:43:27 /api/thoughts/recent ......................... ~ 0.50ms
  2025-07-03 18:43:29 /api/status .................................. ~ 1.04ms
  2025-07-03 18:43:30 /api/status .................................. ~ 0.56ms
  2025-07-03 18:43:38 /api/consciousness/thinking-status ........... ~ 0.98ms
  2025-07-03 18:43:39 /api/consciousness/thinking-status ........... ~ 0.55ms
  2025-07-03 18:43:39 /api/status .................................. ~ 0.25ms
  2025-07-03 18:43:40 /api/status .................................. ~ 0.46ms
  2025-07-03 18:43:51 /api/thoughts/recent ......................... ~ 0.47ms
  2025-07-03 18:43:51 /api/thoughts/recent ......................... ~ 1.42ms
  2025-07-03 18:43:51 /api/status .................................. ~ 0.98ms
  2025-07-03 18:43:51 /api/status .................................. ~ 1.08ms
  2025-07-03 18:43:53 /api/consciousness/thinking-status ........... ~ 0.20ms
  2025-07-03 18:43:54 /api/consciousness/thinking-status ........... ~ 0.57ms
  2025-07-03 18:43:59 /api/status .................................. ~ 0.17ms
  2025-07-03 18:44:00 /api/status .................................. ~ 0.20ms
  2025-07-03 18:44:06 /api/thoughts/recent ......................... ~ 2.88ms
  2025-07-03 18:44:07 /api/thoughts/recent ......................... ~ 0.19ms
  2025-07-03 18:44:08 /api/consciousness/thinking-status ........... ~ 0.15ms
  2025-07-03 18:44:09 /api/consciousness/thinking-status ........... ~ 0.12ms
  2025-07-03 18:44:09 /api/status .................................. ~ 0.04ms
  2025-07-03 18:44:10 /api/status .................................. ~ 0.71ms
  2025-07-03 18:44:19 /api/status ................................ ~ 503.08ms
  2025-07-03 18:44:20 /api/status ................................ ~ 505.51ms
  2025-07-03 18:44:23 /api/consciousness/thinking-status ........... ~ 0.43ms
  2025-07-03 18:44:24 /api/consciousness/thinking-status ......... ~ 506.16ms
  2025-07-03 18:44:26 /api/thoughts/recent ......................... ~ 0.24ms
  2025-07-03 18:44:27 /api/thoughts/recent ......................... ~ 0.58ms
  2025-07-03 18:44:29 /api/status .................................. ~ 0.22ms
  2025-07-03 18:44:30 /api/status .................................. ~ 0.24ms
  2025-07-03 18:44:38 /api/consciousness/thinking-status ......... ~ 505.10ms
  2025-07-03 18:44:39 /api/consciousness/thinking-status ......... ~ 503.65ms
  2025-07-03 18:44:40 /api/status .................................. ~ 0.06ms
  2025-07-03 18:44:41 /api/status .................................. ~ 0.20ms
  2025-07-03 18:44:47 /api/thoughts/recent ......................... ~ 0.56ms
  2025-07-03 18:44:48 /api/thoughts/recent ......................... ~ 0.45ms
  2025-07-03 18:44:50 /api/status .................................. ~ 0.46ms
  2025-07-03 18:44:51 /api/status .................................. ~ 0.55ms
  2025-07-03 18:44:54 /api/consciousness/thinking-status ........... ~ 0.53ms
  2025-07-03 18:44:55 /api/consciousness/thinking-status ........... ~ 0.17ms
  2025-07-03 18:45:00 /api/status .................................. ~ 0.67ms
  2025-07-03 18:45:01 /api/status .................................. ~ 0.69ms
  2025-07-03 18:45:07 /api/thoughts/recent ......................... ~ 0.24ms
  2025-07-03 18:45:08 /api/thoughts/recent ......................... ~ 0.18ms
  2025-07-03 18:45:09 /api/consciousness/thinking-status ........... ~ 0.54ms
  2025-07-03 18:45:10 /api/consciousness/thinking-status ........... ~ 0.66ms
  2025-07-03 18:45:10 /api/status .................................. ~ 2.22ms
  2025-07-03 18:45:11 /api/status .................................. ~ 0.43ms
  2025-07-03 18:45:20 /api/status .................................. ~ 1.34ms
  2025-07-03 18:45:21 /api/status .................................. ~ 0.31ms
  2025-07-03 18:45:24 /api/consciousness/thinking-status ........... ~ 0.54ms
  2025-07-03 18:45:25 /api/consciousness/thinking-status ........... ~ 0.43ms
  2025-07-03 18:45:27 /api/thoughts/recent ......................... ~ 1.25ms
  2025-07-03 18:45:28 /api/thoughts/recent ......................... ~ 0.25ms
  2025-07-03 18:45:30 /api/status .................................. ~ 0.43ms
  2025-07-03 18:45:31 /api/status .................................. ~ 0.55ms
  2025-07-03 18:45:39 /api/consciousness/thinking-status ........... ~ 1.18ms
  2025-07-03 18:45:40 /api/consciousness/thinking-status ........... ~ 0.56ms
  2025-07-03 18:45:40 /api/status .................................. ~ 0.26ms
  2025-07-03 18:45:41 /api/status .................................. ~ 0.32ms
  2025-07-03 18:45:47 /api/thoughts/recent ......................... ~ 1.40ms
  2025-07-03 18:45:48 /api/thoughts/recent ......................... ~ 0.56ms
  2025-07-03 18:45:50 /api/status .................................. ~ 0.76ms
  2025-07-03 18:45:56 /api/status .................................. ~ 0.54ms
  2025-07-03 18:45:56 /api/consciousness/thinking-status ........... ~ 0.16ms
  2025-07-03 18:45:56 /api/consciousness/thinking-status ........... ~ 0.69ms
  2025-07-03 18:46:00 /api/status .................................. ~ 1.71ms
  2025-07-03 18:46:01 /api/status .................................. ~ 0.67ms
  2025-07-03 18:46:08 /api/thoughts/recent ......................... ~ 0.22ms
  2025-07-03 18:46:09 /api/thoughts/recent ......................... ~ 0.90ms
  2025-07-03 18:46:10 /api/consciousness/thinking-status ........... ~ 0.55ms
  2025-07-03 18:46:11 /api/consciousness/thinking-status ........... ~ 0.19ms
  2025-07-03 18:46:11 /api/status .................................. ~ 0.67ms
  2025-07-03 18:46:12 /api/status .................................. ~ 0.15ms
  2025-07-03 18:46:21 /api/status ................................ ~ 507.04ms
  2025-07-03 18:46:22 /api/status .................................. ~ 0.10ms
  2025-07-03 18:46:25 /api/consciousness/thinking-status ........... ~ 0.12ms
  2025-07-03 18:46:26 /api/consciousness/thinking-status ........... ~ 0.17ms
  2025-07-03 18:46:28 /api/thoughts/recent ....................... ~ 506.93ms
  2025-07-03 18:46:29 /api/thoughts/recent ....................... ~ 504.64ms
  2025-07-03 18:46:31 /api/status ................................ ~ 506.11ms
  2025-07-03 18:46:32 /api/status .................................. ~ 0.23ms
  2025-07-03 18:46:40 /api/consciousness/thinking-status ........... ~ 0.58ms
  2025-07-03 18:46:41 /api/consciousness/thinking-status ........... ~ 0.75ms
  2025-07-03 18:46:41 /api/status .................................. ~ 0.15ms
  2025-07-03 18:46:42 /api/status .................................. ~ 0.22ms
  2025-07-03 18:46:48 /api/thoughts/recent ......................... ~ 0.53ms
  2025-07-03 18:46:49 /api/thoughts/recent ......................... ~ 1.77ms
  2025-07-03 18:46:51 /api/status ................................ ~ 501.73ms
  2025-07-03 18:46:52 /api/status ................................ ~ 505.59ms
  2025-07-03 18:46:55 /api/consciousness/thinking-status ........... ~ 0.21ms
  2025-07-03 18:46:56 /api/consciousness/thinking-status ........... ~ 0.18ms
  2025-07-03 18:47:01 /api/status .................................. ~ 0.62ms
  2025-07-03 18:47:02 /api/status .................................. ~ 0.54ms
  2025-07-03 18:47:08 /api/thoughts/recent ......................... ~ 1.28ms
  2025-07-03 18:47:10 /api/thoughts/recent ......................... ~ 0.42ms
  2025-07-03 18:47:11 /api/consciousness/thinking-status ........... ~ 0.43ms
  2025-07-03 18:47:12 /api/consciousness/thinking-status ........... ~ 0.82ms
  2025-07-03 18:47:12 /api/status .................................. ~ 2.34ms
  2025-07-03 18:47:14 /api/status .................................. ~ 0.21ms
  2025-07-03 18:47:22 /api/status .................................. ~ 1.17ms
  2025-07-03 18:47:24 /api/status .................................. ~ 0.45ms
  2025-07-03 18:47:26 /api/consciousness/thinking-status ........... ~ 0.23ms
  2025-07-03 18:47:27 /api/consciousness/thinking-status ........... ~ 0.23ms
  2025-07-03 18:47:29 /api/thoughts/recent ......................... ~ 0.83ms
  2025-07-03 18:47:30 /api/thoughts/recent ......................... ~ 0.47ms
  2025-07-03 18:47:32 /api/status .................................. ~ 0.25ms
  2025-07-03 18:47:34 /api/status .................................. ~ 0.54ms
  2025-07-03 18:47:41 /api/consciousness/thinking-status ........... ~ 0.58ms
  2025-07-03 18:47:42 /api/consciousness/thinking-status ........... ~ 0.29ms
  2025-07-03 18:47:42 /api/status .................................. ~ 0.86ms
  2025-07-03 18:47:44 /api/status .................................. ~ 0.23ms
  2025-07-03 18:47:54 /api/thoughts/recent ......................... ~ 0.57ms
  2025-07-03 18:47:54 /api/thoughts/recent ......................... ~ 1.23ms
  2025-07-03 18:47:54 /api/status .................................. ~ 0.62ms
  2025-07-03 18:47:54 /api/status .................................. ~ 0.74ms
  2025-07-03 18:47:56 /api/consciousness/thinking-status ........... ~ 0.12ms
  2025-07-03 18:47:57 /api/consciousness/thinking-status ........... ~ 0.11ms
  2025-07-03 18:48:02 /api/status ................................ ~ 507.04ms
  2025-07-03 18:48:04 /api/status .................................. ~ 0.27ms
  2025-07-03 18:48:10 /api/thoughts/recent ......................... ~ 0.19ms
  2025-07-03 18:48:11 /api/thoughts/recent ......................... ~ 0.34ms
  2025-07-03 18:48:12 /api/consciousness/thinking-status ........... ~ 1.67ms
  2025-07-03 18:48:13 /api/consciousness/thinking-status ........... ~ 0.83ms
  2025-07-03 18:48:13 /api/status .................................. ~ 0.48ms
  2025-07-03 18:48:15 /api/status .................................. ~ 0.10ms
  2025-07-03 18:48:23 /api/status .................................. ~ 0.18ms
  2025-07-03 18:48:25 /api/status .................................. ~ 0.38ms
  2025-07-03 18:48:27 /api/consciousness/thinking-status ........... ~ 0.34ms
  2025-07-03 18:48:28 /api/consciousness/thinking-status ........... ~ 0.20ms
  2025-07-03 18:48:30 /api/thoughts/recent ......................... ~ 0.54ms
  2025-07-03 18:48:31 /api/thoughts/recent ......................... ~ 0.10ms
  2025-07-03 18:48:33 /api/status .................................. ~ 0.55ms
  2025-07-03 18:48:35 /api/status .................................. ~ 0.60ms
  2025-07-03 18:48:42 /api/consciousness/thinking-status ........... ~ 1.97ms
  2025-07-03 18:48:43 /api/consciousness/thinking-status ........... ~ 0.75ms
  2025-07-03 18:48:43 /api/status .................................. ~ 0.14ms
  2025-07-03 18:48:45 /api/status .................................. ~ 0.27ms
  2025-07-03 18:48:50 /api/thoughts/recent ......................... ~ 0.54ms
  2025-07-03 18:48:51 /api/thoughts/recent ......................... ~ 0.47ms
  2025-07-03 18:48:53 /api/status .................................. ~ 0.73ms
  2025-07-03 18:48:55 /api/status .................................. ~ 0.64ms
  2025-07-03 18:48:57 /api/consciousness/thinking-status ........... ~ 0.23ms
  2025-07-03 18:48:58 /api/consciousness/thinking-status ........... ~ 0.24ms
  2025-07-03 18:49:03 /api/status .................................. ~ 1.59ms
  2025-07-03 18:49:05 /api/status .................................. ~ 0.16ms
  2025-07-03 18:49:10 /api/thoughts/recent ......................... ~ 0.27ms
  2025-07-03 18:49:11 /api/thoughts/recent ......................... ~ 0.66ms
  2025-07-03 18:49:12 /api/consciousness/thinking-status ........... ~ 0.56ms
  2025-07-03 18:49:13 /api/consciousness/thinking-status ........... ~ 0.22ms
  2025-07-03 18:49:13 /api/status .................................. ~ 0.10ms
  2025-07-03 18:49:15 /api/status .................................. ~ 0.17ms
  2025-07-03 18:49:23 /api/status .................................. ~ 0.76ms
  2025-07-03 18:49:25 /api/status .................................. ~ 0.25ms
  2025-07-03 18:49:27 /api/consciousness/thinking-status ........... ~ 0.21ms
  2025-07-03 18:49:28 /api/consciousness/thinking-status ........... ~ 1.55ms
  2025-07-03 18:49:31 /api/thoughts/recent ......................... ~ 0.20ms
  2025-07-03 18:49:32 /api/thoughts/recent ......................... ~ 0.26ms
  2025-07-03 18:49:34 /api/status .................................. ~ 0.68ms
  2025-07-03 18:49:36 /api/status .................................. ~ 0.17ms
  2025-07-03 18:49:43 /api/consciousness/thinking-status ........... ~ 0.16ms
  2025-07-03 18:49:44 /api/consciousness/thinking-status ........... ~ 0.12ms
  2025-07-03 18:49:44 /api/status .................................. ~ 0.47ms
  2025-07-03 18:49:46 /api/status .................................. ~ 0.17ms
  2025-07-03 18:49:51 /api/thoughts/recent ......................... ~ 0.57ms
  2025-07-03 18:49:52 /api/thoughts/recent ......................... ~ 0.23ms
  2025-07-03 18:49:54 /api/status .................................. ~ 0.22ms
  2025-07-03 18:49:56 /api/status .................................. ~ 0.62ms
  2025-07-03 18:49:58 /api/consciousness/thinking-status ........... ~ 0.20ms
  2025-07-03 18:49:59 /api/consciousness/thinking-status ........... ~ 0.37ms
  2025-07-03 18:50:04 /api/status .................................. ~ 0.57ms
  2025-07-03 18:50:06 /api/status .................................. ~ 0.08ms
  2025-07-03 18:50:11 /api/thoughts/recent ......................... ~ 1.28ms
  2025-07-03 18:50:12 /api/thoughts/recent ......................... ~ 0.54ms
  2025-07-03 18:50:13 /api/consciousness/thinking-status ........... ~ 0.55ms
  2025-07-03 18:50:14 /api/consciousness/thinking-status ........... ~ 0.53ms
  2025-07-03 18:50:14 /api/status .................................. ~ 1.66ms
  2025-07-03 18:50:16 /api/status .................................. ~ 0.23ms
  2025-07-03 18:50:24 /api/status .................................. ~ 0.21ms
  2025-07-03 18:50:26 /api/status .................................. ~ 0.60ms
  2025-07-03 18:50:28 /api/consciousness/thinking-status ........... ~ 0.24ms
  2025-07-03 18:50:29 /api/consciousness/thinking-status ........... ~ 0.22ms
  2025-07-03 18:50:32 /api/thoughts/recent ......................... ~ 0.47ms
  2025-07-03 18:50:33 /api/thoughts/recent ......................... ~ 2.68ms
  2025-07-03 18:50:35 /api/status .................................. ~ 1.25ms
  2025-07-03 18:50:37 /api/status .................................. ~ 0.25ms
  2025-07-03 18:50:49 /api/consciousness/thinking-status ........... ~ 1.42ms
  2025-07-03 18:50:49 /api/consciousness/thinking-status ........... ~ 2.02ms
  2025-07-03 18:50:49 /api/status .................................. ~ 0.66ms
  2025-07-03 18:50:49 /api/status .................................. ~ 1.27ms
  2025-07-03 18:50:52 /api/thoughts/recent ......................... ~ 0.17ms
  2025-07-03 18:50:53 /api/thoughts/recent ......................... ~ 0.86ms
  2025-07-03 18:50:55 /api/status .................................. ~ 0.21ms
  2025-07-03 18:50:57 /api/status .................................. ~ 0.59ms
  2025-07-03 18:50:59 /api/consciousness/thinking-status ........... ~ 0.23ms
  2025-07-03 18:51:00 /api/consciousness/thinking-status ........... ~ 0.22ms
  2025-07-03 18:51:05 /api/status .................................. ~ 0.57ms
  2025-07-03 18:51:07 /api/status .................................. ~ 0.20ms
  2025-07-03 18:51:12 /api/thoughts/recent ......................... ~ 0.23ms
  2025-07-03 18:51:13 /api/thoughts/recent ......................... ~ 0.22ms
  2025-07-03 18:51:14 /api/consciousness/thinking-status ........... ~ 0.53ms
  2025-07-03 18:51:15 /api/consciousness/thinking-status ........... ~ 0.83ms
  2025-07-03 18:51:15 /api/status .................................. ~ 2.38ms
  2025-07-03 18:51:17 /api/status .................................. ~ 0.21ms
  2025-07-03 18:51:25 /api/status .................................. ~ 0.19ms
  2025-07-03 18:51:27 /api/status .................................. ~ 0.84ms
  2025-07-03 18:51:29 /api/consciousness/thinking-status ........... ~ 0.12ms
  2025-07-03 18:51:30 /api/consciousness/thinking-status ........... ~ 0.22ms
  2025-07-03 18:51:32 /api/thoughts/recent ......................... ~ 0.13ms
  2025-07-03 18:51:33 /api/thoughts/recent ......................... ~ 0.10ms
  2025-07-03 18:51:35 /api/status .................................. ~ 0.16ms
  2025-07-03 18:51:37 /api/status .................................. ~ 0.41ms
  2025-07-03 18:51:44 /api/consciousness/thinking-status ........... ~ 0.16ms
  2025-07-03 18:51:45 /api/consciousness/thinking-status ........... ~ 0.13ms
  2025-07-03 18:51:45 /api/status .................................. ~ 0.08ms
  2025-07-03 18:51:47 /api/status .................................. ~ 0.13ms
  2025-07-03 18:51:52 /api/thoughts/recent ......................... ~ 0.20ms
  2025-07-03 18:51:53 /api/thoughts/recent ......................... ~ 0.15ms
  2025-07-03 18:51:55 /api/status .................................. ~ 0.25ms
  2025-07-03 18:51:57 /api/status .................................. ~ 0.15ms
  2025-07-03 18:52:00 /api/consciousness/thinking-status ......... ~ 505.51ms
  2025-07-03 18:52:01 /api/consciousness/thinking-status ......... ~ 504.51ms
  2025-07-03 18:52:06 /api/status .................................. ~ 2.16ms
  2025-07-03 18:52:08 /api/status .................................. ~ 0.09ms
  2025-07-03 18:52:13 /api/thoughts/recent ....................... ~ 504.22ms
  2025-07-03 18:52:14 /api/thoughts/recent ......................... ~ 0.20ms
  2025-07-03 18:52:15 /api/consciousness/thinking-status ......... ~ 506.14ms
  2025-07-03 18:52:16 /api/consciousness/thinking-status ......... ~ 503.43ms
  2025-07-03 18:52:16 /api/status .................................. ~ 0.27ms
  2025-07-03 18:52:18 /api/status ................................ ~ 505.49ms
  2025-07-03 18:52:26 /api/status .................................. ~ 0.57ms
  2025-07-03 18:52:28 /api/status .................................. ~ 0.40ms
  2025-07-03 18:52:30 /api/consciousness/thinking-status ........... ~ 0.64ms
  2025-07-03 18:52:31 /api/consciousness/thinking-status ........... ~ 0.86ms
  2025-07-03 18:52:33 /api/thoughts/recent ......................... ~ 0.98ms
  2025-07-03 18:52:34 /api/thoughts/recent ......................... ~ 0.59ms
  2025-07-03 18:52:36 /api/status .................................. ~ 0.53ms
  2025-07-03 18:52:38 /api/status .................................. ~ 0.54ms
  2025-07-03 18:52:45 /api/consciousness/thinking-status ........... ~ 1.78ms
  2025-07-03 18:52:46 /api/consciousness/thinking-status ........... ~ 0.51ms
  2025-07-03 18:52:46 /api/status .................................. ~ 0.15ms
  2025-07-03 18:52:48 /api/status .................................. ~ 0.59ms
  2025-07-03 18:52:53 /api/thoughts/recent ......................... ~ 0.18ms
  2025-07-03 18:52:54 /api/thoughts/recent ......................... ~ 0.13ms
  2025-07-03 18:52:56 /api/status .................................. ~ 0.16ms
  2025-07-03 18:52:58 /api/status .................................. ~ 0.60ms
  2025-07-03 18:53:00 /api/consciousness/thinking-status ........... ~ 1.31ms
  2025-07-03 18:53:01 /api/consciousness/thinking-status ........... ~ 0.50ms
  2025-07-03 18:53:06 /api/status .................................. ~ 0.40ms
  2025-07-03 18:53:08 /api/status .................................. ~ 0.26ms
  2025-07-03 18:53:14 /api/thoughts/recent ......................... ~ 0.57ms
  2025-07-03 18:53:15 /api/thoughts/recent ......................... ~ 0.62ms
  2025-07-03 18:53:16 /api/consciousness/thinking-status ........... ~ 0.54ms
  2025-07-03 18:53:17 /api/consciousness/thinking-status ........... ~ 0.38ms
  2025-07-03 18:53:17 /api/status .................................. ~ 0.12ms
  2025-07-03 18:53:19 /api/status .................................. ~ 0.54ms
  2025-07-03 18:53:27 /api/status ................................ ~ 505.80ms
  2025-07-03 18:53:29 /api/status .................................. ~ 0.10ms
  2025-07-03 18:53:31 /api/consciousness/thinking-status ........... ~ 0.41ms
  2025-07-03 18:53:32 /api/consciousness/thinking-status ........... ~ 0.09ms
  2025-07-03 18:53:34 /api/thoughts/recent ......................... ~ 0.21ms
  2025-07-03 18:53:35 /api/thoughts/recent ......................... ~ 0.28ms
  2025-07-03 18:53:37 /api/status .................................. ~ 0.17ms
  2025-07-03 18:53:39 /api/status .................................. ~ 0.20ms
  2025-07-03 18:53:46 /api/consciousness/thinking-status ........... ~ 0.49ms
  2025-07-03 18:53:47 /api/consciousness/thinking-status ........... ~ 0.13ms
  2025-07-03 18:53:47 /api/status .................................. ~ 0.44ms
  2025-07-03 18:53:49 /api/status .................................. ~ 0.12ms
  2025-07-03 18:53:54 /api/thoughts/recent ......................... ~ 0.36ms
  2025-07-03 18:53:55 /api/thoughts/recent ......................... ~ 0.15ms
  2025-07-03 18:53:57 /api/status .................................. ~ 0.14ms
  2025-07-03 18:53:59 /api/status .................................. ~ 0.52ms
  2025-07-03 18:54:01 /api/consciousness/thinking-status ........... ~ 0.88ms
  2025-07-03 18:54:02 /api/consciousness/thinking-status ........... ~ 0.58ms
  2025-07-03 18:54:07 /api/status .................................. ~ 0.14ms
  2025-07-03 18:54:09 /api/status .................................. ~ 0.08ms
  2025-07-03 18:54:14 /api/thoughts/recent ......................... ~ 0.65ms
  2025-07-03 18:54:15 /api/thoughts/recent ......................... ~ 0.55ms
  2025-07-03 18:54:16 /api/consciousness/thinking-status ........... ~ 0.54ms
  2025-07-03 18:54:18 /api/consciousness/thinking-status ........... ~ 0.12ms
  2025-07-03 18:54:19 /api/status .................................. ~ 0.20ms
  2025-07-03 18:54:19 /api/status .................................. ~ 0.09ms
  2025-07-03 18:54:30 /api/status .................................. ~ 0.81ms
  2025-07-03 18:54:30 /api/status .................................. ~ 0.11ms
  2025-07-03 18:54:32 /api/consciousness/thinking-status ........... ~ 0.21ms
  2025-07-03 18:54:34 /api/consciousness/thinking-status ........... ~ 0.55ms
  2025-07-03 18:54:35 /api/thoughts/recent ......................... ~ 0.54ms
  2025-07-03 18:54:36 /api/thoughts/recent ......................... ~ 0.78ms
  2025-07-03 18:54:40 /api/status .................................. ~ 0.24ms
  2025-07-03 18:54:40 /api/status .................................. ~ 0.10ms
  2025-07-03 18:54:47 /api/consciousness/thinking-status ........... ~ 1.07ms
  2025-07-03 18:54:49 /api/consciousness/thinking-status ........... ~ 0.28ms
  2025-07-03 18:54:50 /api/status .................................. ~ 0.56ms
  2025-07-03 18:54:50 /api/status .................................. ~ 0.15ms
  2025-07-03 18:54:55 /api/thoughts/recent ......................... ~ 1.32ms
  2025-07-03 18:54:56 /api/thoughts/recent ......................... ~ 0.94ms
  2025-07-03 18:55:00 /api/status .................................. ~ 0.27ms
  2025-07-03 18:55:00 /api/status .................................. ~ 1.49ms
  2025-07-03 18:55:02 /api/consciousness/thinking-status ........... ~ 0.16ms
  2025-07-03 18:55:04 /api/consciousness/thinking-status ........... ~ 0.25ms
  2025-07-03 18:55:10 /api/status .................................. ~ 1.55ms
  2025-07-03 18:55:10 /api/status .................................. ~ 0.17ms
  2025-07-03 18:55:15 /api/thoughts/recent ......................... ~ 0.59ms
  2025-07-03 18:55:16 /api/thoughts/recent ......................... ~ 0.20ms
  2025-07-03 18:55:17 /api/consciousness/thinking-status ........... ~ 0.14ms
  2025-07-03 18:55:19 /api/consciousness/thinking-status ........... ~ 0.71ms
  2025-07-03 18:55:20 /api/status .................................. ~ 0.13ms
  2025-07-03 18:55:20 /api/status .................................. ~ 0.05ms
  2025-07-03 18:55:30 /api/status .................................. ~ 0.09ms
  2025-07-03 18:55:31 /api/status .................................. ~ 0.38ms
  2025-07-03 18:55:32 /api/consciousness/thinking-status ........... ~ 0.74ms
  2025-07-03 18:55:34 /api/consciousness/thinking-status ........... ~ 0.27ms
  2025-07-03 18:55:35 /api/thoughts/recent ......................... ~ 0.53ms
  2025-07-03 18:55:36 /api/thoughts/recent ......................... ~ 0.13ms
  2025-07-03 18:55:40 /api/status .................................. ~ 0.25ms
  2025-07-03 18:55:41 /api/status .................................. ~ 0.23ms
  2025-07-03 18:55:48 /api/consciousness/thinking-status ........... ~ 0.38ms
  2025-07-03 18:55:50 /api/consciousness/thinking-status ........... ~ 0.43ms
  2025-07-03 18:55:51 /api/status .................................. ~ 0.67ms
  2025-07-03 18:55:52 /api/status .................................. ~ 0.27ms
  2025-07-03 18:55:56 /api/thoughts/recent ......................... ~ 0.25ms
  2025-07-03 18:56:02 /api/thoughts/recent ......................... ~ 0.19ms
  2025-07-03 18:56:02 /api/status .................................. ~ 0.09ms
  2025-07-03 18:56:02 /api/status .................................. ~ 0.94ms
  2025-07-03 18:56:03 /api/consciousness/thinking-status ........... ~ 0.42ms
  2025-07-03 18:56:05 /api/consciousness/thinking-status ........... ~ 0.22ms
  2025-07-03 18:56:11 /api/status ................................ ~ 505.96ms
  2025-07-03 18:56:12 /api/status .................................. ~ 0.36ms
  2025-07-03 18:56:16 /api/thoughts/recent ......................... ~ 0.26ms
  2025-07-03 18:56:17 /api/thoughts/recent ......................... ~ 0.44ms
  2025-07-03 18:56:18 /api/consciousness/thinking-status ........... ~ 0.25ms
  2025-07-03 18:56:20 /api/consciousness/thinking-status ........... ~ 0.25ms
  2025-07-03 18:56:21 /api/status .................................. ~ 0.40ms
  2025-07-03 18:56:22 /api/status .................................. ~ 0.27ms
  2025-07-03 18:56:31 /api/status .................................. ~ 1.46ms
  2025-07-03 18:56:32 /api/status .................................. ~ 0.61ms
  2025-07-03 18:56:33 /api/consciousness/thinking-status ........... ~ 0.47ms
  2025-07-03 18:56:35 /api/consciousness/thinking-status ........... ~ 0.45ms
  2025-07-03 18:56:36 /api/thoughts/recent ......................... ~ 0.45ms
  2025-07-03 18:56:37 /api/thoughts/recent ......................... ~ 0.60ms
  2025-07-03 18:56:41 /api/status .................................. ~ 1.01ms
  2025-07-03 18:56:42 /api/status .................................. ~ 0.51ms
  2025-07-03 18:56:48 /api/consciousness/thinking-status ........... ~ 0.28ms
  2025-07-03 18:56:50 /api/consciousness/thinking-status ........... ~ 0.49ms
  2025-07-03 18:56:52 /api/status .................................. ~ 0.73ms
  2025-07-03 18:56:53 /api/status .................................. ~ 0.44ms
  2025-07-03 18:56:57 /api/thoughts/recent ......................... ~ 1.91ms
  2025-07-03 18:56:58 /api/thoughts/recent ......................... ~ 0.28ms
  2025-07-03 18:57:02 /api/status .................................. ~ 0.21ms
  2025-07-03 18:57:03 /api/status .................................. ~ 1.04ms
  2025-07-03 18:57:04 /api/consciousness/thinking-status ........... ~ 0.23ms
  2025-07-03 18:57:06 /api/consciousness/thinking-status ........... ~ 0.21ms
  2025-07-03 18:57:12 /api/status .................................. ~ 1.30ms
  2025-07-03 18:57:13 /api/status .................................. ~ 0.22ms
  2025-07-03 18:57:17 /api/thoughts/recent ......................... ~ 0.17ms
  2025-07-03 18:57:18 /api/thoughts/recent ......................... ~ 0.19ms
  2025-07-03 18:57:19 /api/consciousness/thinking-status ........... ~ 0.19ms
  2025-07-03 18:57:21 /api/consciousness/thinking-status ........... ~ 0.09ms
  2025-07-03 18:57:22 /api/status .................................. ~ 0.15ms
  2025-07-03 18:57:23 /api/status .................................. ~ 0.19ms
  2025-07-03 18:57:32 /api/status .................................. ~ 0.31ms
  2025-07-03 18:57:33 /api/status ................................ ~ 502.03ms
  2025-07-03 18:57:34 /api/consciousness/thinking-status ........... ~ 0.24ms
  2025-07-03 18:57:36 /api/consciousness/thinking-status ........... ~ 0.56ms
  2025-07-03 18:57:37 /api/thoughts/recent ......................... ~ 0.60ms
  2025-07-03 18:57:38 /api/thoughts/recent ......................... ~ 0.25ms
  2025-07-03 18:57:42 /api/status .................................. ~ 0.11ms
  2025-07-03 18:57:43 /api/status .................................. ~ 0.11ms
  2025-07-03 18:57:49 /api/consciousness/thinking-status ........... ~ 1.68ms
  2025-07-03 18:57:52 /api/consciousness/thinking-status ........... ~ 0.25ms
  2025-07-03 18:57:53 /api/status .................................. ~ 0.67ms
  2025-07-03 18:57:54 /api/status .................................. ~ 0.25ms
  2025-07-03 18:57:58 /api/thoughts/recent ......................... ~ 0.84ms
  2025-07-03 18:57:59 /api/thoughts/recent ......................... ~ 0.56ms
  2025-07-03 18:58:03 /api/status .................................. ~ 0.45ms
  2025-07-03 18:58:04 /api/status .................................. ~ 0.37ms
  2025-07-03 18:58:05 /api/consciousness/thinking-status ........... ~ 0.27ms
  2025-07-03 18:58:07 /api/consciousness/thinking-status ........... ~ 0.55ms
  2025-07-03 18:58:13 /api/status .................................. ~ 0.23ms
  2025-07-03 18:58:14 /api/status .................................. ~ 0.20ms
  2025-07-03 18:58:18 /api/thoughts/recent ......................... ~ 0.31ms
  2025-07-03 18:58:19 /api/thoughts/recent ......................... ~ 2.61ms
  2025-07-03 18:58:20 /api/consciousness/thinking-status ........... ~ 0.58ms
  2025-07-03 18:58:22 /api/consciousness/thinking-status ........... ~ 0.27ms
  2025-07-03 18:58:23 /api/status .................................. ~ 0.27ms
  2025-07-03 18:58:24 /api/status .................................. ~ 0.38ms
  2025-07-03 18:58:33 /api/status .................................. ~ 0.21ms
  2025-07-03 18:58:34 /api/status .................................. ~ 0.56ms
  2025-07-03 18:58:35 /api/consciousness/thinking-status ........... ~ 0.22ms
  2025-07-03 18:58:37 /api/consciousness/thinking-status ........... ~ 0.27ms
  2025-07-03 18:58:38 /api/thoughts/recent ......................... ~ 0.57ms
  2025-07-03 18:58:39 /api/thoughts/recent ......................... ~ 0.46ms
  2025-07-03 18:58:43 /api/status .................................. ~ 0.32ms
  2025-07-03 18:58:44 /api/status .................................. ~ 0.18ms
  2025-07-03 18:58:50 /api/consciousness/thinking-status ........... ~ 0.33ms
  2025-07-03 18:58:53 /api/consciousness/thinking-status ........... ~ 0.19ms
  2025-07-03 18:58:54 /api/status .................................. ~ 0.52ms
  2025-07-03 18:58:55 /api/status .................................. ~ 0.09ms
  2025-07-03 18:58:59 /api/thoughts/recent ......................... ~ 0.14ms
  2025-07-03 18:59:00 /api/thoughts/recent ......................... ~ 0.11ms
  2025-07-03 18:59:04 /api/status .................................. ~ 0.61ms
  2025-07-03 18:59:05 /api/status .................................. ~ 0.26ms
  2025-07-03 18:59:06 /api/consciousness/thinking-status ........... ~ 0.28ms
  2025-07-03 18:59:08 /api/consciousness/thinking-status ........... ~ 0.54ms
  2025-07-03 18:59:14 /api/status .................................. ~ 3.49ms
  2025-07-03 18:59:15 /api/status .................................. ~ 0.23ms
  2025-07-03 18:59:19 /api/thoughts/recent ......................... ~ 0.66ms
  2025-07-03 18:59:20 /api/thoughts/recent ......................... ~ 1.17ms
  2025-07-03 18:59:21 /api/consciousness/thinking-status ........... ~ 0.08ms
  2025-07-03 18:59:23 /api/consciousness/thinking-status ........... ~ 0.94ms
  2025-07-03 18:59:24 /api/status .................................. ~ 0.17ms
  2025-07-03 18:59:25 /api/status .................................. ~ 0.24ms
  2025-07-03 18:59:34 /api/status .................................. ~ 0.32ms
  2025-07-03 18:59:35 /api/status .................................. ~ 0.77ms
  2025-07-03 18:59:36 /api/consciousness/thinking-status ........... ~ 0.28ms
  2025-07-03 18:59:38 /api/consciousness/thinking-status ........... ~ 0.57ms
  2025-07-03 18:59:39 /api/thoughts/recent ......................... ~ 0.30ms
  2025-07-03 18:59:40 /api/thoughts/recent ......................... ~ 0.26ms
  2025-07-03 18:59:44 /api/status .................................. ~ 0.19ms
  2025-07-03 18:59:45 /api/status .................................. ~ 0.23ms
  2025-07-03 18:59:51 /api/consciousness/thinking-status ........... ~ 0.90ms
  2025-07-03 18:59:58 /api/consciousness/thinking-status ........... ~ 1.15ms
  2025-07-03 18:59:58 /api/status .................................. ~ 2.70ms
  2025-07-03 18:59:58 /api/status .................................. ~ 1.81ms
  2025-07-03 18:59:59 /api/thoughts/recent ......................... ~ 0.67ms
  2025-07-03 19:00:00 /api/thoughts/recent ......................... ~ 0.23ms
  2025-07-03 19:00:05 /api/status .................................. ~ 0.29ms
  2025-07-03 19:00:06 /api/status .................................. ~ 0.11ms
  2025-07-03 19:00:07 /api/consciousness/thinking-status ........... ~ 0.11ms
  2025-07-03 19:00:09 /api/consciousness/thinking-status ........... ~ 0.15ms
  2025-07-03 19:00:30 /api/status .................................. ~ 0.94ms
  2025-07-03 19:00:31 /api/status .................................. ~ 0.24ms
  2025-07-03 19:00:31 /api/thoughts/recent ......................... ~ 0.12ms
  2025-07-03 19:00:31 /api/thoughts/recent ......................... ~ 1.07ms
  2025-07-03 19:00:31 /api/consciousness/thinking-status ........... ~ 1.03ms
  2025-07-03 19:00:31 /api/consciousness/thinking-status ........... ~ 0.61ms
  2025-07-03 19:00:40 /api/status .................................. ~ 0.92ms
  2025-07-03 19:00:41 /api/status .................................. ~ 2.08ms
  2025-07-03 19:00:46 /api/consciousness/thinking-status ........... ~ 0.97ms
  2025-07-03 19:00:47 /api/consciousness/thinking-status ........... ~ 0.22ms
  2025-07-03 19:00:50 /api/status .................................. ~ 0.22ms
  2025-07-03 19:00:51 /api/thoughts/recent ......................... ~ 0.18ms
  2025-07-03 19:00:52 /api/thoughts/recent ......................... ~ 0.14ms
  2025-07-03 19:00:52 /api/status .................................. ~ 0.06ms
  2025-07-03 19:01:00 /api/status .................................. ~ 0.86ms
  2025-07-03 19:01:01 /api/consciousness/thinking-status ........... ~ 0.29ms
  2025-07-03 19:01:02 /api/consciousness/thinking-status ........... ~ 0.22ms
  2025-07-03 19:01:02 /api/status .................................. ~ 0.10ms
  2025-07-03 19:01:10 /api/status .................................. ~ 0.86ms
  2025-07-03 19:01:11 /api/thoughts/recent ......................... ~ 0.30ms
  2025-07-03 19:01:12 /api/thoughts/recent ......................... ~ 0.11ms
  2025-07-03 19:01:12 /api/status .................................. ~ 0.51ms
  2025-07-03 19:01:16 /api/consciousness/thinking-status ........... ~ 0.20ms
  2025-07-03 19:01:17 /api/consciousness/thinking-status ........... ~ 0.38ms
  2025-07-03 19:01:20 /api/status .................................. ~ 0.22ms
  2025-07-03 19:01:22 /api/status .................................. ~ 0.27ms
  2025-07-03 19:01:30 /api/status .................................. ~ 0.28ms
  2025-07-03 19:01:31 /api/thoughts/recent ......................... ~ 1.09ms
  2025-07-03 19:01:31 /api/consciousness/thinking-status ........... ~ 0.07ms
  2025-07-03 19:01:32 /api/thoughts/recent ......................... ~ 0.23ms
  2025-07-03 19:01:33 /api/consciousness/thinking-status ........... ~ 0.27ms
  2025-07-03 19:01:34 /api/status .................................. ~ 0.55ms
  2025-07-03 19:01:40 /api/status .................................. ~ 0.80ms
  2025-07-03 19:01:44 /api/status .................................. ~ 0.58ms
  2025-07-03 19:01:47 /api/consciousness/thinking-status ........... ~ 0.97ms
  2025-07-03 19:01:49 /api/consciousness/thinking-status ........... ~ 0.18ms
  2025-07-03 19:01:51 /api/status .................................. ~ 0.42ms
  2025-07-03 19:01:52 /api/thoughts/recent ......................... ~ 0.19ms
  2025-07-03 19:01:53 /api/thoughts/recent ......................... ~ 0.76ms
  2025-07-03 19:01:55 /api/status .................................. ~ 0.85ms
  2025-07-03 19:02:01 /api/status .................................. ~ 0.36ms
  2025-07-03 19:02:02 /api/consciousness/thinking-status ........... ~ 0.11ms
  2025-07-03 19:02:04 /api/consciousness/thinking-status ........... ~ 0.09ms
  2025-07-03 19:02:05 /api/status .................................. ~ 0.14ms
  2025-07-03 19:02:06 /api/hello ................................. ~ 505.45ms
  2025-07-03 19:02:11 /api/status .................................. ~ 0.41ms
  2025-07-03 19:02:12 /api/thoughts/recent ....................... ~ 502.30ms
  2025-07-03 19:02:13 /api/thoughts/recent ......................... ~ 0.09ms
  2025-07-03 19:02:15 /api/status .................................. ~ 0.49ms
  2025-07-03 19:02:17 /api/consciousness/thinking-status ........... ~ 0.24ms
  2025-07-03 19:02:19 /api/consciousness/thinking-status ........... ~ 0.10ms
  2025-07-03 19:02:26 /api/status .................................. ~ 0.96ms
  2025-07-03 19:02:26 /api/status .................................. ~ 2.53ms
  2025-07-03 19:02:31 /api/status .................................. ~ 0.15ms
  2025-07-03 19:02:32 /api/thoughts/recent ......................... ~ 0.26ms
  2025-07-03 19:02:32 /api/consciousness/thinking-status ........... ~ 0.13ms
  2025-07-03 19:02:33 /api/thoughts/recent ......................... ~ 0.24ms
  2025-07-03 19:02:34 /api/consciousness/thinking-status ........... ~ 0.80ms
  2025-07-03 19:02:35 /api/status .................................. ~ 0.08ms
  2025-07-03 19:02:41 /api/status .................................. ~ 0.31ms
  2025-07-03 19:02:45 /api/status .................................. ~ 0.48ms
  2025-07-03 19:02:48 /api/consciousness/thinking-status ........... ~ 0.15ms
  2025-07-03 19:02:50 /api/consciousness/thinking-status ........... ~ 0.83ms
  2025-07-03 19:02:52 /api/status .................................. ~ 0.23ms
  2025-07-03 19:02:53 /api/thoughts/recent ......................... ~ 0.42ms
  2025-07-03 19:02:54 /api/thoughts/recent ......................... ~ 0.27ms
  2025-07-03 19:02:56 /api/status .................................. ~ 0.42ms
  2025-07-03 19:03:02 /api/status .................................. ~ 0.44ms
  2025-07-03 19:03:03 /api/consciousness/thinking-status ........... ~ 0.10ms
  2025-07-03 19:03:05 /api/consciousness/thinking-status ........... ~ 0.27ms
  2025-07-03 19:03:06 /api/status .................................. ~ 2.69ms
  2025-07-03 19:03:12 /api/status .................................. ~ 0.12ms
  2025-07-03 19:03:13 /api/thoughts/recent ......................... ~ 0.26ms
  2025-07-03 19:03:14 /api/thoughts/recent ......................... ~ 0.10ms
  2025-07-03 19:03:16 /api/status .................................. ~ 0.39ms
  2025-07-03 19:03:18 /api/consciousness/thinking-status ........... ~ 0.36ms
  2025-07-03 19:03:20 /api/consciousness/thinking-status ........... ~ 0.13ms
  2025-07-03 19:03:22 /api/status .................................. ~ 1.12ms
  2025-07-03 19:03:26 /api/status .................................. ~ 0.14ms
  2025-07-03 19:03:32 /api/status .................................. ~ 0.20ms
  2025-07-03 19:03:33 /api/thoughts/recent ......................... ~ 0.14ms
  2025-07-03 19:03:33 /api/consciousness/thinking-status ........... ~ 0.07ms
  2025-07-03 19:03:34 /api/thoughts/recent ......................... ~ 0.60ms
  2025-07-03 19:03:35 /api/consciousness/thinking-status ........... ~ 0.23ms
  2025-07-03 19:03:36 /api/status .................................. ~ 0.19ms
  2025-07-03 19:03:42 /api/status .................................. ~ 0.26ms
  2025-07-03 19:03:46 /api/status .................................. ~ 0.42ms
  2025-07-03 19:03:48 /api/consciousness/thinking-status ........... ~ 0.13ms
  2025-07-03 19:03:50 /api/consciousness/thinking-status ........... ~ 0.16ms
  2025-07-03 19:03:52 /api/status .................................. ~ 0.11ms
  2025-07-03 19:03:53 /api/thoughts/recent ......................... ~ 0.29ms
  2025-07-03 19:03:54 /api/thoughts/recent ......................... ~ 0.20ms
  2025-07-03 19:03:56 /api/status .................................. ~ 0.13ms
  2025-07-03 19:04:03 /api/status .................................. ~ 0.38ms
  2025-07-03 19:04:04 /api/consciousness/thinking-status ......... ~ 504.44ms
  2025-07-03 19:04:06 /api/consciousness/thinking-status ......... ~ 505.51ms
  2025-07-03 19:04:07 /api/status ................................ ~ 500.70ms
  2025-07-03 19:04:13 /api/status .................................. ~ 0.59ms
  2025-07-03 19:04:14 /api/thoughts/recent ......................... ~ 0.24ms
  2025-07-03 19:04:15 /api/thoughts/recent ......................... ~ 0.24ms
  2025-07-03 19:04:17 /api/status .................................. ~ 0.17ms
  2025-07-03 19:04:19 /api/consciousness/thinking-status ........... ~ 0.28ms
  2025-07-03 19:04:21 /api/consciousness/thinking-status ........... ~ 0.70ms
  2025-07-03 19:04:23 /api/status .................................. ~ 0.24ms
  2025-07-03 19:04:28 /api/status .................................. ~ 0.59ms
  2025-07-03 19:04:33 /api/status .................................. ~ 0.46ms
  2025-07-03 19:04:34 /api/thoughts/recent ......................... ~ 1.33ms
  2025-07-03 19:04:34 /api/consciousness/thinking-status ........... ~ 0.12ms
  2025-07-03 19:04:35 /api/thoughts/recent ......................... ~ 0.23ms
  2025-07-03 19:04:36 /api/consciousness/thinking-status ........... ~ 0.09ms
  2025-07-03 19:04:38 /api/status .................................. ~ 0.28ms
  2025-07-03 19:04:43 /api/status .................................. ~ 0.19ms
  2025-07-03 19:04:48 /api/status .................................. ~ 1.31ms
  2025-07-03 19:04:49 /api/consciousness/thinking-status ........... ~ 0.29ms
  2025-07-03 19:04:51 /api/consciousness/thinking-status ........... ~ 0.44ms
  2025-07-03 19:04:53 /api/status .................................. ~ 0.58ms
  2025-07-03 19:04:54 /api/thoughts/recent ......................... ~ 0.12ms
  2025-07-03 19:04:55 /api/thoughts/recent ......................... ~ 0.55ms
  2025-07-03 19:04:58 /api/status .................................. ~ 0.17ms
  2025-07-03 19:05:03 /api/status .................................. ~ 0.31ms
  2025-07-03 19:05:05 /api/consciousness/thinking-status ........... ~ 0.56ms
  2025-07-03 19:05:12 /api/consciousness/thinking-status ........... ~ 1.41ms
  2025-07-03 19:05:12 /api/status .................................. ~ 2.01ms
  2025-07-03 19:05:14 /api/status .................................. ~ 0.17ms
  2025-07-03 19:05:15 /api/thoughts/recent ......................... ~ 0.19ms
  2025-07-03 19:05:16 /api/thoughts/recent ......................... ~ 0.16ms
  2025-07-03 19:05:19 /api/status .................................. ~ 0.27ms
  2025-07-03 19:05:20 /api/consciousness/thinking-status ........... ~ 0.23ms
  2025-07-03 19:05:22 /api/consciousness/thinking-status ........... ~ 0.17ms
  2025-07-03 19:05:24 /api/status .................................. ~ 1.33ms
  2025-07-03 19:05:29 /api/status .................................. ~ 0.22ms
  2025-07-03 19:05:34 /api/status .................................. ~ 0.75ms
  2025-07-03 19:05:35 /api/thoughts/recent ......................... ~ 0.21ms
  2025-07-03 19:05:35 /api/consciousness/thinking-status ........... ~ 1.03ms
  2025-07-03 19:05:36 /api/thoughts/recent ......................... ~ 0.17ms
  2025-07-03 19:05:37 /api/consciousness/thinking-status ........... ~ 0.13ms
  2025-07-03 19:05:39 /api/status .................................. ~ 0.17ms
  2025-07-03 19:05:44 /api/status .................................. ~ 0.16ms
  2025-07-03 19:05:49 /api/status .................................. ~ 0.38ms
  2025-07-03 19:05:50 /api/consciousness/thinking-status ........... ~ 0.16ms
  2025-07-03 19:05:52 /api/consciousness/thinking-status ........... ~ 0.11ms
  2025-07-03 19:05:54 /api/status .................................. ~ 0.12ms
  2025-07-03 19:05:55 /api/thoughts/recent ......................... ~ 0.25ms
  2025-07-03 19:05:56 /api/thoughts/recent ......................... ~ 0.12ms
  2025-07-03 19:05:59 /api/status ................................ ~ 505.26ms
  2025-07-03 19:06:09 /api/status .................................. ~ 0.09ms
  2025-07-03 19:06:09 /api/consciousness/thinking-status ......... ~ 505.67ms
  2025-07-03 19:06:09 /api/consciousness/thinking-status ......... ~ 506.42ms
  2025-07-03 19:06:09 /api/status .................................. ~ 0.74ms
  2025-07-03 19:06:14 /api/status .................................. ~ 0.33ms
  2025-07-03 19:06:15 /api/thoughts/recent ....................... ~ 504.16ms
  2025-07-03 19:06:16 /api/thoughts/recent ....................... ~ 505.64ms
  2025-07-03 19:06:19 /api/status .................................. ~ 0.10ms
  2025-07-03 19:06:20 /api/consciousness/thinking-status ......... ~ 506.47ms
  2025-07-03 19:06:22 /api/consciousness/thinking-status ......... ~ 506.38ms
  2025-07-03 19:06:24 /api/status .................................. ~ 0.08ms
  2025-07-03 19:06:29 /api/status .................................. ~ 0.37ms
  2025-07-03 19:06:34 /api/status .................................. ~ 0.10ms
  2025-07-03 19:06:35 /api/thoughts/recent ......................... ~ 0.11ms
  2025-07-03 19:06:35 /api/consciousness/thinking-status ......... ~ 505.45ms
  2025-07-03 19:06:36 /api/thoughts/recent ......................... ~ 0.13ms
  2025-07-03 19:06:37 /api/consciousness/thinking-status ........... ~ 0.10ms
  2025-07-03 19:06:40 /api/status ................................ ~ 506.19ms
  2025-07-03 19:06:45 /api/status .................................. ~ 0.15ms
  2025-07-03 19:06:50 /api/status .................................. ~ 0.24ms
  2025-07-03 19:06:51 /api/consciousness/thinking-status ........... ~ 0.13ms
  2025-07-03 19:06:53 /api/consciousness/thinking-status ........... ~ 0.12ms
  2025-07-03 19:06:55 /api/status .................................. ~ 0.11ms
  2025-07-03 19:06:56 /api/thoughts/recent ......................... ~ 0.08ms
  2025-07-03 19:06:57 /api/thoughts/recent ......................... ~ 0.08ms
  2025-07-03 19:07:00 /api/status ................................ ~ 505.82ms
  2025-07-03 19:07:05 /api/status .................................. ~ 0.13ms
  2025-07-03 19:07:06 /api/consciousness/thinking-status ........... ~ 0.12ms
  2025-07-03 19:07:08 /api/consciousness/thinking-status ........... ~ 0.14ms
  2025-07-03 19:07:10 /api/status .................................. ~ 0.13ms
  2025-07-03 19:07:15 /api/status .................................. ~ 0.32ms
  2025-07-03 19:07:16 /api/thoughts/recent ......................... ~ 0.14ms
  2025-07-03 19:07:17 /api/thoughts/recent ......................... ~ 0.18ms
  2025-07-03 19:07:20 /api/status .................................. ~ 0.09ms
  2025-07-03 19:07:21 /api/consciousness/thinking-status ........... ~ 0.11ms
  2025-07-03 19:07:23 /api/consciousness/thinking-status ........... ~ 0.42ms
  2025-07-03 19:07:25 /api/status .................................. ~ 0.16ms
  2025-07-03 19:07:30 /api/status .................................. ~ 0.30ms
  2025-07-03 19:07:40 /api/status .................................. ~ 0.53ms
  2025-07-03 19:07:40 /api/thoughts/recent ....................... ~ 507.85ms
  2025-07-03 19:07:40 /api/consciousness/thinking-status ......... ~ 508.19ms
  2025-07-03 19:07:40 /api/thoughts/recent ......................... ~ 2.34ms
  2025-07-03 19:07:40 /api/consciousness/thinking-status ........... ~ 1.43ms
  2025-07-03 19:07:40 /api/status .................................. ~ 0.78ms
  2025-07-03 19:07:45 /api/status ................................ ~ 506.57ms
  2025-07-03 19:07:50 /api/status .................................. ~ 0.11ms
  2025-07-03 19:07:51 /api/consciousness/thinking-status ......... ~ 505.12ms
  2025-07-03 19:07:53 /api/consciousness/thinking-status ........... ~ 0.50ms
  2025-07-03 19:07:55 /api/status ................................ ~ 501.20ms
  2025-07-03 19:07:56 /api/thoughts/recent ....................... ~ 505.28ms
  2025-07-03 19:07:57 /api/thoughts/recent ....................... ~ 500.95ms
  2025-07-03 19:08:00 /api/status ................................ ~ 505.42ms
  2025-07-03 19:08:05 /api/status ................................ ~ 505.98ms
  2025-07-03 19:08:06 /api/consciousness/thinking-status ........... ~ 0.23ms
  2025-07-03 19:08:08 /api/consciousness/thinking-status ......... ~ 503.70ms
  2025-07-03 19:08:10 /api/status ................................ ~ 503.88ms
  2025-07-03 19:08:15 /api/status ................................ ~ 508.15ms
  2025-07-03 19:08:16 /api/thoughts/recent ......................... ~ 0.45ms
  2025-07-03 19:08:17 /api/thoughts/recent ......................... ~ 0.20ms
  2025-07-03 19:08:20 /api/status .................................. ~ 0.31ms
  2025-07-03 19:08:22 /api/consciousness/thinking-status ........... ~ 0.79ms
  2025-07-03 19:08:24 /api/consciousness/thinking-status ........... ~ 0.23ms
  2025-07-03 19:08:27 /api/status .................................. ~ 0.28ms
  2025-07-03 19:08:31 /api/status .................................. ~ 0.23ms
  2025-07-03 19:08:37 /api/status .................................. ~ 0.52ms
  2025-07-03 19:08:37 /api/thoughts/recent ......................... ~ 0.13ms
  2025-07-03 19:08:37 /api/consciousness/thinking-status ........... ~ 1.04ms
  2025-07-03 19:08:38 /api/thoughts/recent ......................... ~ 0.25ms
  2025-07-03 19:08:39 /api/consciousness/thinking-status ........... ~ 0.27ms
  2025-07-03 19:08:41 /api/status .................................. ~ 0.25ms
  2025-07-03 19:08:47 /api/status .................................. ~ 0.97ms
  2025-07-03 19:08:51 /api/status .................................. ~ 0.51ms
  2025-07-03 19:08:52 /api/consciousness/thinking-status ........... ~ 0.13ms
  2025-07-03 19:08:54 /api/consciousness/thinking-status ......... ~ 505.31ms
  2025-07-03 19:08:57 /api/thoughts/recent ......................... ~ 0.28ms
  2025-07-03 19:08:57 /api/status .................................. ~ 1.22ms
  2025-07-03 19:08:58 /api/thoughts/recent ......................... ~ 0.52ms
  2025-07-03 19:09:01 /api/status .................................. ~ 0.10ms
  2025-07-03 19:09:07 /api/consciousness/thinking-status ........... ~ 0.53ms
  2025-07-03 19:09:07 /api/status .................................. ~ 0.06ms
  2025-07-03 19:09:09 /api/consciousness/thinking-status ........... ~ 0.20ms
  2025-07-03 19:09:11 /api/status .................................. ~ 0.25ms
  2025-07-03 19:09:18 /api/thoughts/recent ......................... ~ 1.20ms
  2025-07-03 19:09:19 /api/status .................................. ~ 0.13ms
  2025-07-03 19:09:20 /api/thoughts/recent ......................... ~ 0.10ms
  2025-07-03 19:09:21 /api/status .................................. ~ 0.13ms
  2025-07-03 19:09:22 /api/consciousness/thinking-status ........... ~ 0.10ms
  2025-07-03 19:09:24 /api/consciousness/thinking-status ........... ~ 0.31ms
  2025-07-03 19:09:29 /api/status .................................. ~ 0.17ms
  2025-07-03 19:09:31 /api/status .................................. ~ 0.20ms
  2025-07-03 19:09:37 /api/consciousness/thinking-status ........... ~ 0.56ms
  2025-07-03 19:09:38 /api/thoughts/recent ......................... ~ 0.14ms
  2025-07-03 19:09:39 /api/consciousness/thinking-status ........... ~ 0.85ms
  2025-07-03 19:09:39 /api/status .................................. ~ 0.05ms
  2025-07-03 19:09:40 /api/thoughts/recent ......................... ~ 0.12ms
  2025-07-03 19:09:41 /api/status .................................. ~ 0.18ms
  2025-07-03 19:09:50 /api/status .................................. ~ 0.56ms
  2025-07-03 19:09:52 /api/status .................................. ~ 0.18ms
  2025-07-03 19:09:53 /api/consciousness/thinking-status ........... ~ 0.19ms
  2025-07-03 19:09:55 /api/consciousness/thinking-status ........... ~ 0.14ms
  2025-07-03 19:09:59 /api/thoughts/recent ......................... ~ 0.98ms
  2025-07-03 19:10:00 /api/status .................................. ~ 0.12ms
  2025-07-03 19:10:01 /api/thoughts/recent ......................... ~ 0.13ms
  2025-07-03 19:10:02 /api/status .................................. ~ 0.21ms
  2025-07-03 19:10:08 /api/consciousness/thinking-status ........... ~ 1.22ms
  2025-07-03 19:10:10 /api/consciousness/thinking-status ........... ~ 0.15ms
  2025-07-03 19:10:10 /api/status .................................. ~ 0.08ms
  2025-07-03 19:10:12 /api/status .................................. ~ 0.10ms
  2025-07-03 19:10:19 /api/thoughts/recent ......................... ~ 0.58ms
  2025-07-03 19:10:20 /api/status .................................. ~ 0.10ms
  2025-07-03 19:10:21 /api/thoughts/recent ......................... ~ 0.18ms
  2025-07-03 19:10:22 /api/status .................................. ~ 0.16ms
  2025-07-03 19:10:23 /api/consciousness/thinking-status ........... ~ 0.09ms
  2025-07-03 19:10:25 /api/consciousness/thinking-status ........... ~ 0.67ms
  2025-07-03 19:10:35 /api/status .................................. ~ 1.09ms
  2025-07-03 19:10:35 /api/status .................................. ~ 0.08ms
  2025-07-03 19:10:38 /api/consciousness/thinking-status ........... ~ 0.42ms
  2025-07-03 19:10:39 /api/thoughts/recent ......................... ~ 0.17ms
  2025-07-03 19:10:41 /api/consciousness/thinking-status ........... ~ 0.29ms
  2025-07-03 19:10:41 /api/status .................................. ~ 0.98ms
  2025-07-03 19:10:42 /api/thoughts/recent ......................... ~ 0.33ms
  2025-07-03 19:10:43 /api/status .................................. ~ 0.21ms
  2025-07-03 19:10:51 /api/status .................................. ~ 0.75ms
  2025-07-03 19:10:53 /api/consciousness/thinking-status ........... ~ 0.14ms
  2025-07-03 19:10:53 /api/status .................................. ~ 0.51ms
  2025-07-03 19:10:56 /api/consciousness/thinking-status ........... ~ 0.15ms
  2025-07-03 19:10:59 /api/thoughts/recent ......................... ~ 0.14ms
  2025-07-03 19:11:01 /api/status .................................. ~ 0.16ms
  2025-07-03 19:11:02 /api/thoughts/recent ......................... ~ 0.24ms
  2025-07-03 19:11:03 /api/status .................................. ~ 0.09ms
  2025-07-03 19:11:08 /api/consciousness/thinking-status ........... ~ 0.13ms
  2025-07-03 19:11:11 /api/consciousness/thinking-status ........... ~ 0.27ms
  2025-07-03 19:11:11 /api/status ................................ ~ 502.76ms
  2025-07-03 19:11:13 /api/status .................................. ~ 0.11ms
  2025-07-03 19:11:18 /api/consciousness/thinking-status ........... ~ 0.58ms
  2025-07-03 19:11:20 /api/thoughts/recent ......................... ~ 0.12ms
  2025-07-03 19:11:22 /api/status .................................. ~ 0.11ms
  2025-07-03 19:11:23 /api/thoughts/recent ......................... ~ 0.12ms
  2025-07-03 19:11:24 /api/consciousness/thinking-status ......... ~ 504.18ms
  2025-07-03 19:11:24 /api/status .................................. ~ 0.05ms
  2025-07-03 19:11:27 /api/consciousness/thinking-status ......... ~ 501.43ms
  2025-07-03 19:11:32 /api/status .................................. ~ 0.20ms
  2025-07-03 19:11:34 /api/status .................................. ~ 0.19ms
  2025-07-03 19:11:39 /api/consciousness/thinking-status ........... ~ 0.11ms
  2025-07-03 19:11:40 /api/thoughts/recent ......................... ~ 0.13ms
  2025-07-03 19:11:42 /api/consciousness/thinking-status ........... ~ 0.09ms
  2025-07-03 19:11:42 /api/status .................................. ~ 0.05ms
  2025-07-03 19:11:43 /api/thoughts/recent ......................... ~ 0.10ms
  2025-07-03 19:11:44 /api/status .................................. ~ 0.11ms
  2025-07-03 19:11:52 /api/status .................................. ~ 0.30ms
  2025-07-03 19:11:52 /api/consciousness/start ................... ~ 505.18ms
  2025-07-03 19:11:54 /api/consciousness/thinking-status ........... ~ 0.11ms
  2025-07-03 19:11:54 /api/status .................................. ~ 0.39ms
  2025-07-03 19:11:57 /api/consciousness/thinking-status ......... ~ 505.30ms
  2025-07-03 19:12:00 /api/thoughts/recent ......................... ~ 0.19ms
  2025-07-03 19:12:02 /api/status ................................ ~ 505.36ms
  2025-07-03 19:12:03 /api/thoughts/recent ......................... ~ 0.14ms
  2025-07-03 19:12:04 /api/status .................................. ~ 0.12ms
  2025-07-03 19:12:09 /api/consciousness/thinking-status ........... ~ 1.05ms
  2025-07-03 19:12:12 /api/consciousness/thinking-status ........... ~ 0.12ms
  2025-07-03 19:12:12 /api/status .................................. ~ 0.06ms
  2025-07-03 19:12:14 /api/status .................................. ~ 0.16ms
  2025-07-03 19:12:20 /api/thoughts/recent ......................... ~ 1.70ms
  2025-07-03 19:12:22 /api/status .................................. ~ 0.23ms
  2025-07-03 19:12:23 /api/thoughts/recent ......................... ~ 0.14ms
  2025-07-03 19:12:24 /api/consciousness/thinking-status ........... ~ 0.13ms
  2025-07-03 19:12:24 /api/status .................................. ~ 0.06ms
  2025-07-03 19:12:27 /api/consciousness/thinking-status ........... ~ 0.64ms
  2025-07-03 19:12:32 /api/status .................................. ~ 0.99ms
  2025-07-03 19:12:34 /api/status .................................. ~ 0.10ms
  2025-07-03 19:12:39 /api/consciousness/thinking-status ........... ~ 1.06ms
  2025-07-03 19:12:40 /api/thoughts/recent ......................... ~ 0.09ms
  2025-07-03 19:12:42 /api/consciousness/thinking-status ........... ~ 0.09ms
  2025-07-03 19:12:43 /api/status .................................. ~ 0.14ms
  2025-07-03 19:12:43 /api/thoughts/recent ......................... ~ 0.07ms
  2025-07-03 19:12:44 /api/status .................................. ~ 0.12ms
  2025-07-03 19:12:54 /api/status .................................. ~ 1.05ms
  2025-07-03 19:12:55 /api/consciousness/thinking-status ........... ~ 0.13ms
  2025-07-03 19:12:55 /api/status .................................. ~ 0.06ms
  2025-07-03 19:12:58 /api/consciousness/thinking-status ........... ~ 0.11ms
  2025-07-03 19:13:01 /api/thoughts/recent ......................... ~ 0.99ms
  2025-07-03 19:13:04 /api/thoughts/recent ......................... ~ 0.10ms
  2025-07-03 19:13:04 /api/status .................................. ~ 0.07ms
  2025-07-03 19:13:05 /api/status .................................. ~ 0.07ms
  2025-07-03 19:13:10 /api/consciousness/thinking-status ........... ~ 0.97ms
  2025-07-03 19:13:13 /api/consciousness/thinking-status ........... ~ 0.13ms
  2025-07-03 19:13:14 /api/status .................................. ~ 0.95ms
  2025-07-03 19:13:15 /api/status .................................. ~ 0.25ms
  2025-07-03 19:13:21 /api/thoughts/recent ......................... ~ 1.16ms
  2025-07-03 19:13:24 /api/thoughts/recent ......................... ~ 0.13ms
  2025-07-03 19:13:24 /api/status .................................. ~ 0.05ms
  2025-07-03 19:13:25 /api/consciousness/thinking-status ........... ~ 0.19ms
  2025-07-03 19:13:25 /api/status .................................. ~ 0.05ms
  2025-07-03 19:13:28 /api/consciousness/thinking-status ........... ~ 0.58ms
  2025-07-03 19:13:34 /api/status .................................. ~ 0.72ms
  2025-07-03 19:13:35 /api/status .................................. ~ 0.26ms
  2025-07-03 19:13:40 /api/consciousness/thinking-status ........... ~ 0.24ms
  2025-07-03 19:13:41 /api/thoughts/recent ......................... ~ 0.18ms
  2025-07-03 19:13:43 /api/consciousness/thinking-status ........... ~ 1.26ms
  2025-07-03 19:13:44 /api/thoughts/recent ......................... ~ 0.69ms
  2025-07-03 19:13:44 /api/status .................................. ~ 2.36ms
  2025-07-03 19:13:45 /api/status .................................. ~ 0.55ms
  2025-07-03 19:13:54 /api/status .................................. ~ 1.80ms
  2025-07-03 19:13:55 /api/consciousness/thinking-status ........... ~ 0.24ms
  2025-07-03 19:13:55 /api/status .................................. ~ 0.10ms
  2025-07-03 19:13:58 /api/consciousness/thinking-status ........... ~ 0.39ms
  2025-07-03 19:14:01 /api/thoughts/recent ......................... ~ 0.91ms
  2025-07-03 19:14:04 /api/thoughts/recent ......................... ~ 0.29ms
  2025-07-03 19:14:04 /api/status .................................. ~ 1.28ms
  2025-07-03 19:14:05 /api/status .................................. ~ 0.21ms
  2025-07-03 19:14:11 /api/consciousness/thinking-status ........... ~ 0.41ms
  2025-07-03 19:14:14 /api/consciousness/thinking-status ........... ~ 0.24ms
  2025-07-03 19:14:15 /api/status .................................. ~ 0.25ms
  2025-07-03 19:14:16 /api/status .................................. ~ 0.20ms
  2025-07-03 19:14:22 /api/thoughts/recent ......................... ~ 1.25ms
  2025-07-03 19:14:25 /api/thoughts/recent ......................... ~ 0.20ms
  2025-07-03 19:14:25 /api/status .................................. ~ 0.12ms
  2025-07-03 19:14:26 /api/consciousness/thinking-status ........... ~ 0.15ms
  2025-07-03 19:14:26 /api/status .................................. ~ 0.55ms
  2025-07-03 19:14:29 /api/consciousness/thinking-status ........... ~ 0.84ms
  2025-07-03 19:14:35 /api/status .................................. ~ 0.51ms
  2025-07-03 19:14:36 /api/status .................................. ~ 0.20ms
  2025-07-03 19:14:41 /api/consciousness/thinking-status ........... ~ 0.14ms
  2025-07-03 19:14:42 /api/thoughts/recent ......................... ~ 0.48ms
  2025-07-03 19:14:44 /api/consciousness/thinking-status ........... ~ 0.15ms
  2025-07-03 19:14:45 /api/thoughts/recent ......................... ~ 0.11ms
  2025-07-03 19:14:45 /api/status .................................. ~ 0.57ms
  2025-07-03 19:14:46 /api/status .................................. ~ 0.13ms
  2025-07-03 19:14:55 /api/status .................................. ~ 0.37ms
  2025-07-03 19:14:56 /api/consciousness/thinking-status ......... ~ 506.43ms
  2025-07-03 19:14:56 /api/status ................................ ~ 507.97ms
  2025-07-03 19:14:59 /api/consciousness/thinking-status ........... ~ 0.62ms
  2025-07-03 19:15:02 /api/thoughts/recent ......................... ~ 0.40ms
  2025-07-03 19:15:05 /api/thoughts/recent ......................... ~ 0.55ms
  2025-07-03 19:15:05 /api/status .................................. ~ 2.61ms
  2025-07-03 19:15:06 /api/status .................................. ~ 1.33ms
  2025-07-03 19:15:11 /api/consciousness/thinking-status ........... ~ 0.59ms
  2025-07-03 19:15:14 /api/consciousness/thinking-status ........... ~ 0.56ms
  2025-07-03 19:15:15 /api/status .................................. ~ 0.56ms
  2025-07-03 19:15:16 /api/status .................................. ~ 0.52ms
  2025-07-03 19:15:22 /api/thoughts/recent ......................... ~ 1.26ms
  2025-07-03 19:15:25 /api/thoughts/recent ......................... ~ 0.63ms
  2025-07-03 19:15:25 /api/status .................................. ~ 2.65ms
  2025-07-03 19:15:26 /api/consciousness/thinking-status ........... ~ 0.55ms
  2025-07-03 19:15:27 /api/status .................................. ~ 0.57ms
  2025-07-03 19:15:30 /api/consciousness/thinking-status ........... ~ 0.70ms
  2025-07-03 19:15:36 /api/status .................................. ~ 0.80ms
  2025-07-03 19:15:38 /api/status .................................. ~ 0.25ms
  2025-07-03 19:15:42 /api/consciousness/thinking-status ........... ~ 5.65ms
  2025-07-03 19:15:43 /api/thoughts/recent ......................... ~ 0.22ms
  2025-07-03 19:15:45 /api/consciousness/thinking-status ........... ~ 0.46ms
  2025-07-03 19:15:46 /api/thoughts/recent ......................... ~ 0.12ms
  2025-07-03 19:15:46 /api/status .................................. ~ 0.53ms
  2025-07-03 19:15:48 /api/status .................................. ~ 0.58ms
  2025-07-03 19:15:56 /api/status .................................. ~ 0.66ms
  2025-07-03 19:15:57 /api/consciousness/thinking-status ........... ~ 0.40ms
  2025-07-03 19:15:58 /api/status .................................. ~ 0.37ms
  2025-07-03 19:16:05 /api/thoughts/recent ......................... ~ 1.26ms
  2025-07-03 19:16:05 /api/consciousness/thinking-status ........... ~ 1.79ms
  2025-07-03 19:16:06 /api/thoughts/recent ......................... ~ 0.51ms
  2025-07-03 19:16:06 /api/status .................................. ~ 0.15ms
  2025-07-03 19:16:08 /api/status .................................. ~ 0.14ms
  2025-07-03 19:16:17 /api/consciousness/thinking-status ........... ~ 0.39ms
  2025-07-03 19:16:17 /api/consciousness/thinking-status ........... ~ 0.64ms
  2025-07-03 19:16:17 /api/status .................................. ~ 0.29ms
  2025-07-03 19:16:18 /api/status .................................. ~ 0.38ms
  2025-07-03 19:16:23 /api/thoughts/recent ......................... ~ 0.61ms
  2025-07-03 19:16:26 /api/thoughts/recent ......................... ~ 0.18ms
  2025-07-03 19:16:26 /api/status .................................. ~ 0.61ms
  2025-07-03 19:16:27 /api/consciousness/thinking-status ........... ~ 0.25ms
  2025-07-03 19:16:28 /api/status .................................. ~ 0.48ms
  2025-07-03 19:16:30 /api/consciousness/thinking-status ........... ~ 0.36ms
  2025-07-03 19:16:36 /api/status .................................. ~ 0.47ms
  2025-07-03 19:16:38 /api/status .................................. ~ 0.09ms
  2025-07-03 19:16:42 /api/consciousness/thinking-status ........... ~ 0.94ms
  2025-07-03 19:16:43 /api/thoughts/recent ......................... ~ 0.18ms
  2025-07-03 19:16:45 /api/consciousness/thinking-status ........... ~ 0.45ms
  2025-07-03 19:16:46 /api/thoughts/recent ......................... ~ 0.10ms
  2025-07-03 19:16:46 /api/status .................................. ~ 0.04ms
  2025-07-03 19:16:49 /api/status .................................. ~ 0.38ms
  2025-07-03 19:16:57 /api/status .................................. ~ 1.15ms
  2025-07-03 19:16:58 /api/consciousness/thinking-status ........... ~ 0.24ms
  2025-07-03 19:16:59 /api/status .................................. ~ 0.19ms
  2025-07-03 19:17:01 /api/consciousness/thinking-status ........... ~ 0.25ms
  2025-07-03 19:17:04 /api/thoughts/recent ......................... ~ 1.05ms
  2025-07-03 19:17:07 /api/thoughts/recent ......................... ~ 0.10ms
  2025-07-03 19:17:07 /api/status .................................. ~ 0.04ms
  2025-07-03 19:17:09 /api/status .................................. ~ 0.13ms
  2025-07-03 19:17:13 /api/consciousness/thinking-status ........... ~ 0.18ms
  2025-07-03 19:17:16 /api/consciousness/thinking-status ........... ~ 0.55ms
  2025-07-03 19:17:17 /api/status .................................. ~ 0.18ms
  2025-07-03 19:17:19 /api/status ................................ ~ 505.21ms
  2025-07-03 19:17:24 /api/thoughts/recent ......................... ~ 0.33ms
  2025-07-03 19:17:27 /api/thoughts/recent ......................... ~ 0.11ms
  2025-07-03 19:17:27 /api/status .................................. ~ 0.07ms
  2025-07-03 19:17:28 /api/consciousness/thinking-status ........... ~ 0.16ms
  2025-07-03 19:17:29 /api/status .................................. ~ 0.19ms
  2025-07-03 19:17:31 /api/consciousness/thinking-status ........... ~ 0.33ms
  2025-07-03 19:17:37 /api/status .................................. ~ 0.30ms
  2025-07-03 19:17:39 /api/status .................................. ~ 0.20ms
  2025-07-03 19:17:43 /api/consciousness/thinking-status ........... ~ 0.36ms
  2025-07-03 19:17:44 /api/thoughts/recent ......................... ~ 0.11ms
  2025-07-03 19:17:46 /api/consciousness/thinking-status ........... ~ 0.11ms
  2025-07-03 19:17:47 /api/thoughts/recent ......................... ~ 0.11ms
  2025-07-03 19:17:47 /api/status .................................. ~ 0.06ms
  2025-07-03 19:17:49 /api/status .................................. ~ 0.27ms
  2025-07-03 19:17:57 /api/status ................................ ~ 507.24ms
  2025-07-03 19:17:58 /api/consciousness/thinking-status ........... ~ 0.16ms
  2025-07-03 19:17:59 /api/status .................................. ~ 0.26ms
  2025-07-03 19:18:01 /api/consciousness/thinking-status ........... ~ 0.56ms
  2025-07-03 19:18:04 /api/thoughts/recent ......................... ~ 0.27ms
  2025-07-03 19:18:07 /api/thoughts/recent ......................... ~ 0.23ms
  2025-07-03 19:18:07 /api/status .................................. ~ 1.20ms
  2025-07-03 19:18:09 /api/status .................................. ~ 1.19ms
  2025-07-03 19:18:13 /api/consciousness/thinking-status ........... ~ 1.60ms
  2025-07-03 19:18:16 /api/consciousness/thinking-status ........... ~ 0.10ms
  2025-07-03 19:18:17 /api/status .................................. ~ 0.38ms
  2025-07-03 19:18:20 /api/status .................................. ~ 0.89ms
  2025-07-03 19:18:25 /api/thoughts/recent ......................... ~ 0.35ms
  2025-07-03 19:18:28 /api/thoughts/recent ......................... ~ 0.94ms
  2025-07-03 19:18:28 /api/status .................................. ~ 1.91ms
  2025-07-03 19:18:29 /api/consciousness/thinking-status ........... ~ 0.12ms
  2025-07-03 19:18:30 /api/status .................................. ~ 0.19ms
  2025-07-03 19:18:32 /api/consciousness/thinking-status ........... ~ 2.15ms
  2025-07-03 19:18:38 /api/status .................................. ~ 0.82ms
  2025-07-03 19:18:40 /api/status .................................. ~ 0.41ms
  2025-07-03 19:18:44 /api/consciousness/thinking-status ........... ~ 0.68ms
  2025-07-03 19:18:45 /api/thoughts/recent ......................... ~ 0.23ms
  2025-07-03 19:18:47 /api/consciousness/thinking-status ........... ~ 0.94ms
  2025-07-03 19:18:48 /api/thoughts/recent ......................... ~ 0.31ms
  2025-07-03 19:18:48 /api/status .................................. ~ 0.17ms
  2025-07-03 19:18:50 /api/status .................................. ~ 0.25ms
  2025-07-03 19:18:58 /api/status .................................. ~ 1.16ms
  2025-07-03 19:18:59 /api/consciousness/thinking-status ........... ~ 0.44ms
  2025-07-03 19:19:00 /api/status .................................. ~ 0.10ms
  2025-07-03 19:19:02 /api/consciousness/thinking-status ........... ~ 2.15ms
  2025-07-03 19:19:05 /api/thoughts/recent ......................... ~ 0.27ms
  2025-07-03 19:19:08 /api/thoughts/recent ......................... ~ 0.62ms
  2025-07-03 19:19:08 /api/status .................................. ~ 0.12ms
  2025-07-03 19:19:10 /api/status .................................. ~ 0.11ms
  2025-07-03 19:19:14 /api/consciousness/thinking-status ........... ~ 1.05ms
  2025-07-03 19:19:17 /api/consciousness/thinking-status ........... ~ 0.25ms
  2025-07-03 19:19:18 /api/status .................................. ~ 0.61ms
  2025-07-03 19:19:20 /api/status .................................. ~ 0.25ms
  2025-07-03 19:19:25 /api/thoughts/recent ......................... ~ 0.15ms
  2025-07-03 19:19:28 /api/thoughts/recent ......................... ~ 0.19ms
  2025-07-03 19:19:28 /api/status .................................. ~ 0.07ms
  2025-07-03 19:19:29 /api/consciousness/thinking-status ........... ~ 0.12ms
  2025-07-03 19:19:30 /api/status .................................. ~ 0.60ms
  2025-07-03 19:19:32 /api/consciousness/thinking-status ........... ~ 0.33ms
  2025-07-03 19:19:38 /api/status .................................. ~ 0.26ms
  2025-07-03 19:19:40 /api/status .................................. ~ 0.57ms
  2025-07-03 19:19:45 /api/consciousness/thinking-status ........... ~ 1.36ms
  2025-07-03 19:19:46 /api/thoughts/recent ......................... ~ 0.22ms
  2025-07-03 19:19:48 /api/consciousness/thinking-status ........... ~ 0.16ms
  2025-07-03 19:19:49 /api/thoughts/recent ......................... ~ 0.15ms
  2025-07-03 19:19:49 /api/status .................................. ~ 0.07ms
  2025-07-03 19:19:51 /api/status .................................. ~ 0.93ms
  2025-07-03 19:19:59 /api/status .................................. ~ 0.51ms
  2025-07-03 19:20:00 /api/consciousness/thinking-status ........... ~ 0.18ms
  2025-07-03 19:20:01 /api/status .................................. ~ 0.24ms
  2025-07-03 19:20:03 /api/consciousness/thinking-status ........... ~ 0.22ms
  2025-07-03 19:20:06 /api/thoughts/recent ......................... ~ 0.39ms
  2025-07-03 19:20:09 /api/thoughts/recent ......................... ~ 0.17ms
  2025-07-03 19:20:09 /api/status .................................. ~ 0.96ms
  2025-07-03 19:20:11 /api/status .................................. ~ 0.14ms
  2025-07-03 19:20:15 /api/consciousness/thinking-status ........... ~ 0.22ms
  2025-07-03 19:20:18 /api/consciousness/thinking-status ........... ~ 0.10ms
  2025-07-03 19:20:19 /api/status .................................. ~ 0.14ms
  2025-07-03 19:20:21 /api/status .................................. ~ 0.15ms
  2025-07-03 19:20:26 /api/thoughts/recent ......................... ~ 0.17ms
  2025-07-03 19:20:29 /api/thoughts/recent ......................... ~ 0.09ms
  2025-07-03 19:20:29 /api/status ................................ ~ 506.22ms
  2025-07-03 19:20:30 /api/consciousness/thinking-status ........... ~ 0.70ms
  2025-07-03 19:20:31 /api/status ................................ ~ 504.33ms
  2025-07-03 19:20:33 /api/consciousness/thinking-status ......... ~ 505.18ms
  2025-07-03 19:20:39 /api/status ................................ ~ 505.52ms
  2025-07-03 19:20:41 /api/status ................................ ~ 510.49ms
  2025-07-03 19:20:45 /api/consciousness/thinking-status ......... ~ 506.25ms
  2025-07-03 19:20:51 /api/thoughts/recent ......................... ~ 0.38ms
  2025-07-03 19:20:51 /api/consciousness/thinking-status ........... ~ 0.80ms
  2025-07-03 19:20:51 /api/thoughts/recent ......................... ~ 1.01ms
  2025-07-03 19:20:51 /api/status .................................. ~ 1.37ms
  2025-07-03 19:20:51 /api/status .................................. ~ 1.11ms
  2025-07-03 19:20:59 /api/status .................................. ~ 0.14ms
  2025-07-03 19:21:00 /api/consciousness/thinking-status ........... ~ 0.17ms
  2025-07-03 19:21:01 /api/status .................................. ~ 0.25ms
  2025-07-03 19:21:03 /api/consciousness/thinking-status ........... ~ 0.22ms
  2025-07-03 19:21:06 /api/thoughts/recent ......................... ~ 0.53ms
  2025-07-03 19:21:10 /api/thoughts/recent ......................... ~ 0.22ms
  2025-07-03 19:21:10 /api/status .................................. ~ 0.92ms
  2025-07-03 19:21:12 /api/status .................................. ~ 0.64ms
  2025-07-03 19:21:16 /api/consciousness/thinking-status ........... ~ 0.62ms
  2025-07-03 19:21:19 /api/consciousness/thinking-status ........... ~ 0.15ms
  2025-07-03 19:21:20 /api/status .................................. ~ 0.43ms
  2025-07-03 19:21:22 /api/status .................................. ~ 1.34ms
  2025-07-03 19:21:27 /api/thoughts/recent ......................... ~ 0.42ms
  2025-07-03 19:21:30 /api/thoughts/recent ......................... ~ 0.16ms
  2025-07-03 19:21:30 /api/status .................................. ~ 0.57ms
  2025-07-03 19:21:31 /api/consciousness/thinking-status ........... ~ 0.73ms
  2025-07-03 19:21:32 /api/status .................................. ~ 0.25ms
  2025-07-03 19:21:34 /api/consciousness/thinking-status ........... ~ 0.78ms
  2025-07-03 19:21:40 /api/status .................................. ~ 0.43ms
  2025-07-03 19:21:42 /api/status .................................. ~ 0.10ms
  2025-07-03 19:21:46 /api/consciousness/thinking-status ........... ~ 0.22ms
  2025-07-03 19:21:47 /api/thoughts/recent ......................... ~ 0.37ms
  2025-07-03 19:21:49 /api/consciousness/thinking-status ........... ~ 0.18ms
  2025-07-03 19:21:50 /api/thoughts/recent ......................... ~ 0.26ms
  2025-07-03 19:21:50 /api/status .................................. ~ 2.36ms
  2025-07-03 19:21:52 /api/status .................................. ~ 0.27ms
  2025-07-03 19:22:00 /api/status .................................. ~ 0.24ms
  2025-07-03 19:22:01 /api/consciousness/thinking-status ........... ~ 0.21ms
  2025-07-03 19:22:02 /api/status .................................. ~ 0.83ms
  2025-07-03 19:22:04 /api/consciousness/thinking-status ........... ~ 0.39ms
  2025-07-03 19:22:07 /api/thoughts/recent ......................... ~ 0.20ms
  2025-07-03 19:22:10 /api/thoughts/recent ......................... ~ 0.21ms
  2025-07-03 19:22:10 /api/status .................................. ~ 0.61ms
  2025-07-03 19:22:12 /api/status .................................. ~ 0.20ms
  2025-07-03 19:22:16 /api/consciousness/thinking-status ........... ~ 0.20ms
  2025-07-03 19:22:19 /api/consciousness/thinking-status ........... ~ 0.36ms
  2025-07-03 19:22:20 /api/status .................................. ~ 0.15ms
  2025-07-03 19:22:22 /api/status .................................. ~ 0.11ms
  2025-07-03 19:22:28 /api/thoughts/recent ......................... ~ 1.35ms
  2025-07-03 19:22:31 /api/thoughts/recent ......................... ~ 0.23ms
  2025-07-03 19:22:31 /api/status .................................. ~ 1.08ms
  2025-07-03 19:22:32 /api/consciousness/thinking-status ........... ~ 0.20ms
  2025-07-03 19:22:33 /api/status .................................. ~ 1.08ms
  2025-07-03 19:22:35 /api/consciousness/thinking-status ........... ~ 0.16ms
  2025-07-03 19:22:41 /api/status .................................. ~ 1.71ms
  2025-07-03 19:22:43 /api/status .................................. ~ 0.18ms
  2025-07-03 19:22:47 /api/consciousness/thinking-status ........... ~ 0.29ms
  2025-07-03 19:22:48 /api/thoughts/recent ......................... ~ 0.09ms
  2025-07-03 19:22:50 /api/consciousness/thinking-status ........... ~ 0.13ms
  2025-07-03 19:22:51 /api/thoughts/recent ......................... ~ 0.11ms
  2025-07-03 19:22:51 /api/status .................................. ~ 0.06ms
  2025-07-03 19:22:53 /api/status ................................ ~ 505.51ms
  2025-07-03 19:23:01 /api/status ................................ ~ 501.71ms
  2025-07-03 19:23:03 /api/consciousness/thinking-status ......... ~ 507.23ms
  2025-07-03 19:23:03 /api/status .................................. ~ 0.29ms
  2025-07-03 19:23:05 /api/consciousness/thinking-status ......... ~ 506.26ms
  2025-07-03 19:23:08 /api/thoughts/recent ......................... ~ 0.56ms
  2025-07-03 19:23:11 /api/thoughts/recent ....................... ~ 504.84ms
  2025-07-03 19:23:11 /api/status ................................ ~ 506.12ms
  2025-07-03 19:23:13 /api/status ................................ ~ 506.25ms
  2025-07-03 19:23:18 /api/consciousness/thinking-status ........... ~ 0.96ms
  2025-07-03 19:23:20 /api/consciousness/thinking-status ........... ~ 0.71ms
  2025-07-03 19:23:21 /api/status ................................ ~ 504.42ms
  2025-07-03 19:23:23 /api/status .................................. ~ 0.63ms
  2025-07-03 19:23:28 /api/thoughts/recent ......................... ~ 1.20ms
  2025-07-03 19:23:31 /api/thoughts/recent ......................... ~ 0.45ms
  2025-07-03 19:23:31 /api/status .................................. ~ 0.29ms
  2025-07-03 19:23:33 /api/consciousness/thinking-status ........... ~ 0.67ms
  2025-07-03 19:23:33 /api/status .................................. ~ 2.35ms
  2025-07-03 19:23:35 /api/consciousness/thinking-status ........... ~ 0.52ms
  2025-07-03 19:23:41 /api/status .................................. ~ 0.68ms
  2025-07-03 19:23:44 /api/status .................................. ~ 0.20ms
  2025-07-03 19:23:49 /api/thoughts/recent ......................... ~ 0.67ms
  2025-07-03 19:23:49 /api/consciousness/thinking-status ........... ~ 2.29ms
  2025-07-03 19:23:51 /api/consciousness/thinking-status ........... ~ 0.20ms
  2025-07-03 19:23:52 /api/thoughts/recent ......................... ~ 0.26ms
  2025-07-03 19:23:52 /api/status .................................. ~ 1.23ms
  2025-07-03 19:23:54 /api/status .................................. ~ 0.80ms
  2025-07-03 19:24:02 /api/status .................................. ~ 0.18ms
  2025-07-03 19:24:04 /api/consciousness/thinking-status ........... ~ 0.19ms
  2025-07-03 19:24:04 /api/status .................................. ~ 0.88ms
  2025-07-03 19:24:06 /api/consciousness/thinking-status ........... ~ 0.25ms
  2025-07-03 19:24:09 /api/thoughts/recent ......................... ~ 1.02ms
  2025-07-03 19:24:12 /api/thoughts/recent ......................... ~ 0.58ms
  2025-07-03 19:24:12 /api/status .................................. ~ 1.54ms
  2025-07-03 19:24:14 /api/status .................................. ~ 0.26ms
  2025-07-03 19:24:19 /api/consciousness/thinking-status ........... ~ 0.26ms
  2025-07-03 19:24:21 /api/consciousness/thinking-status ........... ~ 0.17ms
  2025-07-03 19:24:22 /api/status .................................. ~ 0.11ms
  2025-07-03 19:24:24 /api/status .................................. ~ 0.23ms
  2025-07-03 19:24:29 /api/thoughts/recent ......................... ~ 1.05ms
  2025-07-03 19:24:32 /api/thoughts/recent ......................... ~ 1.44ms
  2025-07-03 19:24:32 /api/status .................................. ~ 1.91ms
  2025-07-03 19:24:34 /api/consciousness/thinking-status ........... ~ 0.60ms
  2025-07-03 19:24:34 /api/status .................................. ~ 1.44ms
  2025-07-03 19:24:36 /api/consciousness/thinking-status ........... ~ 0.23ms
  2025-07-03 19:24:42 /api/status .................................. ~ 1.41ms
  2025-07-03 19:24:44 /api/status .................................. ~ 0.22ms
  2025-07-03 19:24:49 /api/thoughts/recent ......................... ~ 0.19ms
  2025-07-03 19:24:50 /api/consciousness/thinking-status ........... ~ 0.21ms
  2025-07-03 19:24:52 /api/consciousness/thinking-status ........... ~ 0.18ms
  2025-07-03 19:24:52 /api/thoughts/recent ......................... ~ 0.07ms
  2025-07-03 19:24:53 /api/status .................................. ~ 0.21ms
  2025-07-03 19:24:54 /api/status .................................. ~ 0.18ms
  2025-07-03 19:25:03 /api/status .................................. ~ 0.65ms
  2025-07-03 19:25:04 /api/status .................................. ~ 0.13ms
  2025-07-03 19:25:05 /api/consciousness/thinking-status ........... ~ 0.12ms
  2025-07-03 19:25:07 /api/consciousness/thinking-status ........... ~ 0.16ms
  2025-07-03 19:25:10 /api/thoughts/recent ......................... ~ 0.14ms
  2025-07-03 19:25:13 /api/thoughts/recent ......................... ~ 0.99ms
  2025-07-03 19:25:14 /api/status .................................. ~ 0.20ms
  2025-07-03 19:25:15 /api/status .................................. ~ 0.25ms
  2025-07-03 19:25:21 /api/consciousness/thinking-status ........... ~ 1.00ms
  2025-07-03 19:25:23 /api/consciousness/thinking-status ........... ~ 0.14ms
  2025-07-03 19:25:24 /api/status .................................. ~ 0.15ms
  2025-07-03 19:25:25 /api/status .................................. ~ 0.13ms
  2025-07-03 19:25:30 /api/thoughts/recent ......................... ~ 1.16ms
  2025-07-03 19:25:33 /api/thoughts/recent ......................... ~ 0.18ms
  2025-07-03 19:25:34 /api/status .................................. ~ 0.22ms
  2025-07-03 19:25:35 /api/status .................................. ~ 0.15ms
  2025-07-03 19:25:37 /api/consciousness/thinking-status ........... ~ 0.10ms
  2025-07-03 19:25:38 /api/consciousness/thinking-status ........... ~ 0.97ms
  2025-07-03 19:25:44 /api/status .................................. ~ 0.16ms
  2025-07-03 19:25:45 /api/status .................................. ~ 0.12ms
  2025-07-03 19:25:50 /api/thoughts/recent ......................... ~ 1.09ms
  2025-07-03 19:25:57 /api/thoughts/recent ......................... ~ 0.44ms
  2025-07-03 19:25:57 /api/consciousness/thinking-status ........... ~ 1.01ms
  2025-07-03 19:25:57 /api/consciousness/thinking-status ........... ~ 1.22ms
  2025-07-03 19:25:57 /api/status .................................. ~ 1.46ms
  2025-07-03 19:25:57 /api/status .................................. ~ 1.95ms
  2025-07-03 19:26:04 /api/status .................................. ~ 0.30ms
  2025-07-03 19:26:05 /api/status .................................. ~ 0.51ms
  2025-07-03 19:26:07 /api/consciousness/thinking-status ........... ~ 0.09ms
  2025-07-03 19:26:08 /api/consciousness/thinking-status ........... ~ 0.09ms
  2025-07-03 19:26:10 /api/thoughts/recent ......................... ~ 0.11ms
  2025-07-03 19:26:13 /api/thoughts/recent ......................... ~ 0.36ms
  2025-07-03 19:26:14 /api/status .................................. ~ 0.16ms
  2025-07-03 19:26:15 /api/status .................................. ~ 0.16ms
  2025-07-03 19:26:27 /api/consciousness/thinking-status ........... ~ 0.11ms
  2025-07-03 19:26:27 /api/consciousness/thinking-status ........... ~ 0.42ms
  2025-07-03 19:26:27 /api/status .................................. ~ 0.35ms
  2025-07-03 19:26:27 /api/status .................................. ~ 0.66ms
  2025-07-03 19:26:30 /api/thoughts/recent ......................... ~ 0.17ms
  2025-07-03 19:26:33 /api/thoughts/recent ......................... ~ 0.11ms
  2025-07-03 19:26:34 /api/status .................................. ~ 0.23ms
  2025-07-03 19:26:36 /api/status ................................ ~ 506.11ms
  2025-07-03 19:26:38 /api/consciousness/thinking-status ........... ~ 1.00ms
  2025-07-03 19:26:39 /api/consciousness/thinking-status ........... ~ 0.20ms
  2025-07-03 19:26:45 /api/status .................................. ~ 0.58ms
  2025-07-03 19:26:46 /api/status .................................. ~ 0.75ms
  2025-07-03 19:26:51 /api/thoughts/recent ......................... ~ 0.53ms
  2025-07-03 19:26:53 /api/consciousness/thinking-status ........... ~ 0.80ms
  2025-07-03 19:26:54 /api/thoughts/recent ......................... ~ 0.63ms
  2025-07-03 19:26:54 /api/consciousness/thinking-status ........... ~ 3.24ms
  2025-07-03 19:26:55 /api/status .................................. ~ 0.66ms
  2025-07-03 19:26:56 /api/status .................................. ~ 0.23ms
  2025-07-03 19:27:05 /api/status .................................. ~ 1.66ms
  2025-07-03 19:27:06 /api/status .................................. ~ 0.31ms
  2025-07-03 19:27:08 /api/consciousness/thinking-status ........... ~ 0.63ms
  2025-07-03 19:27:09 /api/consciousness/thinking-status ........... ~ 0.31ms
  2025-07-03 19:27:11 /api/thoughts/recent ......................... ~ 0.71ms
  2025-07-03 19:27:14 /api/thoughts/recent ......................... ~ 1.33ms
  2025-07-03 19:27:15 /api/status .................................. ~ 0.23ms
  2025-07-03 19:27:16 /api/status .................................. ~ 0.56ms
  2025-07-03 19:27:23 /api/consciousness/thinking-status ........... ~ 0.97ms
  2025-07-03 19:27:24 /api/consciousness/thinking-status ........... ~ 1.15ms
  2025-07-03 19:27:25 /api/status .................................. ~ 0.16ms
  2025-07-03 19:27:26 /api/status .................................. ~ 0.46ms
  2025-07-03 19:27:31 /api/thoughts/recent ......................... ~ 0.74ms
  2025-07-03 19:27:34 /api/thoughts/recent ......................... ~ 1.04ms
  2025-07-03 19:27:35 /api/status .................................. ~ 0.21ms
  2025-07-03 19:27:36 /api/status .................................. ~ 0.43ms
  2025-07-03 19:27:39 /api/consciousness/thinking-status ........... ~ 0.14ms
  2025-07-03 19:27:40 /api/consciousness/thinking-status ........... ~ 0.39ms
  2025-07-03 19:27:46 /api/status .................................. ~ 0.58ms
  2025-07-03 19:27:47 /api/status .................................. ~ 0.81ms
  2025-07-03 19:27:52 /api/thoughts/recent ......................... ~ 0.61ms
  2025-07-03 19:27:54 /api/consciousness/thinking-status ........... ~ 0.27ms
  2025-07-03 19:27:55 /api/thoughts/recent ......................... ~ 0.08ms
  2025-07-03 19:27:55 /api/consciousness/thinking-status ........... ~ 0.46ms
  2025-07-03 19:27:56 /api/status .................................. ~ 0.25ms
  2025-07-03 19:27:57 /api/status .................................. ~ 0.31ms
  Fatal error: Maximum execution time of 30+2 seconds exceeded (terminated) in /Users/piotradamczyk/Projects/AdamClay/web/routes/api.php on line 386
